centro;nombre_centro;ensena;poblacion;fecha;albaran;referencia;marca;descripcion;unidades;pvp;dto;neto_unitario;neto;devolucion
21;LEGANES;AURGI;LEGANES;2026-08-01;21478;6PK975;GATES;6PK975 MV;1.00;24.63;0.5201;11.82;11.82;No
21;LEGANES;AURGI;LEGANES;2026-08-01;21484;50-08519;TALOSA;BIELETA DEL I/D PEUGEOT 307;2.00;27.99;0.5;14.00;27.99;No
21;LEGANES;AURGI;LEGANES;2026-08-01;21488;HU7032z;MANN-FILTER;(0) F. ACEITE MANN;1.00;15.47;0.6897;4.80;4.80;No
21;LEGANES;AURGI;LEGANES;2026-08-01;21489;C24036;MANN-FILTER;(0) F. AIRE MANN;1.00;30.78;0.6901;9.54;9.54;No
21;LEGANES;AURGI;LEGANES;2026-08-03;21717;WK918/1;MANN-FILTER;(0) F.COMBUS.RENAULT dCi. -09;1.00;59.22;0.69;18.36;18.36;No
21;LEGANES;AURGI;LEGANES;2026-08-03;21788;6120702;GIRLING;PASTILLAS DE FRENO;1.00;99.44;0.73;26.85;26.85;No
21;LEGANES;AURGI;LEGANES;2026-08-03;21882;6040361;GIRLING;JGO. DISCOS DE FRENO;1.00;129.90;0.65;45.47;45.47;No
21;LEGANES;AURGI;LEGANES;2026-08-03;21883;6040361;GIRLING;JGO. DISCOS DE FRENO;1.00;129.90;0.65;45.47;45.47;No
21;LEGANES;AURGI;LEGANES;2026-08-03;21953;21239.02;ROADHOUSE;JGO. PAST.TRAS.HYUNDAI SANTA FE;1.00;69.97;0.705;20.64;20.64;No
21;LEGANES;AURGI;LEGANES;2026-08-03;21984;6324201;GIRLING;CABLE AVISADOR;1.00;8.73;0.3998;5.24;5.24;No
21;LEGANES;AURGI;LEGANES;2026-08-04;22082;477GSP-GK1950;GSP;COJINETE DE RUEDA;1.00;36.84;0.25;27.63;27.63;No
21;LEGANES;AURGI;LEGANES;2026-08-04;22134;C24054;MANN-FILTER;(0) FILTRO AIRE MANN;1.00;34.06;0.69;10.56;10.56;No
21;LEGANES;AURGI;LEGANES;2026-08-04;22135;W716/2;MANN-FILTER;(0) FILTRO ACEITE MANN;1.00;21.72;0.6901;6.73;6.73;No
21;LEGANES;AURGI;LEGANES;2026-08-04;22150;ADN12350;BLUE PRINT;FILTRO DE CARBURANTE;1.00;11.67;0.0797;10.74;10.74;No
21;LEGANES;AURGI;LEGANES;2026-08-04;22192;21718.00;ROADHOUSE;JGO. PASTILLA DELANTERA DACIA LOGAN;1.00;65.58;0.7049;19.35;19.35;No
21;LEGANES;AURGI;LEGANES;2026-08-04;22203;W6025;MANN-FILTER;(0) FILTRO AC. CLIO IV;1.00;17.03;0.69;5.28;5.28;No
21;LEGANES;AURGI;LEGANES;2026-08-04;22242;21580.00;ROADHOUSE;JGO. PASTILLAS FRENO RH;1.00;86.90;0.7049;25.64;25.64;No
21;LEGANES;AURGI;LEGANES;2026-08-04;22243;21628.02;ROADHOUSE;JGO. PAST.  OPEL ASTRA K (06/15-);1.00;70.28;0.705;20.73;20.73;No
21;LEGANES;AURGI;LEGANES;2026-08-04;22249;6135375;GIRLING;PASTILLAS DE FRENO;1.00;62.26;0.73;16.81;16.81;No
21;LEGANES;AURGI;LEGANES;2026-08-04;22250;0986494691;BOSCH;Pastilla freno;1.00;86.50;0.7101;25.08;25.08;No
21;LEGANES;AURGI;LEGANES;2026-08-04;22251;45414;FEBI BILSTEIN;SOPORTE DE MOTOR;1.00;31.28;0.3299;20.96;20.96;No
21;LEGANES;AURGI;LEGANES;2026-08-04;22253;0986479A89;BOSCH;JGO. DISCOS DE FRENO;1.00;288.00;0.6396;103.80;103.80;No
21;LEGANES;AURGI;LEGANES;2026-08-05;22399;WK939/13;MANN-FILTER;(0) F.COMBUS.MAZDA/FORD/VOLVO;1.00;117.03;0.69;36.28;36.28;No
21;LEGANES;AURGI;LEGANES;2026-08-05;22404;;FAG;Kit rueda. Wheel Set;2.00;68.84;0.3;48.19;96.38;No
21;LEGANES;AURGI;LEGANES;2026-08-05;22404;;FAG;Kit rueda. Wheel Set;2.00;53.98;0.3;37.79;75.57;No
21;LEGANES;AURGI;LEGANES;2026-08-05;22408;102WK12009;MANN-FILTER;(0) FILTRO COMBUSTIBLE;1.00;138.91;0.69;43.06;43.06;No
21;LEGANES;AURGI;LEGANES;2026-08-05;22432;6042564;GIRLING;JGO. DISCOS DE FRENO;1.00;129.82;0.65;45.44;45.44;No
21;LEGANES;AURGI;LEGANES;2026-08-05;22461;477GSP-GK1950;GSP;COJINETE DE RUEDA;-1.00;36.84;0.25;27.63;-27.63;Si
21;LEGANES;AURGI;LEGANES;2026-08-05;22461;0986494691;BOSCH;Pastilla freno;-1.00;86.50;0.7101;25.08;-25.08;Si
21;LEGANES;AURGI;LEGANES;2026-08-05;22461;21718.00;ROADHOUSE;JGO. PASTILLA DELANTERA DACIA LOGAN;-1.00;65.58;0.7049;19.35;-19.35;Si
21;LEGANES;AURGI;LEGANES;2026-08-05;22461;CU2544;MANN-FILTER;(*) F.HABIT.;-1.00;50.00;0.62;19.00;-19.00;Si
21;LEGANES;AURGI;LEGANES;2026-08-05;22461;WK918/1;MANN-FILTER;(0) F.COMBUS.RENAULT dCi. -09;-1.00;59.22;0.69;18.36;-18.36;Si
21;LEGANES;AURGI;LEGANES;2026-08-05;22461;C24054;MANN-FILTER;(0) FILTRO AIRE MANN;-1.00;34.06;0.69;10.56;-10.56;Si
21;LEGANES;AURGI;LEGANES;2026-08-05;22461;6040361;GIRLING;JGO. DISCOS DE FRENO;-1.00;129.90;0.65;45.47;-45.47;Si
21;LEGANES;AURGI;LEGANES;2026-08-05;22461;6135375;GIRLING;PASTILLAS DE FRENO;-1.00;62.26;0.73;16.81;-16.81;Si
21;LEGANES;AURGI;LEGANES;2026-08-05;22478;21226.02;ROADHOUSE;JGO. PAST.(D) HYUNDAI SANTA FÉ;1.00;97.89;0.705;28.88;28.88;No
21;LEGANES;AURGI;LEGANES;2026-08-05;22484;3397014179;BOSCH;Juego de raquetas;1.00;60.21;0.5501;27.09;27.09;No
21;LEGANES;AURGI;LEGANES;2026-08-05;22487;0986494559;BOSCH;Pastilla freno;1.00;107.10;0.71;31.06;31.06;No
21;LEGANES;AURGI;LEGANES;2026-08-05;22521;21710.00;ROADHOUSE;JGO. PAST. SEAT LEON;1.00;89.02;0.705;26.26;26.26;No
21;LEGANES;AURGI;LEGANES;2026-08-05;22522;11295929;NGK;Bujía automóvil Laser Iridium;3.00;33.60;0.48;17.47;52.42;No
21;LEGANES;AURGI;LEGANES;2026-08-05;22526;1987435582;BOSCH;Filtro habit carbon act;1.00;79.70;0.6;31.88;31.88;No
21;LEGANES;AURGI;LEGANES;2026-08-06;22544;CU26025-2;MANN-FILTER;(*) FILTRO HABITÁCULO MANN;1.00;19.34;0.62;7.35;7.35;No
21;LEGANES;AURGI;LEGANES;2026-08-06;22590;0986081100;BOSCH;Alternador;1.00;397.76;0.38;246.61;246.61;No
21;LEGANES;AURGI;LEGANES;2026-08-06;22590;0986081100CN;BOSCH;CASCO NUEVO;1.00;100.00;0;100.00;100.00;No
21;LEGANES;AURGI;LEGANES;2026-08-06;22617;040F026400624;BOSCH;Cartucho filtrante aire;1.00;34.95;0.6801;11.18;11.18;No
21;LEGANES;AURGI;LEGANES;2026-08-06;22651;0986080330;BOSCH;Alternador;1.00;273.22;0.38;169.40;169.40;No
21;LEGANES;AURGI;LEGANES;2026-08-06;22651;0986080330CN;BOSCH;CASCO NUEVO;1.00;100.00;0;100.00;100.00;No
21;LEGANES;AURGI;LEGANES;2026-08-06;22656;01635;METALCAUCHO;kit fuelle universal;1.00;11.63;0.3998;6.98;6.98;No
21;LEGANES;AURGI;LEGANES;2026-08-06;22690;65303;NISSENS;RADIADOR VOLKSWAGEN GOLF VII (5G, B;1.00;207.46;0.4;124.48;124.48;No
21;LEGANES;AURGI;LEGANES;2026-08-06;22724;F026400244;BOSCH;Cartucho filtrante aire;1.00;39.20;0.6801;12.54;12.54;No
21;LEGANES;AURGI;LEGANES;2026-08-06;22744;50-02667;TALOSA;BIELETA I/D OPEL ASTRA-ZAFIRA 98-;2.00;21.56;0.5;10.78;21.56;No
21;LEGANES;AURGI;LEGANES;2026-08-06;22744;50-08388;TALOSA;BIELETA OPEL ASTRA-ZAFIRA 98- -META;2.00;22.21;0.5;11.11;22.21;No
21;LEGANES;AURGI;LEGANES;2026-08-06;22749;0986494805;BOSCH;Pastilla freno;1.00;95.45;0.71;27.68;27.68;No
21;LEGANES;AURGI;LEGANES;2026-08-06;22779;0986478979;BOSCH;JGO. DISCOS DE FRENO;1.00;176.00;0.6396;63.43;63.43;No
21;LEGANES;AURGI;LEGANES;2026-08-06;22784;6119263;GIRLING;PASTILLAS DE FRENO;1.00;101.12;0.73;27.30;27.30;No
21;LEGANES;AURGI;LEGANES;2026-08-06;22785;6119263;GIRLING;PASTILLAS DE FRENO;1.00;101.12;0.73;27.30;27.30;No
21;LEGANES;AURGI;LEGANES;2026-08-07;22819;;FAG;Kit rueda. Wheel Set;-2.00;53.98;0.3;37.79;-75.57;Si
21;LEGANES;AURGI;LEGANES;2026-08-07;22819;0986479A89;BOSCH;JGO. DISCOS DE FRENO;-1.00;288.00;0.6396;103.80;-103.80;Si
21;LEGANES;AURGI;LEGANES;2026-08-07;22819;477GSP-9423003K;GSP;COJINETE DE RUEDA;-1.00;73.84;0.25;55.38;-55.38;Si
21;LEGANES;AURGI;LEGANES;2026-08-07;22819;0986080330CV;BOSCH;CASCO VIEJO;-1.00;100.00;0;100.00;-100.00;Si
21;LEGANES;AURGI;LEGANES;2026-08-07;22820;0986081100;BOSCH;Alternador;-1.00;397.76;0.38;246.61;-246.61;Si
21;LEGANES;AURGI;LEGANES;2026-08-07;22820;0986081100CN;BOSCH;CASCO NUEVO;-1.00;100.00;0;100.00;-100.00;Si
21;LEGANES;AURGI;LEGANES;2026-08-07;22820;21710.00;ROADHOUSE;JGO. PAST. SEAT LEON;-1.00;89.02;0.705;26.26;-26.26;Si
21;LEGANES;AURGI;LEGANES;2026-08-07;22821;F026407184;BOSCH;Filtro de aceite;1.00;18.30;0.6798;5.86;5.86;No
21;LEGANES;AURGI;LEGANES;2026-08-07;22830;01635;METALCAUCHO;kit fuelle universal;1.00;11.63;0.3998;6.98;6.98;No
21;LEGANES;AURGI;LEGANES;2026-08-07;22842;0986424846;BOSCH;Pastilla freno;1.00;94.50;0.7101;27.40;27.40;No
21;LEGANES;AURGI;LEGANES;2026-08-07;22855;HU7001X;MANN-FILTER;(0) F.ACEITE HYUNDAI/KIA;1.00;21.41;0.6899;6.64;6.64;No
21;LEGANES;AURGI;LEGANES;2026-08-07;22884;21318.22;ROADHOUSE;JGO. PAST. NISSAN QASHQAI;1.00;78.31;0.705;23.10;23.10;No
21;LEGANES;AURGI;LEGANES;2026-08-07;22894;50-08388;TALOSA;BIELETA OPEL ASTRA-ZAFIRA 98- -META;-2.00;22.21;0.5;11.11;-22.21;Si
21;LEGANES;AURGI;LEGANES;2026-08-07;22939;01635;METALCAUCHO;kit fuelle universal;2.00;11.63;0.3998;6.98;13.96;No
21;LEGANES;AURGI;LEGANES;2026-08-07;22953;003AD5808;AD;DISCO DE FRENO AD;2.00;74.81;0.65;26.18;52.37;No
21;LEGANES;AURGI;LEGANES;2026-08-07;22961;F026400153;BOSCH;Cartucho filtrante aire;1.00;34.70;0.6801;11.10;11.10;No
21;LEGANES;AURGI;LEGANES;2026-08-07;22966;F026400153;BOSCH;Cartucho filtrante aire;-1.00;34.70;0.6801;11.10;-11.10;Si
21;LEGANES;AURGI;LEGANES;2026-08-07;22968;C22009;MANN-FILTER;(0) FITRO AI. LEXUS/TOYOTA AURIS;1.00;35.63;0.6899;11.05;11.05;No
21;LEGANES;AURGI;LEGANES;2026-08-07;22976;0242129512;BOSCH;Bujia antiparasita;4.00;24.30;0.53;11.42;45.68;No
21;LEGANES;AURGI;LEGANES;2026-08-07;22982;0698EH188706-781;HELLA;HELLA BUJIA DE ENCENDIDO YRIDIUM PR;4.00;19.18;0.53;9.01;36.06;No
21;LEGANES;AURGI;LEGANES;2026-08-08;22056;12821887.00;ROADHOUSE;JGO. PAST.RENAULT;1.00;87.90;0.705;25.93;25.93;No
21;LEGANES;AURGI;LEGANES;2026-08-08;22066;01635;METALCAUCHO;kit fuelle universal;2.00;11.63;0.3998;6.98;13.96;No
21;LEGANES;AURGI;LEGANES;2026-08-08;22072;21808.12;ROADHOUSE;JGO. PASTILLAS FRENO;1.00;85.29;0.705;25.16;25.16;No
21;LEGANES;AURGI;LEGANES;2026-08-10;22075;21808.12;ROADHOUSE;JGO. PASTILLAS FRENO;-1.00;85.29;0.705;25.16;-25.16;Si
21;LEGANES;AURGI;LEGANES;2026-08-10;22984;0698EH188706-781;HELLA;HELLA BUJIA DE ENCENDIDO YRIDIUM PR;1.00;19.18;0.5302;9.01;9.01;No
21;LEGANES;AURGI;LEGANES;2026-08-10;23018;21808.12;ROADHOUSE;JGO. PASTILLAS FRENO;1.00;85.29;0.705;25.16;25.16;No
21;LEGANES;AURGI;LEGANES;2026-08-10;23095;F026400517;BOSCH;Cartucho filtrante aire;1.00;37.85;0.6801;12.11;12.11;No
21;LEGANES;AURGI;LEGANES;2026-08-10;23100;24540;SPIDAN;JUMPY/SCUDO/EXPERT 1.8-2.0 LR;1.00;25.20;0.3;17.64;17.64;No
21;LEGANES;AURGI;LEGANES;2026-08-10;23121;CU25003;MANN-FILTER;(*) FILTRO MANN;1.00;29.87;0.62;11.35;11.35;No
21;LEGANES;AURGI;LEGANES;2026-08-10;23126;C2485/1;MANN-FILTER;(0) F.AIRE RENAUL;1.00;28.59;0.6901;8.86;8.86;No
21;LEGANES;AURGI;LEGANES;2026-08-10;23127;C22026;MANN-FILTER;(0) FILTRO AIRE MANN;1.00;31.25;0.6899;9.69;9.69;No
21;LEGANES;AURGI;LEGANES;2026-08-10;23170;50-09965;TALOSA;BIELETA PEUGEOT 206 1998-;2.00;20.87;0.5;10.44;20.87;No
21;LEGANES;AURGI;LEGANES;2026-08-10;23170;03656;METALCAUCHO;botella exp Peug 2061.1-1.4;1.00;22.92;0.4001;13.75;13.75;No
21;LEGANES;AURGI;LEGANES;2026-08-10;23190;154MFF-3E98;MDR;FILTRO DE COMBUSTIBLE;1.00;23.29;0.2499;17.47;17.47;No
21;LEGANES;AURGI;LEGANES;2026-08-10;23199;24540;SPIDAN;JUMPY/SCUDO/EXPERT 1.8-2.0 LR;1.00;25.20;0.3;17.64;17.64;No
21;LEGANES;AURGI;LEGANES;2026-08-10;23210;F026400457;BOSCH;Cartucho filtrante aire;1.00;27.30;0.6799;8.74;8.74;No
21;LEGANES;AURGI;LEGANES;2026-08-11;23223;KF-1466;KAVO PARTS;AMC Filtro Combustible;1.00;11.59;0.2502;8.69;8.69;No
21;LEGANES;AURGI;LEGANES;2026-08-11;23252;1987948482;BOSCH;Correa trap.c.dent.int.;1.00;27.70;0.5;13.85;13.85;No
21;LEGANES;AURGI;LEGANES;2026-08-11;23278;HU6012zKIT;MANN-FILTER;(0) F. ACEITE MANN;1.00;32.50;0.6902;10.07;10.07;No
21;LEGANES;AURGI;LEGANES;2026-08-11;23278;HU6015ZKIT;MANN-FILTER;(0) FILTRO MANN;1.00;30.31;0.6899;9.40;9.40;No
21;LEGANES;AURGI;LEGANES;2026-08-11;23278;F026400360;BOSCH;Cartucho filtrante aire;1.00;51.95;0.6801;16.62;16.62;No
21;LEGANES;AURGI;LEGANES;2026-08-11;23278;CU23015-2;MANN-FILTER;(*) FILTRO HABITAC. MANN;1.00;61.58;0.62;23.40;23.40;No
21;LEGANES;AURGI;LEGANES;2026-08-11;23278;CU23005-2;MANN-FILTER;(*) FILTRO HABITAC. MANN;1.00;48.42;0.62;18.40;18.40;No
21;LEGANES;AURGI;LEGANES;2026-08-11;23278;102WK5015;MANN-FILTER;(0) FILTRO COMBUSTIBLE;1.00;81.56;0.69;25.28;25.28;No
21;LEGANES;AURGI;LEGANES;2026-08-11;23289;C3033;MANN-FILTER;(0) F.AIRE KIA;1.00;22.97;0.69;7.12;7.12;No
21;LEGANES;AURGI;LEGANES;2026-08-11;23289;CU2647;MANN-FILTER;(*) F.HABIT.;1.00;32.11;0.6201;12.20;12.20;No
21;LEGANES;AURGI;LEGANES;2026-08-11;23289;WK854/1;MANN-FILTER;(0) F.COMBUS.FIAT;1.00;35.47;0.6899;11.00;11.00;No
21;LEGANES;AURGI;LEGANES;2026-08-11;23289;W930/26;MANN-FILTER;(0) F.ACEITE HYUNDAI;1.00;32.81;0.69;10.17;10.17;No
21;LEGANES;AURGI;LEGANES;2026-08-11;23296;HU820/2x;MANN-FILTER;(0) FILTRO ACEITE MANN;1.00;33.28;0.6899;10.32;10.32;No
21;LEGANES;AURGI;LEGANES;2026-08-11;23299;0242129512;BOSCH;Bujia antiparasita;-4.00;24.30;0.53;11.42;-45.68;Si
21;LEGANES;AURGI;LEGANES;2026-08-11;23299;6119263;GIRLING;PASTILLAS DE FRENO;-1.00;101.12;0.73;27.30;-27.30;Si
21;LEGANES;AURGI;LEGANES;2026-08-11;23300;6PK1198;GATES;6PK1198 MV;1.00;23.85;0.5199;11.45;11.45;No
21;LEGANES;AURGI;LEGANES;2026-08-11;23345;4PK823;GATES;4PK823 MV;1.00;16.03;0.5203;7.69;7.69;No
21;LEGANES;AURGI;LEGANES;2026-08-11;23351;C30163;MANN-FILTER;(0) F.AIRE OPEL V;1.00;35.63;0.6899;11.05;11.05;No
21;LEGANES;AURGI;LEGANES;2026-08-11;23351;HU923X;MANN-FILTER;(0) F.ACEITE NISSAN;1.00;17.19;0.6899;5.33;5.33;No
21;LEGANES;AURGI;LEGANES;2026-08-11;23362;3430037;KYB;Excel-G CX-3 (DK) [2015] R L/R;2.00;141.60;0.48;73.63;147.26;No
21;LEGANES;AURGI;LEGANES;2026-08-11;23362;0863340323;KYB;Excel-G CX-3 (DK) [2015] F L;1.00;165.81;0.48;86.22;86.22;No
21;LEGANES;AURGI;LEGANES;2026-08-11;23362;0863340322;KYB;Excel-G CX-3 (DK) [2015] F R;1.00;165.81;0.48;86.22;86.22;No
21;LEGANES;AURGI;LEGANES;2026-08-11;23377;F026400360;BOSCH;Cartucho filtrante aire;1.00;51.95;0.6801;16.62;16.62;No
21;LEGANES;AURGI;LEGANES;2026-08-11;23383;6015381;GIRLING;JGO. DISCOS DE FRENO;1.00;153.06;0.65;53.57;53.57;No
21;LEGANES;AURGI;LEGANES;2026-08-11;23395;21783.02;ROADHOUSE;JGO. PAST. HYUNDAI i30/KIA CEED;1.00;106.66;0.705;31.46;31.46;No
21;LEGANES;AURGI;LEGANES;2026-08-11;23398;21808.12;ROADHOUSE;JGO. PASTILLAS FRENO;1.00;85.29;0.705;25.16;25.16;No
21;LEGANES;AURGI;LEGANES;2026-08-11;23401;6015394;GIRLING;JGO. DISCOS DE FRENO;1.00;126.08;0.65;44.13;44.13;No
21;LEGANES;AURGI;LEGANES;2026-08-12;23445;0986479088;BOSCH;JGO. DISCOS DE FRENO;1.00;242.00;0.6396;87.22;87.22;No
21;LEGANES;AURGI;LEGANES;2026-08-12;23465;C2029;MANN-FILTER;(0) F.AIRE HYUNDA;1.00;23.44;0.6898;7.27;7.27;No
21;LEGANES;AURGI;LEGANES;2026-08-12;23497;3397014179;BOSCH;Juego de raquetas;1.00;60.21;0.5501;27.09;27.09;No
21;LEGANES;AURGI;LEGANES;2026-08-12;23515;83660;SPIDAN;FUELLE DE DIRECCION Citroen ZX;2.00;11.85;0.3;8.30;16.59;No
21;LEGANES;AURGI;LEGANES;2026-08-12;23515;01740;METALCAUCHO;kit fuelle cremll Berlingo Izq;2.00;12.16;0.4001;7.29;14.59;No
21;LEGANES;AURGI;LEGANES;2026-08-12;23517;1987474943;BOSCH;Sonda desgaste p.sbb;1.00;13.00;0.45;7.15;7.15;No
21;LEGANES;AURGI;LEGANES;2026-08-12;23517;1987474944;BOSCH;Sonda desgaste p.sbb;1.00;13.80;0.45;7.59;7.59;No
21;LEGANES;AURGI;LEGANES;2026-08-12;23519;F026400517;BOSCH;Cartucho filtrante aire;1.00;37.85;0.6801;12.11;12.11;No
21;LEGANES;AURGI;LEGANES;2026-08-12;23564;HU6006z;MANN-FILTER;(0) FILTRO MANN;1.00;14.06;0.6899;4.36;4.36;No
21;LEGANES;AURGI;LEGANES;2026-08-12;23570;6015394;GIRLING;JGO. DISCOS DE FRENO;1.00;126.08;0.65;44.13;44.13;No
21;LEGANES;AURGI;LEGANES;2026-08-12;23570;6015381;GIRLING;JGO. DISCOS DE FRENO;1.00;153.06;0.65;53.57;53.57;No
21;LEGANES;AURGI;LEGANES;2026-08-13;23618;F026407184;BOSCH;Filtro de aceite;1.00;18.30;0.6798;5.86;5.86;No
21;LEGANES;AURGI;LEGANES;2026-08-13;23618;CU27009;MANN-FILTER;(*) FILTRO MANN;1.00;29.61;0.6201;11.25;11.25;No
21;LEGANES;AURGI;LEGANES;2026-08-13;23632;04850;METALCAUCHO;soporte cambio Fiesta '02;1.00;63.40;0.4;38.04;38.04;No
21;LEGANES;AURGI;LEGANES;2026-08-13;23632;6PK1019SF;GATES;6PK1019SF MV STRETCH FIT;1.00;30.55;0.5201;14.66;14.66;No
21;LEGANES;AURGI;LEGANES;2026-08-13;23641;1987473037;BOSCH;Sonda desgaste p.sbb;1.00;7.00;0.45;3.85;3.85;No
21;LEGANES;AURGI;LEGANES;2026-08-13;23641;0986494739;BOSCH;Pastilla freno;1.00;86.45;0.71;25.07;25.07;No
21;LEGANES;AURGI;LEGANES;2026-08-13;23642;01635;METALCAUCHO;kit fuelle universal;1.00;11.63;0.3998;6.98;6.98;No
21;LEGANES;AURGI;LEGANES;2026-08-13;23651;ADU172533;BLUE PRINT;FILTRO DEL INTERIOR;1.00;11.52;0.0799;10.60;10.60;No
21;LEGANES;AURGI;LEGANES;2026-08-13;23652;40591;FAE;Interruptor de luz marcha atrás;1.00;15.33;0.3001;10.73;10.73;No
21;LEGANES;AURGI;LEGANES;2026-08-13;23665;22106;SPIDAN;FORD FIESTA V 1.4TDCi/ FUSION 1.6 1;1.00;20.70;0.3;14.49;14.49;No
21;LEGANES;AURGI;LEGANES;2026-08-13;23666;ADN18176;BLUE PRINT;JUEGO MANGUITO GUARDAPOLVO EJE;1.00;31.09;0.2499;23.32;23.32;No
21;LEGANES;AURGI;LEGANES;2026-08-13;23674;3397005828;BOSCH;Raqueta limpia-cristales;1.00;11.09;0.55;4.99;4.99;No
21;LEGANES;AURGI;LEGANES;2026-08-13;23716;C2510/1;MANN-FILTER;(0) F.AIRE RENAUL;1.00;31.09;0.6899;9.64;9.64;No
21;LEGANES;AURGI;LEGANES;2026-08-13;23737;068GKNB11077;SPIDAN;Kit Fuelle transmisión;2.00;29.30;0.3;20.51;41.02;No
21;LEGANES;AURGI;LEGANES;2026-08-13;23748;ADU172530;BLUE PRINT;FILTRO DEL INTERIOR;1.00;7.88;0.0799;7.25;7.25;No
21;LEGANES;AURGI;LEGANES;2026-08-14;23762;0986494768;BOSCH;Pastilla freno;1.00;61.50;0.7101;17.83;17.83;No
21;LEGANES;AURGI;LEGANES;2026-08-14;23766;F026400360;BOSCH;Cartucho filtrante aire;-1.00;51.95;0.6801;16.62;-16.62;Si
21;LEGANES;AURGI;LEGANES;2026-08-14;23766;CU23005-2;MANN-FILTER;(*) FILTRO HABITAC. MANN;-1.00;48.42;0.62;18.40;-18.40;Si
21;LEGANES;AURGI;LEGANES;2026-08-14;23766;HU6012zKIT;MANN-FILTER;(0) F. ACEITE MANN;-1.00;32.50;0.6902;10.07;-10.07;Si
21;LEGANES;AURGI;LEGANES;2026-08-14;23766;6015394;GIRLING;JGO. DISCOS DE FRENO;-1.00;126.08;0.65;44.13;-44.13;Si
21;LEGANES;AURGI;LEGANES;2026-08-14;23766;6015381;GIRLING;JGO. DISCOS DE FRENO;-1.00;153.06;0.65;53.57;-53.57;Si
21;LEGANES;AURGI;LEGANES;2026-08-14;23818;0986478618;BOSCH;JGO. DISCOS DE FRENO;1.00;170.00;0.6396;61.27;61.27;No
21;LEGANES;AURGI;LEGANES;2026-08-14;23820;21839.10;ROADHOUSE;JGO. PASTILLAS FRENO;1.00;146.88;0.705;43.33;43.33;No
21;LEGANES;AURGI;LEGANES;2026-08-14;23820;172598;FEBI BILSTEIN;SENSOR DE ABRASION;1.00;4.68;0.3803;2.90;2.90;No
21;LEGANES;AURGI;LEGANES;2026-08-14;23850;CU2418-2;MANN-FILTER;(*) FILTRO HABITACULO MANN;1.00;30.13;0.62;11.45;11.45;No
21;LEGANES;AURGI;LEGANES;2026-08-17;23940;83847;SPIDAN;FUELLE DE DIRECCION RENAULT;1.00;11.85;0.3004;8.29;8.29;No
21;LEGANES;AURGI;LEGANES;2026-08-17;23959;339754;KYB;Excel-G Juke (2010) F R;1.00;109.38;0.48;56.88;56.88;No
21;LEGANES;AURGI;LEGANES;2026-08-17;23959;339755;KYB;Excel-G Juke (2010) F L;1.00;109.38;0.48;56.88;56.88;No
21;LEGANES;AURGI;LEGANES;2026-08-17;23997;21248.10;ROADHOUSE;JGO. PAST.(D) RENAULT GRAND SCENIC;1.00;73.51;0.7049;21.69;21.69;No
21;LEGANES;AURGI;LEGANES;2026-08-17;24003;6061383;GIRLING;JGO. DISCOS DE FRENO;1.00;170.54;0.65;59.69;59.69;No
21;LEGANES;AURGI;LEGANES;2026-08-17;24003;6061394;GIRLING;JGO. DISCOS DE FRENO;1.00;145.14;0.65;50.80;50.80;No
21;LEGANES;AURGI;LEGANES;2026-08-17;24008;0986494528;BOSCH;Pastilla freno;1.00;66.00;0.71;19.14;19.14;No
21;LEGANES;AURGI;LEGANES;2026-08-17;24010;0986021651;BOSCH;Motor de arranque;1.00;150.40;0.38;93.25;93.25;No
21;LEGANES;AURGI;LEGANES;2026-08-17;24010;0986021651CN;BOSCH;CASCO NUEVO;1.00;100.00;0;100.00;100.00;No
21;LEGANES;AURGI;LEGANES;2026-08-17;24025;003AD6308;AD;DISCO DE FRENO AD;2.00;78.21;0.65;27.37;54.75;No
21;LEGANES;AURGI;LEGANES;2026-08-17;24026;0986479763;BOSCH;JGO. DISCOS DE FRENO;1.00;167.00;0.6396;60.19;60.19;No
21;LEGANES;AURGI;LEGANES;2026-08-17;24039;0986494090;BOSCH;Pastilla freno;1.00;51.45;0.71;14.92;14.92;No
21;LEGANES;AURGI;LEGANES;2026-08-17;24040;3397004631;BOSCH;Raqueta limpia-cristales;1.00;13.49;0.55;6.07;6.07;No
21;LEGANES;AURGI;LEGANES;2026-08-17;24065;0986479362;BOSCH;JGO. DISCOS DE FRENO;1.00;198.50;0.6396;71.54;71.54;No
21;LEGANES;AURGI;LEGANES;2026-08-17;24065;6064711;GIRLING;JGO. DISCOS DE FRENO;1.00;193.68;0.65;67.79;67.79;No
21;LEGANES;AURGI;LEGANES;2026-08-17;24073;173TH6273.87J;CALORSTAT BY VERNET;Termostato Vernet;1.00;23.48;0.2798;16.91;16.91;No
21;LEGANES;AURGI;LEGANES;2026-08-17;24078;1987473544;BOSCH;Sonda desgaste p.sbb;1.00;21.05;0.4499;11.58;11.58;No
21;LEGANES;AURGI;LEGANES;2026-08-18;24088;215538180004;PSH;Alternador BMW 180A;1.00;389.11;0.37;245.14;245.14;No
21;LEGANES;AURGI;LEGANES;2026-08-18;24094;0986494090;BOSCH;Pastilla freno;1.00;51.45;0.71;14.92;14.92;No
21;LEGANES;AURGI;LEGANES;2026-08-18;24095;0986494090;BOSCH;Pastilla freno;1.00;51.45;0.71;14.92;14.92;No
21;LEGANES;AURGI;LEGANES;2026-08-18;24133;0986494768;BOSCH;Pastilla freno;1.00;61.50;0.7101;17.83;17.83;No
21;LEGANES;AURGI;LEGANES;2026-08-18;24145;WK69/2;MANN-FILTER;(0) FILTRO COMBUST.SEAT/AUDI/VW;1.00;50.47;0.6899;15.65;15.65;No
21;LEGANES;AURGI;LEGANES;2026-08-18;24151;6133321;GIRLING;PASTILLAS DE FRENO;1.00;52.41;0.73;14.15;14.15;No
21;LEGANES;AURGI;LEGANES;2026-08-18;24180;01740;METALCAUCHO;kit fuelle cremll Berlingo Izq;-1.00;12.16;0.3997;7.30;-7.30;Si
21;LEGANES;AURGI;LEGANES;2026-08-18;24180;0986479763;BOSCH;JGO. DISCOS DE FRENO;-1.00;167.00;0.6396;60.19;-60.19;Si
21;LEGANES;AURGI;LEGANES;2026-08-18;24180;HU6015ZKIT;MANN-FILTER;(0) FILTRO MANN;-1.00;30.31;0.6899;9.40;-9.40;Si
21;LEGANES;AURGI;LEGANES;2026-08-18;24180;ADN18176;BLUE PRINT;JUEGO MANGUITO GUARDAPOLVO EJE;-1.00;31.09;0.2499;23.32;-23.32;Si
21;LEGANES;AURGI;LEGANES;2026-08-18;24180;6061383;GIRLING;JGO. DISCOS DE FRENO;-1.00;170.54;0.65;59.69;-59.69;Si
21;LEGANES;AURGI;LEGANES;2026-08-18;24180;6061394;GIRLING;JGO. DISCOS DE FRENO;-1.00;145.14;0.65;50.80;-50.80;Si
21;LEGANES;AURGI;LEGANES;2026-08-18;24181;83660;SPIDAN;FUELLE DE DIRECCION Citroen ZX;-1.00;11.85;0.3004;8.29;-8.29;Si
21;LEGANES;AURGI;LEGANES;2026-08-18;24200;;PURFLUX;FILTER DIESEL FUEL CS618 PFX BOX;1.00;51.31;0.6001;20.52;20.52;No
21;LEGANES;AURGI;LEGANES;2026-08-18;24216;0986424418;BOSCH;Pastilla freno;1.00;53.95;0.7099;15.65;15.65;No
21;LEGANES;AURGI;LEGANES;2026-08-18;24229;21209.02;ROADHOUSE;JGO. PAST.HYUNDAI ACCENT/KIA RIO;1.00;73.06;0.705;21.55;21.55;No
21;LEGANES;AURGI;LEGANES;2026-08-18;24231;0986479173;BOSCH;JGO. DISCOS DE FRENO;1.00;220.00;0.6396;79.29;79.29;No
21;LEGANES;AURGI;LEGANES;2026-08-18;24249;6027861;GIRLING;JGO. DISCOS DE FRENO;1.00;166.04;0.65;58.11;58.11;No
21;LEGANES;AURGI;LEGANES;2026-08-18;24264;102C20906;MANN-FILTER;(0) FILTRO AIRE;1.00;28.44;0.6899;8.82;8.82;No
21;LEGANES;AURGI;LEGANES;2026-08-18;24264;0401987435156;BOSCH;Filtro de habitaculo;1.00;21.10;0.6;8.44;8.44;No
21;LEGANES;AURGI;LEGANES;2026-08-18;24282;03571;METALCAUCHO;guia varilla VW-Seat;1.00;4.57;0.4004;2.74;2.74;No
21;LEGANES;AURGI;LEGANES;2026-08-19;24358;0986424818;BOSCH;Pastilla freno;-1.00;67.75;0.71;19.65;-19.65;Si
21;LEGANES;AURGI;LEGANES;2026-08-19;24358;0986494090;BOSCH;Pastilla freno;-1.00;51.45;0.71;14.92;-14.92;Si
21;LEGANES;AURGI;LEGANES;2026-08-19;24358;0986494090;BOSCH;Pastilla freno;-1.00;51.45;0.71;14.92;-14.92;Si
21;LEGANES;AURGI;LEGANES;2026-08-19;24358;0986494768;BOSCH;Pastilla freno;-1.00;61.50;0.7101;17.83;-17.83;Si
21;LEGANES;AURGI;LEGANES;2026-08-19;24358;0986494528;BOSCH;Pastilla freno;-1.00;66.00;0.71;19.14;-19.14;Si
21;LEGANES;AURGI;LEGANES;2026-08-19;24358;3397004631;BOSCH;Raqueta limpia-cristales;-1.00;13.49;0.55;6.07;-6.07;Si
21;LEGANES;AURGI;LEGANES;2026-08-19;24358;22106;SPIDAN;FORD FIESTA V 1.4TDCi/ FUSION 1.6 1;-1.00;20.70;0.3;14.49;-14.49;Si
21;LEGANES;AURGI;LEGANES;2026-08-19;24358;0698EH188706-781;HELLA;HELLA BUJIA DE ENCENDIDO YRIDIUM PR;-1.00;19.18;0.5302;9.01;-9.01;Si
21;LEGANES;AURGI;LEGANES;2026-08-19;24359;021ADBP250060;BLUE PRINT;FILTRO DE HABITACULO;-1.00;7.30;0.0795;6.72;-6.72;Si
21;LEGANES;AURGI;LEGANES;2026-08-19;24359;C24017;MANN-FILTER;(0) FILTRO MANN;-1.00;31.72;0.6901;9.83;-9.83;Si
21;LEGANES;AURGI;LEGANES;2026-08-19;24360;0986021651CV;BOSCH;CASCO VIEJO;-1.00;100.00;0;100.00;-100.00;Si
21;LEGANES;AURGI;LEGANES;2026-08-19;24411;C24036;MANN-FILTER;(0) F. AIRE MANN;1.00;30.78;0.6901;9.54;9.54;No
21;LEGANES;AURGI;LEGANES;2026-08-19;24422;0986424418;BOSCH;Pastilla freno;-1.00;53.95;0.7099;15.65;-15.65;Si
21;LEGANES;AURGI;LEGANES;2026-08-19;24426;6134619;GIRLING;PASTILLAS DE FRENO;1.00;83.29;0.73;22.49;22.49;No
21;LEGANES;AURGI;LEGANES;2026-08-19;24427;0986424818;BOSCH;Pastilla freno;1.00;67.75;0.71;19.65;19.65;No
21;LEGANES;AURGI;LEGANES;2026-08-19;24427;T;TEXTO;TEXTO;1.00;0;0;0.00;0.00;No
21;LEGANES;AURGI;LEGANES;2026-08-19;24446;6061085;GIRLING;(1) DISCO DE FRENO;2.00;99.84;0.65;34.94;69.89;No
21;LEGANES;AURGI;LEGANES;2026-08-19;24452;6PK1195;GATES;6PK1195 MV;1.00;33.05;0.5201;15.86;15.86;No
21;LEGANES;AURGI;LEGANES;2026-08-19;24469;6061234;GIRLING;JGO. DISCOS DE FRENO;1.00;135.08;0.65;47.28;47.28;No
21;LEGANES;AURGI;LEGANES;2026-08-19;24479;6DPK1195;GATES;6DPK1195 MV UNIQUE FIT;1.00;42.40;0.52;20.35;20.35;No
21;LEGANES;AURGI;LEGANES;2026-08-19;24481;3225-00051;GATES;FL4X15 FUEL HOSE 4MMX15M;2.00;8.32;0.2302;6.40;12.81;No
21;LEGANES;AURGI;LEGANES;2026-08-19;24481;3225-00050;GATES;FL3.2X15 FUEL HOSE 3.2MMX15M;2.00;7.98;0.2299;6.15;12.29;No
21;LEGANES;AURGI;LEGANES;2026-08-19;24482;0250403002;BOSCH;Bujia de espiga;4.00;30.30;0.53;14.24;56.96;No
21;LEGANES;AURGI;LEGANES;2026-08-20;24491;0250403002;BOSCH;Bujia de espiga;3.00;30.30;0.53;14.24;42.72;No
21;LEGANES;AURGI;LEGANES;2026-08-20;24496;8ET 009 149-191;HELLA;CAUDALIMETRO HYUNDAI KIA;1.00;202.73;0.5;101.37;101.37;No
21;LEGANES;AURGI;LEGANES;2026-08-20;24497;6DPK1188;GATES;6DPK1188 MV UNIQUE FIT;1.00;53.20;0.5199;25.54;25.54;No
21;LEGANES;AURGI;LEGANES;2026-08-20;24516;2987.00;ROADHOUSE;JGO. PAST. NISSAN MICRA 1.2i 16V,1.;1.00;61.39;0.705;18.11;18.11;No
21;LEGANES;AURGI;LEGANES;2026-08-20;24550;0250403002;BOSCH;Bujia de espiga;1.00;30.30;0.53;14.24;14.24;No
21;LEGANES;AURGI;LEGANES;2026-08-20;24557;3397014215;BOSCH;Juego de raquetas;1.00;43.54;0.5501;19.59;19.59;No
21;LEGANES;AURGI;LEGANES;2026-08-20;24558;003AD6546;AD;DISCO DE FRENO AD;2.00;106.03;0.65;37.11;74.22;No
21;LEGANES;AURGI;LEGANES;2026-08-20;24558;003P050168;AD;JGO. PASTILLAS FRENO AD;1.00;40.64;0.5;20.32;20.32;No
21;LEGANES;AURGI;LEGANES;2026-08-20;24559;3397014215;BOSCH;Juego de raquetas;1.00;43.54;0.5501;19.59;19.59;No
21;LEGANES;AURGI;LEGANES;2026-08-20;24559;CU25012;MANN-FILTER;(*) F. HABITAC. MANN;1.00;18.82;0.6201;7.15;7.15;No
21;LEGANES;AURGI;LEGANES;2026-08-20;24570;6041101;GIRLING;JGO. DISCOS DE FRENO;1.00;180.10;0.65;63.04;63.04;No
21;LEGANES;AURGI;LEGANES;2026-08-20;24571;C37107;MANN-FILTER;(0) F.AIRE DAIMLE;1.00;28.91;0.6901;8.96;8.96;No
21;LEGANES;AURGI;LEGANES;2026-08-20;24600;003AD6737;AD;DISCO DE FRENO AD;2.00;117.29;0.65;41.05;82.10;No
21;LEGANES;AURGI;LEGANES;2026-08-20;24629;2987.00;ROADHOUSE;JGO. PAST. NISSAN MICRA 1.2i 16V,1.;1.00;61.39;0.705;18.11;18.11;No
21;LEGANES;AURGI;LEGANES;2026-08-20;24635;C27021;MANN-FILTER;(0) F. AIRE MANN;1.00;28.44;0.6899;8.82;8.82;No
21;LEGANES;AURGI;LEGANES;2026-08-20;24642;0986494722;BOSCH;Pastilla freno;1.00;75.65;0.71;21.94;21.94;No
21;LEGANES;AURGI;LEGANES;2026-08-20;24650;0986494954;BOSCH;Pastilla freno;1.00;82.80;0.71;24.01;24.01;No
21;LEGANES;AURGI;LEGANES;2026-08-20;24662;;FAG;Kit rueda. Wheel Set;1.00;81.07;0.3;56.75;56.75;No
21;LEGANES;AURGI;LEGANES;2026-08-20;24666;6060721;GIRLING;JGO. DISCOS DE FRENO;1.00;177.80;0.65;62.23;62.23;No
21;LEGANES;AURGI;LEGANES;2026-08-20;24666;6061841;GIRLING;JGO. DISCOS DE FRENO;1.00;210.24;0.65;73.58;73.58;No
21;LEGANES;AURGI;LEGANES;2026-08-20;24669;CU29003-2;MANN-FILTER;(*) F. HABITAC. MANN;1.00;25.00;0.62;9.50;9.50;No
21;LEGANES;AURGI;LEGANES;2026-08-20;24672;0986494246;BOSCH;Pastilla freno;1.00;104.00;0.71;30.16;30.16;No
21;LEGANES;AURGI;LEGANES;2026-08-21;24673;003P075124;AD;JGO. PASTILLAS FRENO AD;1.00;32.15;0.5002;16.07;16.07;No
21;LEGANES;AURGI;LEGANES;2026-08-21;24674;6042951;GIRLING;JGO. DISCOS DE FRENO;1.00;183.88;0.65;64.36;64.36;No
21;LEGANES;AURGI;LEGANES;2026-08-21;24703;6041101;GIRLING;JGO. DISCOS DE FRENO;1.00;180.10;0.65;63.04;63.04;No
21;LEGANES;AURGI;LEGANES;2026-08-21;24721;04885;METALCAUCHO;bieleta barra tras Focus;1.00;19.43;0.3999;11.66;11.66;No
21;LEGANES;AURGI;LEGANES;2026-08-21;24737;0250403002;BOSCH;Bujia de espiga;-4.00;30.30;0.53;14.24;-56.96;Si
21;LEGANES;AURGI;LEGANES;2026-08-21;24737;003AD6737;AD;DISCO DE FRENO AD;-2.00;117.29;0.65;41.05;-82.10;Si
21;LEGANES;AURGI;LEGANES;2026-08-21;24737;2987.00;ROADHOUSE;JGO. PAST. NISSAN MICRA 1.2i 16V,1.;-1.00;61.39;0.705;18.11;-18.11;Si
21;LEGANES;AURGI;LEGANES;2026-08-21;24737;21808.12;ROADHOUSE;JGO. PASTILLAS FRENO;-1.00;85.29;0.705;25.16;-25.16;Si
21;LEGANES;AURGI;LEGANES;2026-08-21;24737;6061085;GIRLING;(1) DISCO DE FRENO;-2.00;99.84;0.65;34.94;-69.89;Si
21;LEGANES;AURGI;LEGANES;2026-08-21;24737;003AD6546;AD;DISCO DE FRENO AD;-2.00;106.03;0.65;37.11;-74.22;Si
21;LEGANES;AURGI;LEGANES;2026-08-21;24737;24540;SPIDAN;JUMPY/SCUDO/EXPERT 1.8-2.0 LR;-1.00;25.20;0.3;17.64;-17.64;Si
21;LEGANES;AURGI;LEGANES;2026-08-21;24737;6DPK1195;GATES;6DPK1195 MV UNIQUE FIT;-1.00;42.40;0.52;20.35;-20.35;Si
21;LEGANES;AURGI;LEGANES;2026-08-21;24737;6PK1195;GATES;6PK1195 MV;-1.00;33.05;0.5201;15.86;-15.86;Si
21;LEGANES;AURGI;LEGANES;2026-08-21;24737;ADU172533;BLUE PRINT;FILTRO DEL INTERIOR;-1.00;11.52;0.0799;10.60;-10.60;Si
21;LEGANES;AURGI;LEGANES;2026-08-21;24737;3397014215;BOSCH;Juego de raquetas;-1.00;43.54;0.5501;19.59;-19.59;Si
21;LEGANES;AURGI;LEGANES;2026-08-21;24738;CU25012;MANN-FILTER;(*) F. HABITAC. MANN;-1.00;18.82;0.6201;7.15;-7.15;Si
21;LEGANES;AURGI;LEGANES;2026-08-21;24739;04885;METALCAUCHO;bieleta barra tras Focus;1.00;19.43;0.3999;11.66;11.66;No
21;LEGANES;AURGI;LEGANES;2026-08-21;24786;02667;METALCAUCHO;tapon carter Opel;1.00;3.68;0.3995;2.21;2.21;No
21;LEGANES;AURGI;LEGANES;2026-08-21;24810;C28160/1;MANN-FILTER;(0) F.AIRE CITROEN C4 2.0HDI;1.00;31.09;0.6899;9.64;9.64;No
21;LEGANES;AURGI;LEGANES;2026-08-21;24838;0986479088;BOSCH;JGO. DISCOS DE FRENO;1.00;242.00;0.6396;87.22;87.22;No
21;LEGANES;AURGI;LEGANES;2026-08-21;24843;6044044;GIRLING;JGO. DISCOS DE FRENO;1.00;186.66;0.65;65.33;65.33;No
21;LEGANES;AURGI;LEGANES;2026-08-21;24844;2957.02;ROADHOUSE;JGO. PAST. OPEL ASTRA G, ZAFIRA;1.00;63.42;0.705;18.71;18.71;No
21;LEGANES;AURGI;LEGANES;2026-08-22;22676;23662;SPIDAN;KIT INDIVIDUAL DE FUELLE UNIVERSAL;2.00;16.95;0.3;11.87;23.73;No
21;LEGANES;AURGI;LEGANES;2026-08-22;22687;CU25012;MANN-FILTER;(*) F. HABITAC. MANN;1.00;18.82;0.6201;7.15;7.15;No
21;LEGANES;AURGI;LEGANES;2026-08-22;22692;C25136;MANN-FILTER;(0) F.AIRE PEUGEO;1.00;23.75;0.6901;7.36;7.36;No
21;LEGANES;AURGI;LEGANES;2026-08-22;22696;003P080159;AD;JGO. PASTILLAS FRENO AD;1.00;34.91;0.5001;17.45;17.45;No
21;LEGANES;AURGI;LEGANES;2026-08-22;22697;003P080159;AD;JGO. PASTILLAS FRENO AD;-1.00;34.91;0.5001;17.45;-17.45;Si
21;LEGANES;AURGI;LEGANES;2026-08-24;24866;2874.02;ROADHOUSE;JGO. PAST. TOYOTA COROLLA 02-;1.00;58.97;0.7049;17.40;17.40;No
21;LEGANES;AURGI;LEGANES;2026-08-24;24867;003P080159;AD;JGO. PASTILLAS FRENO AD;1.00;34.91;0.5001;17.45;17.45;No
21;LEGANES;AURGI;LEGANES;2026-08-24;24919;102W6031;MANN-FILTER;(0) FILTRO ACEITE;1.00;13.28;0.6898;4.12;4.12;No
21;LEGANES;AURGI;LEGANES;2026-08-24;24922;102W6031;MANN-FILTER;(0) FILTRO ACEITE;1.00;13.28;0.6898;4.12;4.12;No
21;LEGANES;AURGI;LEGANES;2026-08-24;24923;ADT32109;BLUE PRINT;FILTRO DE ACEITE;1.00;3.98;0.0804;3.66;3.66;No
21;LEGANES;AURGI;LEGANES;2026-08-24;24933;0986479088;BOSCH;JGO. DISCOS DE FRENO;-1.00;242.00;0.6396;87.22;-87.22;Si
21;LEGANES;AURGI;LEGANES;2026-08-24;24933;6060721;GIRLING;JGO. DISCOS DE FRENO;-1.00;177.80;0.65;62.23;-62.23;Si
21;LEGANES;AURGI;LEGANES;2026-08-24;24933;;FAG;Kit rueda. Wheel Set;-1.00;81.07;0.3;56.75;-56.75;Si
21;LEGANES;AURGI;LEGANES;2026-08-24;24933;CU25012;MANN-FILTER;(*) F. HABITAC. MANN;-1.00;18.82;0.6201;7.15;-7.15;Si
21;LEGANES;AURGI;LEGANES;2026-08-24;24954;2874.02;ROADHOUSE;JGO. PAST. TOYOTA COROLLA 02-;-1.00;58.97;0.7049;17.40;-17.40;Si
21;LEGANES;AURGI;LEGANES;2026-08-24;25004;WK845/1;MANN-FILTER;(0) F.COMBUS.AUDI A4;1.00;47.50;0.6901;14.72;14.72;No
21;LEGANES;AURGI;LEGANES;2026-08-24;25044;9001294;GIRLING;LATIGUILLO;1.00;15.54;0.5;7.77;7.77;No
21;LEGANES;AURGI;LEGANES;2026-08-24;25057;0986494714;BOSCH;Pastilla freno;1.00;111.80;0.71;32.42;32.42;No
21;LEGANES;AURGI;LEGANES;2026-08-24;25064;CU2335;MANN-FILTER;(*) F.HABIT.;1.00;13.42;0.62;5.10;5.10;No
21;LEGANES;AURGI;LEGANES;2026-08-24;25065;C2872;MANN-FILTER;(0) F.AIRE FIAT P;1.00;22.66;0.6902;7.02;7.02;No
21;LEGANES;AURGI;LEGANES;2026-08-24;25077;C3078;MANN-FILTER;(0) F.AIRE FIAT P;1.00;21.88;0.6901;6.78;6.78;No
21;LEGANES;AURGI;LEGANES;2026-08-25;25127;040F026400747;BOSCH;Cartucho filtrante aire;1.00;36.10;0.6801;11.55;11.55;No
21;LEGANES;AURGI;LEGANES;2026-08-25;25140;003AD5729;AD;DISCO DE FRENO AD;2.00;71.78;0.65;25.12;50.25;No
21;LEGANES;AURGI;LEGANES;2026-08-25;25143;F026400043;BOSCH;Cartucho filtrante aire;1.00;22.70;0.6802;7.26;7.26;No
21;LEGANES;AURGI;LEGANES;2026-08-25;25143;F026407130;BOSCH;Filtro de aceite;1.00;14.70;0.6803;4.70;4.70;No
21;LEGANES;AURGI;LEGANES;2026-08-25;25229;21140;SPIDAN;FIAT PUNTO II 1.2-1.2 16V-1.9DS LR;2.00;20.75;0.3;14.53;29.05;No
21;LEGANES;AURGI;LEGANES;2026-08-25;25230;CU26009;MANN-FILTER;(*) F. HABITAC. MANN;1.00;22.24;0.6201;8.45;8.45;No
21;LEGANES;AURGI;LEGANES;2026-08-25;25245;040F026407356;BOSCH;Elemento filtro de aceite;1.00;22.90;0.6799;7.33;7.33;No
21;LEGANES;AURGI;LEGANES;2026-08-26;25365;CUK2680;MANN-FILTER;(*) F.HABIT.;1.00;24.34;0.62;9.25;9.25;No
21;LEGANES;AURGI;LEGANES;2026-08-26;25380;0242229654;BOSCH;Bujia antiparasita;4.00;9.39;0.5301;4.41;17.65;No
21;LEGANES;AURGI;LEGANES;2026-08-26;25396;1987947946;BOSCH;Correa trap.c.dent.int.;1.00;22.40;0.5;11.20;11.20;No
21;LEGANES;AURGI;LEGANES;2026-08-26;25409;GSK12;MEAT & DORIA;JUNTA TAPA ROSCADA + JUNTA TÓRICA B;1.00;19.55;0.1499;16.62;16.62;No
21;LEGANES;AURGI;LEGANES;2026-08-26;25436;6PK1320;GATES;6PK1320 MV;1.00;33.23;0.52;15.95;15.95;No
21;LEGANES;AURGI;LEGANES;2026-08-26;25446;HU611/1x;MANN-FILTER;(0) F.ACEITE OPEL OMEGA B;1.00;13.13;0.69;4.07;4.07;No
21;LEGANES;AURGI;LEGANES;2026-08-27;25526;6068094;GIRLING;JGO. DISCOS DE FRENO;1.00;169.72;0.65;59.40;59.40;No
21;LEGANES;AURGI;LEGANES;2026-08-27;25563;G16495;MONROE;ORIGINAL D) AUDI A3 Ø50mm(!64)05.03;2.00;110.94;0.425;63.79;127.58;No
21;LEGANES;AURGI;LEGANES;2026-08-27;25572;46-09597;TALOSA;TIRANTE DEL SUP DCHO AUDI A4, A6, A;1.00;54.64;0.5;27.32;27.32;No
21;LEGANES;AURGI;LEGANES;2026-08-27;25587;6028083;GIRLING;JGO. DISCOS DE FRENO;1.00;118.68;0.65;41.54;41.54;No
21;LEGANES;AURGI;LEGANES;2026-08-27;25608;HU7001X;MANN-FILTER;(0) F.ACEITE HYUNDAI/KIA;1.00;21.41;0.6899;6.64;6.64;No
21;LEGANES;AURGI;LEGANES;2026-08-27;25636;47-03660;TALOSA;ROTULA SUSP DEL IZDA AUDI A3, 03-;1.00;38.54;0.5501;17.34;17.34;No
21;LEGANES;AURGI;LEGANES;2026-08-27;25636;47-03659;TALOSA;ROTULA SUSP DEL DCHA AUDI A3, 03-;1.00;38.54;0.5501;17.34;17.34;No
21;LEGANES;AURGI;LEGANES;2026-08-27;25641;47-03659;TALOSA;ROTULA SUSP DEL DCHA AUDI A3, 03-;1.00;38.54;0.5501;17.34;17.34;No
21;LEGANES;AURGI;LEGANES;2026-08-27;25653;23688;SPIDAN;VW GOLF V 1.4/SKODA OCTAVIA LR;1.00;21.85;0.3002;15.29;15.29;No
21;LEGANES;AURGI;LEGANES;2026-08-27;25673;040F026407356;BOSCH;Elemento filtro de aceite;1.00;22.90;0.6799;7.33;7.33;No
21;LEGANES;AURGI;LEGANES;2026-08-27;25683;807225555150000;PSH;Alternador Citroen / Peugeot 150A;1.00;284.01;0.37;178.93;178.93;No
21;LEGANES;AURGI;LEGANES;2026-08-28;25730;W7058;MANN-FILTER;(0) FILTRO ACEITE MANN;1.00;12.97;0.6901;4.02;4.02;No
21;LEGANES;AURGI;LEGANES;2026-08-28;25730;C36007KIT;MANN-FILTER;(0) FILTRO MANN;1.00;39.53;0.6901;12.25;12.25;No
21;LEGANES;AURGI;LEGANES;2026-08-28;25730;CU26025-2;MANN-FILTER;(*) FILTRO HABITÁCULO MANN;1.00;19.34;0.62;7.35;7.35;No
21;LEGANES;AURGI;LEGANES;2026-08-28;25739;21292.01;ROADHOUSE;JGO. PAST.JUMPY/SCUDO/EXPERT;1.00;97.65;0.705;28.81;28.81;No
21;LEGANES;AURGI;LEGANES;2026-08-28;25748;103VKJP3107R;SKF;kit de fuelle de transmision;1.00;16.55;0.4;9.93;9.93;No
21;LEGANES;AURGI;LEGANES;2026-08-28;25799;24544;SPIDAN;C4/DS4/C5/JUMPY/SCUDO/EXPERT/JUMPER;1.00;30.70;0.3;21.49;21.49;No
21;LEGANES;AURGI;LEGANES;2026-08-28;25799;0400986494640;BOSCH;Pastilla freno;1.00;93.40;0.71;27.09;27.09;No
21;LEGANES;AURGI;LEGANES;2026-08-28;25811;C24036;MANN-FILTER;(0) F. AIRE MANN;1.00;30.78;0.6901;9.54;9.54;No
21;LEGANES;AURGI;LEGANES;2026-08-28;25811;CU29003-2;MANN-FILTER;(*) F. HABITAC. MANN;1.00;25.00;0.62;9.50;9.50;No
21;LEGANES;AURGI;LEGANES;2026-08-28;25812;F026400323;BOSCH;Cartucho filtrante aire;1.00;20.20;0.6802;6.46;6.46;No
21;LEGANES;AURGI;LEGANES;2026-08-28;25817;HU711/4x;MANN-FILTER;(0) F.ACEITE ALFA 147 1.9JTD;1.00;18.28;0.6898;5.67;5.67;No
21;LEGANES;AURGI;LEGANES;2026-08-28;25818;6064631;GIRLING;JGO. DISCOS DE FRENO;1.00;270.28;0.65;94.60;94.60;No
21;LEGANES;AURGI;LEGANES;2026-08-28;25819;21085.02;ROADHOUSE;JGO. PAST.SSANGYONG RODIUS;1.00;106.15;0.705;31.31;31.31;No
21;LEGANES;AURGI;LEGANES;2026-08-28;25819;21063.02;ROADHOUSE;JGO. PAST. KIA SORENTO/RODIUS;1.00;89.81;0.705;26.49;26.49;No
21;LEGANES;AURGI;LEGANES;2026-08-28;25830;ADBP210019;BLUE PRINT;FILTRO DE ACEITE;1.00;4.87;0.0801;4.48;4.48;No
21;LEGANES;AURGI;LEGANES;2026-08-29;23011;F026402048;BOSCH;Filtro-box de combustible;1.00;53.10;0.6;21.24;21.24;No
154;ALUCHE;AURGI;MADRID;2026-08-31;37380;29208;FEBI BILSTEIN;TORNILLO DE RUEDA;1.00;2.84;0.3803;1.76;1.76;No
154;ALUCHE;AURGI;MADRID;2026-08-31;37451;6120182;GIRLING;PASTILLAS DE FRENO;1.00;62.78;0.73;16.95;16.95;No
154;ALUCHE;AURGI;MADRID;2026-08-31;37451;6121572;GIRLING;PASTILLAS DE FRENO;1.00;56.00;0.73;15.12;15.12;No
174;CASTELLANA;MOTORTOWN;MADRID;2026-08-31;29565;6135937;GIRLING;PASTILLAS DE FRENO;-1.00;94.59;0.73;25.54;-25.54;Si
174;CASTELLANA;MOTORTOWN;MADRID;2026-08-31;29565;6116212;GIRLING;PASTILLAS DE FRENO;-1.00;55.48;0.73;14.98;-14.98;Si
174;CASTELLANA;MOTORTOWN;MADRID;2026-08-31;29565;50-07317;TALOSA;BIELETA DEL CHEVROLET CRUZE 09-;-2.00;28.60;0.5;14.30;-28.60;Si
174;CASTELLANA;MOTORTOWN;MADRID;2026-08-31;29565;C33006;MANN-FILTER;(0) FILTRO MANN;-1.00;22.50;0.6902;6.97;-6.97;Si
174;CASTELLANA;MOTORTOWN;MADRID;2026-08-31;29630;42402VIC1;PHILIPS;Vision D4S 42 35;1.00;163.51;0.6;65.40;65.40;No
190;SANCHINARRO;MOTORTOWN;MADRID;2026-08-31;63078;HU711/51x;MANN-FILTER;(0) F.ACEITE CITROEN C4/;1.00;14.38;0.6898;4.46;4.46;No
190;SANCHINARRO;MOTORTOWN;MADRID;2026-08-31;63078;C5082/2;MANN-FILTER;(0) FILTRO AI.C4/DS3/DS4/P-508;1.00;30.31;0.6899;9.40;9.40;No
190;SANCHINARRO;MOTORTOWN;MADRID;2026-08-31;63078;CU2940;MANN-FILTER;(*) F.HABIT.;1.00;16.97;0.6199;6.45;6.45;No
190;SANCHINARRO;MOTORTOWN;MADRID;2026-08-31;63080;W6018;MANN-FILTER;(0) FILTRO MANN;1.00;21.41;0.6899;6.64;6.64;No
190;SANCHINARRO;MOTORTOWN;MADRID;2026-08-31;63082;0986494804;BOSCH;Pastilla freno;1.00;83.75;0.71;24.29;24.29;No
190;SANCHINARRO;MOTORTOWN;MADRID;2026-08-31;63086;W7032;MANN-FILTER;(0) F. ACEITE MANN;1.00;20.94;0.6901;6.49;6.49;No
190;SANCHINARRO;MOTORTOWN;MADRID;2026-08-31;63086;C27030;MANN-FILTER;(0) FILTRO AIRE MANN;1.00;27.03;0.69;8.38;8.38;No
190;SANCHINARRO;MOTORTOWN;MADRID;2026-08-31;63086;CU25012;MANN-FILTER;(*) F. HABITAC. MANN;1.00;18.82;0.6201;7.15;7.15;No
190;SANCHINARRO;MOTORTOWN;MADRID;2026-08-31;63088;HU711/51x;MANN-FILTER;(0) F.ACEITE CITROEN C4/;1.00;14.38;0.6898;4.46;4.46;No
190;SANCHINARRO;MOTORTOWN;MADRID;2026-08-31;63101;0092S5A130;BOSCH;(36-12) Baterías (12V) S5A 95AH 850;1.00;367.00;0.38;227.54;227.54;No
190;SANCHINARRO;MOTORTOWN;MADRID;2026-08-31;63107;0400986479H23;BOSCH;JGO. DISCOS DE FRENO;1.00;234.80;0.6396;84.62;84.62;No
190;SANCHINARRO;MOTORTOWN;MADRID;2026-08-31;63120;0986494501;BOSCH;Pastilla freno;1.00;70.70;0.71;20.50;20.50;No
190;SANCHINARRO;MOTORTOWN;MADRID;2026-08-31;63120;6049641;GIRLING;JGO. DISCOS DE FRENO;1.00;199.24;0.65;69.73;69.73;No
190;SANCHINARRO;MOTORTOWN;MADRID;2026-08-31;63122;553340;KYB;Gas-A-Just A150 W169 (2005), A160 W;2.00;92.11;0.48;47.90;95.79;No
190;SANCHINARRO;MOTORTOWN;MADRID;2026-08-31;63164;0400986479H23;BOSCH;JGO. DISCOS DE FRENO;1.00;234.80;0.6396;84.62;84.62;No
190;SANCHINARRO;MOTORTOWN;MADRID;2026-08-31;63176;1457429197;BOSCH;Elemento filtro de aceite;1.00;15.10;0.6801;4.83;4.83;No
190;SANCHINARRO;MOTORTOWN;MADRID;2026-08-31;63176;1457433306;BOSCH;Cartucho filtrante aire;1.00;21.90;0.6799;7.01;7.01;No
190;SANCHINARRO;MOTORTOWN;MADRID;2026-08-31;63176;1987432082;BOSCH;Filtro de habitaculo;1.00;28.00;0.6;11.20;11.20;No
190;SANCHINARRO;MOTORTOWN;MADRID;2026-08-31;63179;051FDB5346;FERODO;PREMIER ECO FRICTION;1.00;131.55;0.705;38.81;38.81;No
190;SANCHINARRO;MOTORTOWN;MADRID;2026-08-31;63188;W610/3;MANN-FILTER;(0) F.ACEITE ISUZU/MAZDA;1.00;13.13;0.69;4.07;4.07;No
190;SANCHINARRO;MOTORTOWN;MADRID;2026-08-31;63196;W7058;MANN-FILTER;(0) FILTRO ACEITE MANN;1.00;12.97;0.6901;4.02;4.02;No
190;SANCHINARRO;MOTORTOWN;MADRID;2026-08-31;63196;C36007KIT;MANN-FILTER;(0) FILTRO MANN;1.00;39.53;0.6901;12.25;12.25;No
190;SANCHINARRO;MOTORTOWN;MADRID;2026-08-31;63197;0986479A89;BOSCH;JGO. DISCOS DE FRENO;1.00;288.00;0.6396;103.80;103.80;No
190;SANCHINARRO;MOTORTOWN;MADRID;2026-08-31;63197;0986424860;BOSCH;Pastilla freno;1.00;124.00;0.71;35.96;35.96;No
190;SANCHINARRO;MOTORTOWN;MADRID;2026-08-31;63200;12821900.02;ROADHOUSE;JGO. PAST.MAZDA;1.00;116.20;0.705;34.28;34.28;No
190;SANCHINARRO;MOTORTOWN;MADRID;2026-08-31;63225;1987473509;BOSCH;Sonda desgaste p.sbb;1.00;22.05;0.4499;12.13;12.13;No
190;SANCHINARRO;MOTORTOWN;MADRID;2026-08-31;63298;3397004755;BOSCH;Raqueta limpia-cristales;1.00;10.75;0.5498;4.84;4.84;No
190;SANCHINARRO;MOTORTOWN;MADRID;2026-08-31;63307;3397007523;BOSCH;Juego de raquetas;1.00;56.62;0.55;25.48;25.48;No
190;SANCHINARRO;MOTORTOWN;MADRID;2026-08-31;63307;0986494432;BOSCH;Pastilla freno;1.00;118.60;0.71;34.39;34.39;No
190;SANCHINARRO;MOTORTOWN;MADRID;2026-08-31;63307;6326401;GIRLING;CABLE AVISADOR;1.00;17.58;0.3999;10.55;10.55;No
199;ALCALA DE HENARES;MOTORTOWN;ALCALA DE HENARES;2026-08-31;53077;4503023T;BECA CABLES;Tuerca individual ciega corta croma;1.00;1.70;0.1529;1.44;1.44;No
199;ALCALA DE HENARES;MOTORTOWN;ALCALA DE HENARES;2026-08-31;53077;11938;FEBI BILSTEIN;TUERCA DE RUEDA;1.00;1.23;0.3821;0.76;0.76;No
199;ALCALA DE HENARES;MOTORTOWN;ALCALA DE HENARES;2026-08-31;53078;ADBP230010;BLUE PRINT;FILTRO DE CARBURANTE;1.00;10.56;0.0795;9.72;9.72;No
199;ALCALA DE HENARES;MOTORTOWN;ALCALA DE HENARES;2026-08-31;53220;45096007;BECA CABLES;Tuerca antirr. ciega cónica 12x150;-1.00;18.80;0.15;15.98;-15.98;Si
199;ALCALA DE HENARES;MOTORTOWN;ALCALA DE HENARES;2026-08-31;53222;ADN143180;BLUE PRINT;JGO. DISCOS DE FRENO;-1.00;71.87;0;71.87;-71.87;Si
199;ALCALA DE HENARES;MOTORTOWN;ALCALA DE HENARES;2026-08-31;53222;5PK1800;GATES;5PK1800 MV;-1.00;37.93;0.5199;18.21;-18.21;Si
199;ALCALA DE HENARES;MOTORTOWN;ALCALA DE HENARES;2026-08-31;53222;5PK1850;GATES;5PK1850 MV;-1.00;40.70;0.5199;19.54;-19.54;Si
199;ALCALA DE HENARES;MOTORTOWN;ALCALA DE HENARES;2026-08-31;53222;0986424313;BOSCH;Pastilla freno;-1.00;56.45;0.71;16.37;-16.37;Si
199;ALCALA DE HENARES;MOTORTOWN;ALCALA DE HENARES;2026-08-31;53222;CU22011;MANN-FILTER;(*) F. HABITAC. MANN;-1.00;20.66;0.62;7.85;-7.85;Si
199;ALCALA DE HENARES;MOTORTOWN;ALCALA DE HENARES;2026-08-31;53222;WK512;MANN-FILTER;(0) F.COMBUS.FIAT BRAVA/O;-1.00;18.59;0.6902;5.76;-5.76;Si
199;ALCALA DE HENARES;MOTORTOWN;ALCALA DE HENARES;2026-08-31;53222;CU21009;MANN-FILTER;(*) FILTRO MANN;-1.00;33.42;0.62;12.70;-12.70;Si
199;ALCALA DE HENARES;MOTORTOWN;ALCALA DE HENARES;2026-08-31;53222;CU29003-2;MANN-FILTER;(*) F. HABITAC. MANN;-1.00;25.00;0.62;9.50;-9.50;Si
199;ALCALA DE HENARES;MOTORTOWN;ALCALA DE HENARES;2026-08-31;53222;003AI3004;AD;FILTROS DE AIRE;-1.00;18.99;0.5498;8.55;-8.55;Si
199;ALCALA DE HENARES;MOTORTOWN;ALCALA DE HENARES;2026-08-31;53222;003P080159;AD;JGO. PASTILLAS FRENO AD;-1.00;34.91;0.5001;17.45;-17.45;Si
202;CAMPO DE LAS NACIONES;MOTORTOWN;MADRID;2026-08-31;30962;F026403020;BOSCH;Filtro combustible;1.00;55.00;0.6;22.00;22.00;No
202;CAMPO DE LAS NACIONES;MOTORTOWN;MADRID;2026-08-31;30977;003AI3028;AD;FILTROS DE AIRE;1.00;26.78;0.55;12.05;12.05;No
202;CAMPO DE LAS NACIONES;MOTORTOWN;MADRID;2026-08-31;30988;003AI3032;AD;FILTROS DE AIRE;1.00;16.52;0.5502;7.43;7.43;No
202;CAMPO DE LAS NACIONES;MOTORTOWN;MADRID;2026-08-31;30997;0403397015663;BOSCH;Raqueta limpia-cristales;1.00;17.68;0.5498;7.96;7.96;No
202;CAMPO DE LAS NACIONES;MOTORTOWN;MADRID;2026-08-31;31034;3397016466;BOSCH;Raqueta limpia-cristales;1.00;14.16;0.5501;6.37;6.37;No
202;CAMPO DE LAS NACIONES;MOTORTOWN;MADRID;2026-08-31;31056;102HU5003Z;MANN-FILTER;(0) FILTRO ACEITE;1.00;21.72;0.6901;6.73;6.73;No
202;CAMPO DE LAS NACIONES;MOTORTOWN;MADRID;2026-08-31;31057;6464MC;GATES;6464MC AVX13 x 850;1.00;15.45;0.5197;7.42;7.42;No
202;CAMPO DE LAS NACIONES;MOTORTOWN;MADRID;2026-08-31;31058;39215;METALCAUCHO;tornillo de rueda Toyota Auris;1.00;3.87;0.4005;2.32;2.32;No
202;CAMPO DE LAS NACIONES;MOTORTOWN;MADRID;2026-08-31;31059;0986424846;BOSCH;Pastilla freno;1.00;94.50;0.7101;27.40;27.40;No
204;SAN JOSE DE VALDERAS;MOTORTOWN;ALCORCON;2026-08-31;45829;003P056130;AD;JGO. PASTILLAS FRENO AD;1.00;47.22;0.5;23.61;23.61;No
204;SAN JOSE DE VALDERAS;MOTORTOWN;ALCORCON;2026-08-31;45903;003AC1067;AD;FILTROS DE ACEITE;1.00;12.95;0.5498;5.83;5.83;No
204;SAN JOSE DE VALDERAS;MOTORTOWN;ALCORCON;2026-08-31;45907;CU2422;MANN-FILTER;(*) F.HABIT.;1.00;20.66;0.62;7.85;7.85;No
21;LEGANES;AURGI;LEGANES;2026-08-31;25899;1457433307;BOSCH;Cartucho filtrante aire;1.00;23.00;0.68;7.36;7.36;No
21;LEGANES;AURGI;LEGANES;2026-08-31;25929;C36007KIT;MANN-FILTER;(0) FILTRO MANN;-1.00;39.53;0.6901;12.25;-12.25;Si
21;LEGANES;AURGI;LEGANES;2026-08-31;25929;CU26025-2;MANN-FILTER;(*) FILTRO HABITÁCULO MANN;-1.00;19.34;0.62;7.35;-7.35;Si
21;LEGANES;AURGI;LEGANES;2026-08-31;25929;CUK2680;MANN-FILTER;(*) F.HABIT.;-1.00;24.34;0.62;9.25;-9.25;Si
21;LEGANES;AURGI;LEGANES;2026-08-31;25929;C2872;MANN-FILTER;(0) F.AIRE FIAT P;-1.00;22.66;0.6902;7.02;-7.02;Si
21;LEGANES;AURGI;LEGANES;2026-08-31;25929;HU711/4x;MANN-FILTER;(0) F.ACEITE ALFA 147 1.9JTD;-1.00;18.28;0.6898;5.67;-5.67;Si
21;LEGANES;AURGI;LEGANES;2026-08-31;25929;W7058;MANN-FILTER;(0) FILTRO ACEITE MANN;-1.00;12.97;0.6901;4.02;-4.02;Si
21;LEGANES;AURGI;LEGANES;2026-08-31;25929;102W6031;MANN-FILTER;(0) FILTRO ACEITE;-1.00;13.28;0.6898;4.12;-4.12;Si
21;LEGANES;AURGI;LEGANES;2026-08-31;25929;HU7001X;MANN-FILTER;(0) F.ACEITE HYUNDAI/KIA;-1.00;21.41;0.6899;6.64;-6.64;Si
21;LEGANES;AURGI;LEGANES;2026-08-31;25929;ADT32109;BLUE PRINT;FILTRO DE ACEITE;-1.00;3.98;0.0804;3.66;-3.66;Si
21;LEGANES;AURGI;LEGANES;2026-08-31;25929;47-03659;TALOSA;ROTULA SUSP DEL DCHA AUDI A3, 03-;-1.00;38.54;0.5501;17.34;-17.34;Si
21;LEGANES;AURGI;LEGANES;2026-08-31;25929;040F026407356;BOSCH;Elemento filtro de aceite;-1.00;22.90;0.6799;7.33;-7.33;Si
21;LEGANES;AURGI;LEGANES;2026-08-31;25929;1987947946;BOSCH;Correa trap.c.dent.int.;-1.00;22.40;0.5;11.20;-11.20;Si
21;LEGANES;AURGI;LEGANES;2026-08-31;25929;003AD5729;AD;DISCO DE FRENO AD;-2.00;71.78;0.65;25.12;-50.25;Si
21;LEGANES;AURGI;LEGANES;2026-08-31;25941;F026407214;BOSCH;Elemento filtro de aceite;1.00;39.60;0.6801;12.67;12.67;No
21;LEGANES;AURGI;LEGANES;2026-08-31;25981;6015163;GIRLING;JGO. DISCOS DE FRENO;1.00;97.30;0.6501;34.05;34.05;No
21;LEGANES;AURGI;LEGANES;2026-08-31;26059;ADU172533;BLUE PRINT;FILTRO DEL INTERIOR;1.00;11.52;0.0799;10.60;10.60;No
21;LEGANES;AURGI;LEGANES;2026-08-31;26088;CU27009;MANN-FILTER;(*) FILTRO MANN;1.00;29.61;0.6201;11.25;11.25;No
210;POZUELO DE ALARCÓN;MOTORTOWN;POZUELO DE ALARCÓN;2026-08-31;24535;ADG022149;BLUE PRINT;FILTRO DE AIRE;-1.00;8.38;0.08;7.71;-7.71;Si
210;POZUELO DE ALARCÓN;MOTORTOWN;POZUELO DE ALARCÓN;2026-08-31;24535;21515.01;ROADHOUSE;JGO. PASTILLAS FRENO;-1.00;111.76;0.705;32.97;-32.97;Si
210;POZUELO DE ALARCÓN;MOTORTOWN;POZUELO DE ALARCÓN;2026-08-31;24535;040F026400789;BOSCH;Cartucho filtrante aire;-1.00;51.30;0.6799;16.42;-16.42;Si
210;POZUELO DE ALARCÓN;MOTORTOWN;POZUELO DE ALARCÓN;2026-08-31;24535;102FP24021;MANN-FILTER;(*) FILTRO HABITÁCULO;-1.00;131.58;0.62;50.00;-50.00;Si
210;POZUELO DE ALARCÓN;MOTORTOWN;POZUELO DE ALARCÓN;2026-08-31;24535;21838.00;ROADHOUSE;JGO. PAST. MERCEDES CLA;-1.00;81.40;0.705;24.01;-24.01;Si
210;POZUELO DE ALARCÓN;MOTORTOWN;POZUELO DE ALARCÓN;2026-08-31;24535;1987474512;BOSCH;Sonda desgaste p.sbb;-1.00;10.40;0.45;5.72;-5.72;Si
210;POZUELO DE ALARCÓN;MOTORTOWN;POZUELO DE ALARCÓN;2026-08-31;24535;0986424996;BOSCH;Pastilla freno;-1.00;81.95;0.7099;23.77;-23.77;Si
210;POZUELO DE ALARCÓN;MOTORTOWN;POZUELO DE ALARCÓN;2026-08-31;24535;6061234;GIRLING;JGO. DISCOS DE FRENO;-1.00;135.08;0.65;47.28;-47.28;Si
210;POZUELO DE ALARCÓN;MOTORTOWN;POZUELO DE ALARCÓN;2026-08-31;24557;003AC1011;AD;FILTROS DE ACEITE;1.00;10.19;0.5496;4.59;4.59;No
210;POZUELO DE ALARCÓN;MOTORTOWN;POZUELO DE ALARCÓN;2026-08-31;24557;C24104;MANN-FILTER;(0) F. AIRE MANN;1.00;35.16;0.69;10.90;10.90;No
210;POZUELO DE ALARCÓN;MOTORTOWN;POZUELO DE ALARCÓN;2026-08-31;24581;PU8028;MANN-FILTER;(0) FILTRO COMBUSTIBLE MANN;1.00;60.47;0.6899;18.75;18.75;No
210;POZUELO DE ALARCÓN;MOTORTOWN;POZUELO DE ALARCÓN;2026-08-31;24594;50-03510;TALOSA;BIELETA DEL VW POLO IV, 01-;-2.00;23.96;0.5;11.98;-23.96;Si
210;POZUELO DE ALARCÓN;MOTORTOWN;POZUELO DE ALARCÓN;2026-08-31;24594;F026403020;BOSCH;Filtro combustible;-1.00;55.00;0.6;22.00;-22.00;Si
210;POZUELO DE ALARCÓN;MOTORTOWN;POZUELO DE ALARCÓN;2026-08-31;24594;6041101;GIRLING;JGO. DISCOS DE FRENO;-1.00;180.10;0.65;63.04;-63.04;Si
210;POZUELO DE ALARCÓN;MOTORTOWN;POZUELO DE ALARCÓN;2026-08-31;24610;6044155;GIRLING;(1) DISCO DE FRENO;-2.00;124.18;0.65;43.46;-86.93;Si
210;POZUELO DE ALARCÓN;MOTORTOWN;POZUELO DE ALARCÓN;2026-08-31;24621;21824.02;ROADHOUSE;JGO. PAST. SSANGYONG TIVOLI;1.00;89.18;0.705;26.31;26.31;No
210;POZUELO DE ALARCÓN;MOTORTOWN;POZUELO DE ALARCÓN;2026-08-31;24623;003P094106;AD;JGO. PASTILLAS FRENO AD;1.00;39.77;0.5001;19.88;19.88;No
210;POZUELO DE ALARCÓN;MOTORTOWN;POZUELO DE ALARCÓN;2026-08-31;24624;003AC1027;AD;FILTROS DE ACEITE;1.00;11.59;0.5496;5.22;5.22;No
210;POZUELO DE ALARCÓN;MOTORTOWN;POZUELO DE ALARCÓN;2026-08-31;24624;003AI3060;AD;FILTROS DE AIRE;1.00;25.64;0.5499;11.54;11.54;No
210;POZUELO DE ALARCÓN;MOTORTOWN;POZUELO DE ALARCÓN;2026-08-31;24625;F026407132;BOSCH;Elemento filtro de aceite;1.00;21.60;0.6801;6.91;6.91;No
213;EL BERCIAL;MOTORTOWN;GETAFE;2026-08-31;25900;0400986479B93;BOSCH;JGO. DISCOS DE FRENO;1.00;182.20;0.6396;65.66;65.66;No
213;EL BERCIAL;MOTORTOWN;GETAFE;2026-08-31;25901;6134219;GIRLING;PASTILLAS DE FRENO;1.00;63.69;0.7299;17.20;17.20;No
213;EL BERCIAL;MOTORTOWN;GETAFE;2026-08-31;25901;21481.02;ROADHOUSE;JGO. PASTILLAS FRENO;1.00;98.50;0.705;29.06;29.06;No
213;EL BERCIAL;MOTORTOWN;GETAFE;2026-08-31;25902;6116924;GIRLING;PASTILLAS DE FRENO;1.00;74.20;0.7301;20.03;20.03;No
213;EL BERCIAL;MOTORTOWN;GETAFE;2026-08-31;25918;0400986479B93;BOSCH;JGO. DISCOS DE FRENO;-1.00;182.20;0.6396;65.66;-65.66;Si
213;EL BERCIAL;MOTORTOWN;GETAFE;2026-08-31;25919;6045584;GIRLING;JGO. DISCOS DE FRENO;1.00;160.08;0.65;56.03;56.03;No
213;EL BERCIAL;MOTORTOWN;GETAFE;2026-08-31;26005;6120981;GIRLING;PASTILLAS DE FRENO;1.00;117.70;0.73;31.78;31.78;No
224;TALAVERA;MOTORTOWN;TALAVERA;2026-08-31;28465;003AC1006;AD;FILTROS DE ACEITE;1.00;10.19;0.5496;4.59;4.59;No
224;TALAVERA;MOTORTOWN;TALAVERA;2026-08-31;28465;003CO4001;AD;FILTROS DE COMBUSTIBLE;1.00;33.26;0.5499;14.97;14.97;No
224;TALAVERA;MOTORTOWN;TALAVERA;2026-08-31;28465;003AI3002;AD;FILTROS DE AIRE;1.00;19.80;0.55;8.91;8.91;No
224;TALAVERA;MOTORTOWN;TALAVERA;2026-08-31;28474;003AC1002;AD;FILTROS DE ACEITE;1.00;8.02;0.5499;3.61;3.61;No
224;TALAVERA;MOTORTOWN;TALAVERA;2026-08-31;28474;003AI3106;AD;FILTROS DE AIRE;1.00;20.18;0.55;9.08;9.08;No
23;SAN SEBASTIAN;AURGI;SS REYES;2026-08-31;63207;6130921;GIRLING;PASTILLAS DE FRENO;1.00;53.81;0.73;14.53;14.53;No
24;PINTO;AURGI;PINTO;2026-08-31;31316;6120512;GIRLING;PASTILLAS DE FRENO;1.00;65.57;0.7301;17.70;17.70;No
24;PINTO;AURGI;PINTO;2026-08-31;31369;W7069;MANN-FILTER;(0) FILTRO ACEITE;1.00;25.00;0.69;7.75;7.75;No
25;LAS ROZAS;AURGI;LAS ROZAS;2026-08-31;75886;4679038715033;TOYOTA;;2.00;6.89;0;6.89;13.78;No
25;LAS ROZAS;AURGI;LAS ROZAS;2026-08-31;75890;0400241145525;BOSCH;Bujia de encendido;4.00;27.16;0.53;12.77;51.06;No
25;LAS ROZAS;AURGI;LAS ROZAS;2026-08-31;75929;5004135;GIRLING;BOMBÍN DE FRENO;1.00;35.87;0.3499;23.32;23.32;No
25;LAS ROZAS;AURGI;LAS ROZAS;2026-08-31;75929;079191;AD;ZAPATA;1.00;28.83;0.3999;17.30;17.30;No
25;LAS ROZAS;AURGI;LAS ROZAS;2026-08-31;75970;1987473543;BOSCH;Sonda desgaste p.sbb;1.00;21.00;0.45;11.55;11.55;No
25;LAS ROZAS;AURGI;LAS ROZAS;2026-08-31;76008;029SL4069;ABRAMASK;Polimero liquido para la restauraci;-1.00;34.88;0.25;26.16;-26.16;Si
25;LAS ROZAS;AURGI;LAS ROZAS;2026-08-31;76008;0400241145525;BOSCH;Bujia de encendido;-4.00;27.16;0.53;12.77;-51.06;Si
25;LAS ROZAS;AURGI;LAS ROZAS;2026-08-31;76008;PU7007z;MANN-FILTER;(0) FILTRO COMB. YARIS III;-1.00;32.03;0.69;9.93;-9.93;Si
25;LAS ROZAS;AURGI;LAS ROZAS;2026-08-31;76008;0986424895;BOSCH;Pastilla freno;-1.00;126.10;0.71;36.57;-36.57;Si
25;LAS ROZAS;AURGI;LAS ROZAS;2026-08-31;76008;1987474550;BOSCH;Sonda desgaste p.sbb;-1.00;18.95;0.4501;10.42;-10.42;Si
25;LAS ROZAS;AURGI;LAS ROZAS;2026-08-31;76008;3397014215;BOSCH;Juego de raquetas;-1.00;43.54;0.5501;19.59;-19.59;Si
25;LAS ROZAS;AURGI;LAS ROZAS;2026-08-31;76008;1987474551;BOSCH;Sonda desgaste p.sbb;-1.00;18.95;0.4501;10.42;-10.42;Si
25;LAS ROZAS;AURGI;LAS ROZAS;2026-08-31;76008;086SM1011;KYB;SMK TOYOTA AVENSIS (T27)SALOON-F F;-1.00;53.52;0.1599;44.96;-44.96;Si
25;LAS ROZAS;AURGI;LAS ROZAS;2026-08-31;76008;068GKNB11077;SPIDAN;Kit Fuelle transmisión;-1.00;29.30;0.3;20.51;-20.51;Si
25;LAS ROZAS;AURGI;LAS ROZAS;2026-08-31;76008;T;TEXTO;TEXTO;-1.00;0;0;0.00;-0.00;Si
25;LAS ROZAS;AURGI;LAS ROZAS;2026-08-31;76158;HU722X;MANN-FILTER;(0) F.ACEITE BMW;1.00;27.81;0.69;8.62;8.62;No
25;LAS ROZAS;AURGI;LAS ROZAS;2026-08-31;76158;HU721/5x;MANN-FILTER;(0) F.ACEITE BMW SERIE 1;1.00;29.53;0.6901;9.15;9.15;No
25;LAS ROZAS;AURGI;LAS ROZAS;2026-08-31;76204;450CTAD45410;BECA CABLES;Pesas de acero, segmentadas en 4x5g;1.00;34.20;0.05;32.49;32.49;No
40;VALLECAS;AURGI;MADRID;2026-08-31;31733;003AC1026;AD;FILTROS DE ACEITE;1.00;11.95;0.5498;5.38;5.38;No
40;VALLECAS;AURGI;MADRID;2026-08-31;32843;6064191;GIRLING;JGO. DISCOS DE FRENO;-1.00;220.78;0.65;77.27;-77.27;Si
40;VALLECAS;AURGI;MADRID;2026-08-31;32843;6044651;GIRLING;JGO. DISCOS DE FRENO;-1.00;182.78;0.65;63.97;-63.97;Si
40;VALLECAS;AURGI;MADRID;2026-08-31;32861;34041;FEBI BILSTEIN;TIRANTE DE UNION;1.00;29.31;0.3801;18.17;18.17;No
40;VALLECAS;AURGI;MADRID;2026-08-31;32861;34042;FEBI BILSTEIN;TIRANTE DE UNION;1.00;29.31;0.3801;18.17;18.17;No
40;VALLECAS;AURGI;MADRID;2026-08-31;32871;564A01100000;EPM;PLACA MATRICULA LARGA CHAPA;2.00;7.77;0.2503;5.83;11.65;No
40;VALLECAS;AURGI;MADRID;2026-08-31;32901;003HA2002;AD;FILTROS DE HABITACULO;1.00;17.66;0.5498;7.95;7.95;No
40;VALLECAS;AURGI;MADRID;2026-08-31;32942;;PURFLUX;FILTER DIESEL FUEL FCS921 PFX BOX;1.00;120.24;0.6;48.10;48.10;No
40;VALLECAS;AURGI;MADRID;2026-08-31;32944;564A01100000;EPM;PLACA MATRICULA LARGA CHAPA;2.00;7.77;0.2503;5.83;11.65;No
40;VALLECAS;AURGI;MADRID;2026-08-31;32946;564A01100000;EPM;PLACA MATRICULA LARGA CHAPA;2.00;7.77;0.2503;5.83;11.65;No
40;VALLECAS;AURGI;MADRID;2026-08-31;32950;C3028;MANN-FILTER;(0) F.AIRE DAEWOO;1.00;20.00;0.69;6.20;6.20;No
40;VALLECAS;AURGI;MADRID;2026-08-31;32969;003P075185;AD;JGO. PASTILLAS FRENO AD;1.00;55.65;0.5001;27.82;27.82;No
40;VALLECAS;AURGI;MADRID;2026-08-31;32975;003P094106;AD;JGO. PASTILLAS FRENO AD;1.00;39.77;0.5001;19.88;19.88;No
45;ANTONIO LOPEZ;AURGI;MADRID;2026-08-31;24786;0986479045;BOSCH;JGO. DISCOS DE FRENO;1.00;258.50;0.6396;93.16;93.16;No
45;ANTONIO LOPEZ;AURGI;MADRID;2026-08-31;24786;0986494554;BOSCH;Pastilla freno;1.00;108.05;0.71;31.33;31.33;No
45;ANTONIO LOPEZ;AURGI;MADRID;2026-08-31;24787;6334102;GIRLING;CABLE AVISADOR;1.00;23.15;0.4;13.89;13.89;No
45;ANTONIO LOPEZ;AURGI;MADRID;2026-08-31;24789;6119192;GIRLING;PASTILLAS DE FRENO;1.00;85.24;0.7301;23.01;23.01;No
45;ANTONIO LOPEZ;AURGI;MADRID;2026-08-31;24792;0986494554;BOSCH;Pastilla freno;-1.00;108.05;0.71;31.33;-31.33;Si
45;ANTONIO LOPEZ;AURGI;MADRID;2026-08-31;24821;01635;METALCAUCHO;kit fuelle universal;1.00;11.63;0.3998;6.98;6.98;No
45;ANTONIO LOPEZ;AURGI;MADRID;2026-08-31;24868;6317201;GIRLING;CABLE AVISADOR;1.00;8.59;0.4005;5.15;5.15;No
45;ANTONIO LOPEZ;AURGI;MADRID;2026-08-31;24868;6115462;GIRLING;PASTILLAS DE FRENO;1.00;68.21;0.73;18.42;18.42;No
45;ANTONIO LOPEZ;AURGI;MADRID;2026-08-31;24871;21031.00;ROADHOUSE;JGO. PAST. GOLF V 1.4i 16V,1.6 FSI,;1.00;67.99;0.705;20.06;20.06;No
45;ANTONIO LOPEZ;AURGI;MADRID;2026-08-31;24871;21420.00;ROADHOUSE;JGO. PAST. LEON/SUPERB/GOLF VI;1.00;94.49;0.705;27.87;27.87;No
53;RIVAS;AURGI;RIVAS VACIAMADRID;2026-08-31;16961;F026407183;BOSCH;Filtro de aceite;1.00;23.70;0.6802;7.58;7.58;No
53;RIVAS;AURGI;RIVAS VACIAMADRID;2026-08-31;16982;12146CP;PHILIPS;HY21W 12 21;-2.00;27.19;0.6;10.88;-21.75;Si
53;RIVAS;AURGI;RIVAS VACIAMADRID;2026-08-31;16982;190976;SPIDAN;FUELLE FLEXIBLE;-1.00;23.15;0.3002;16.20;-16.20;Si
53;RIVAS;AURGI;RIVAS VACIAMADRID;2026-08-31;16987;1987473069;BOSCH;Sonda desgaste p.sbb;1.00;17.00;0.45;9.35;9.35;No
53;RIVAS;AURGI;RIVAS VACIAMADRID;2026-08-31;16994;003P038106;AD;JGO. PASTILLAS FRENO AD;1.00;47.80;0.5;23.90;23.90;No
53;RIVAS;AURGI;RIVAS VACIAMADRID;2026-08-31;17018;6321002;GIRLING;CABLE AVISADOR;1.00;23.45;0.4;14.07;14.07;No
53;RIVAS;AURGI;RIVAS VACIAMADRID;2026-08-31;17036;450CTAD45410;BECA CABLES;Pesas de acero, segmentadas en 4x5g;1.00;34.20;0.05;32.49;32.49;No
53;RIVAS;AURGI;RIVAS VACIAMADRID;2026-08-31;17042;0400273014059;BOSCH;Sensor presión;3.00;28.50;0.14;24.51;73.53;No
54;VILLALBA;AURGI;COLLADO VILLALBA;2026-08-31;62092;0986494085;BOSCH;Pastilla freno;1.00;91.90;0.71;26.65;26.65;No
54;VILLALBA;AURGI;COLLADO VILLALBA;2026-08-31;62092;1987473070;BOSCH;Sonda desgaste p.sbb;1.00;6.80;0.45;3.74;3.74;No
54;VILLALBA;AURGI;COLLADO VILLALBA;2026-08-31;62093;HU514y;MANN-FILTER;(0) FILTRO AC. MERCEDES C/E/SLK;1.00;22.50;0.6902;6.97;6.97;No
54;VILLALBA;AURGI;COLLADO VILLALBA;2026-08-31;62131;003P094106;AD;JGO. PASTILLAS FRENO AD;1.00;39.77;0.5001;19.88;19.88;No
54;VILLALBA;AURGI;COLLADO VILLALBA;2026-08-31;62132;1987473544;BOSCH;Sonda desgaste p.sbb;1.00;21.05;0.4499;11.58;11.58;No
54;VILLALBA;AURGI;COLLADO VILLALBA;2026-08-31;62224;003AD6546;AD;DISCO DE FRENO AD;2.00;106.03;0.65;37.11;74.22;No
54;VILLALBA;AURGI;COLLADO VILLALBA;2026-08-31;62226;0400986460063;BOSCH;Pastilla freno;1.00;72.50;0.7101;21.02;21.02;No
54;VILLALBA;AURGI;COLLADO VILLALBA;2026-08-31;62245;6135983;GIRLING;PASTILLAS DE FRENO;1.00;83.41;0.73;22.52;22.52;No
54;VILLALBA;AURGI;COLLADO VILLALBA;2026-08-31;62256;21234.00;ROADHOUSE;JGO. PAST.D.TOYOTA AURIS/RAV 4 III;1.00;79.26;0.705;23.38;23.38;No
54;VILLALBA;AURGI;COLLADO VILLALBA;2026-08-31;62260;0986494559;BOSCH;Pastilla freno;1.00;107.10;0.71;31.06;31.06;No
54;VILLALBA;AURGI;COLLADO VILLALBA;2026-08-31;62260;0986479E42;BOSCH;JGO. DISCOS DE FRENO;1.00;277.90;0.6396;100.16;100.16;No
54;VILLALBA;AURGI;COLLADO VILLALBA;2026-08-31;62266;24390;FEBI BILSTEIN;SUSPENSION, BRAZO OSCILANTE;2.00;7.68;0.3802;4.76;9.52;No
54;VILLALBA;AURGI;COLLADO VILLALBA;2026-08-31;62327;0986494887;BOSCH;Pastilla freno;1.00;79.25;0.71;22.98;22.98;No
54;VILLALBA;AURGI;COLLADO VILLALBA;2026-08-31;62348;6061861;GIRLING;JGO. DISCOS DE FRENO;1.00;176.86;0.65;61.90;61.90;No
54;VILLALBA;AURGI;COLLADO VILLALBA;2026-08-31;62352;154MFD-2H29;MDR;(1) DISCO DE FRENO;2.00;88.80;0.25;66.60;133.20;No
54;VILLALBA;AURGI;COLLADO VILLALBA;2026-08-31;62352;0986479E45;BOSCH;JGO. DISCOS DE FRENO;1.00;231.40;0.6396;83.40;83.40;No
54;VILLALBA;AURGI;COLLADO VILLALBA;2026-08-31;62386;1987474553;BOSCH;Sonda desgaste p.sbb;2.00;6.80;0.45;3.74;7.48;No
54;VILLALBA;AURGI;COLLADO VILLALBA;2026-08-31;62387;6119321;GIRLING;PASTILLAS DE FRENO;1.00;89.84;0.73;24.26;24.26;No
56;ALCALA DE HENARES;AURGI;ALCALA DE HENARES;2026-08-31;53007;;FAG;Kit rueda. Wheel Set;1.00;107.73;0.3;75.41;75.41;No
56;ALCALA DE HENARES;AURGI;ALCALA DE HENARES;2026-08-31;53043;;FAG;Kit rueda. Wheel Set;1.00;107.73;0.3;75.41;75.41;No
56;ALCALA DE HENARES;AURGI;ALCALA DE HENARES;2026-08-31;53149;4574311939070;HYUNDAI;;1.00;17.30;0;17.30;17.30;No
56;ALCALA DE HENARES;AURGI;ALCALA DE HENARES;2026-08-31;53149;4574311939080;HYUNDAI;;1.00;17.15;0;17.15;17.15;No
56;ALCALA DE HENARES;AURGI;ALCALA DE HENARES;2026-08-31;53195;12164;FEBI BILSTEIN;SOPORTE, ESTABILIZADOR;2.00;5.76;0.3802;3.57;7.14;No
56;ALCALA DE HENARES;AURGI;ALCALA DE HENARES;2026-08-31;53226;40-09937;TALOSA;BRAZO DCHO PEUGEOT PARTNER;1.00;103.49;0.5;51.75;51.75;No
56;ALCALA DE HENARES;AURGI;ALCALA DE HENARES;2026-08-31;53226;40-09936;TALOSA;BRAZO IZDO PEUGEOT PARTNER;1.00;103.49;0.5;51.75;51.75;No
57;ALCOBENDAS;AURGI;ALCOBENDAS;2026-08-31;63138;50-03486;TALOSA;BIELETA DEL I/D CITROEN C4 PICASSO,;2.00;27.99;0.5;14.00;27.99;No
57;ALCOBENDAS;AURGI;ALCOBENDAS;2026-08-31;63243;11297434;NGK;Bujía automóvil Laser Iridium;3.00;23.64;0.48;12.29;36.88;No
57;ALCOBENDAS;AURGI;ALCOBENDAS;2026-08-31;63271;6114212;GIRLING;PASTILLAS DE FRENO;-1.00;56.99;0.73;15.39;-15.39;Si
57;ALCOBENDAS;AURGI;ALCOBENDAS;2026-08-31;63271;48925;FEBI BILSTEIN;TORNILLO DE RUEDA;-1.00;3.09;0.3786;1.92;-1.92;Si
57;ALCOBENDAS;AURGI;ALCOBENDAS;2026-08-31;63271;49873;FEBI BILSTEIN;Tuercas de mangueta y cubo.;-1.00;1.76;0.3807;1.09;-1.09;Si
57;ALCOBENDAS;AURGI;ALCOBENDAS;2026-08-31;63284;3397004628;BOSCH;Raqueta limpia-cristales;1.00;12.21;0.5504;5.49;5.49;No
58;MOSTOLES;AURGI;MOSTOLES;2026-08-31;39784;040F026400715;BOSCH;Cartucho filtrante aire;1.00;27.50;0.68;8.80;8.80;No
58;MOSTOLES;AURGI;MOSTOLES;2026-08-31;39881;003P148124;AD;JGO. PASTILLAS FRENO AD;1.00;35.39;0.5001;17.69;17.69;No
58;MOSTOLES;AURGI;MOSTOLES;2026-08-31;39883;6061394;GIRLING;JGO. DISCOS DE FRENO;1.00;145.14;0.65;50.80;50.80;No
58;MOSTOLES;AURGI;MOSTOLES;2026-08-31;39928;0400986460161;BOSCH;Pastilla freno;1.00;147.30;0.71;42.72;42.72;No
58;MOSTOLES;AURGI;MOSTOLES;2026-08-31;39940;C27030;MANN-FILTER;(0) FILTRO AIRE MANN;1.00;27.03;0.69;8.38;8.38;No
58;MOSTOLES;AURGI;MOSTOLES;2026-08-31;39951;102C24250;MANN-FILTER;(0) FILTRO AIRE;1.00;25.63;0.6898;7.95;7.95;No
59;VALDEMORO;AURGI;VALDEMORO;2026-08-31;22892;0986479A86;BOSCH;JGO. DISCOS DE FRENO;1.00;200.00;0.6396;72.08;72.08;No
59;VALDEMORO;AURGI;VALDEMORO;2026-08-31;22903;C3880;MANN-FILTER;(0) F.AIRE GRUPO VAG 1.4/1.6 16V;1.00;34.22;0.6899;10.61;10.61;No
59;VALDEMORO;AURGI;VALDEMORO;2026-08-31;22911;CU23019;MANN-FILTER;(*) F. HABITAC. MANN;1.00;26.84;0.62;10.20;10.20;No
59;VALDEMORO;AURGI;VALDEMORO;2026-08-31;22916;6060721;GIRLING;JGO. DISCOS DE FRENO;1.00;177.80;0.65;62.23;62.23;No
59;VALDEMORO;AURGI;VALDEMORO;2026-08-31;22916;6117892;GIRLING;PASTILLAS DE FRENO;1.00;77.22;0.73;20.85;20.85;No
59;VALDEMORO;AURGI;VALDEMORO;2026-08-31;22932;6025861;GIRLING;JGO. DISCOS DE FRENO;1.00;136.36;0.65;47.73;47.73;No
59;VALDEMORO;AURGI;VALDEMORO;2026-08-31;22933;2141.20;ROADHOUSE;JGO. PAST.DACIA LOGAN;1.00;56.34;0.705;16.62;16.62;No
59;VALDEMORO;AURGI;VALDEMORO;2026-08-31;22943;154MAF-3H07;MDR;FILTRO DE AIRE;1.00;10.58;0.2505;7.93;7.93;No
59;VALDEMORO;AURGI;VALDEMORO;2026-08-31;22952;003AC1045;AD;FILTROS DE ACEITE;1.00;13.98;0.5501;6.29;6.29;No
59;VALDEMORO;AURGI;VALDEMORO;2026-08-31;22965;102C27079;MANN-FILTER;(0) FLITROS MANN;1.00;28.13;0.69;8.72;8.72;No
59;VALDEMORO;AURGI;VALDEMORO;2026-08-31;22966;040F026407356;BOSCH;Elemento filtro de aceite;1.00;22.90;0.6799;7.33;7.33;No
59;VALDEMORO;AURGI;VALDEMORO;2026-08-31;22966;102C27079;MANN-FILTER;(0) FLITROS MANN;1.00;28.13;0.69;8.72;8.72;No
59;VALDEMORO;AURGI;VALDEMORO;2026-08-31;22966;102CU23024;MANN-FILTER;(*) FILTRO HABITACULO;1.00;37.76;0.62;14.35;14.35;No
59;VALDEMORO;AURGI;VALDEMORO;2026-08-31;22971;29208;FEBI BILSTEIN;TORNILLO DE RUEDA;2.00;2.84;0.3803;1.76;3.52;No
59;VALDEMORO;AURGI;VALDEMORO;2026-08-31;22974;6061504;GIRLING;JGO. DISCOS DE FRENO;-1.00;171.66;0.65;60.08;-60.08;Si
59;VALDEMORO;AURGI;VALDEMORO;2026-08-31;22974;003AD5810;AD;DISCO DE FRENO AD;-2.00;83.89;0.65;29.36;-58.72;Si
59;VALDEMORO;AURGI;VALDEMORO;2026-08-31;22974;6010133;GIRLING;JGO. DISCOS DE FRENO;-1.00;95.28;0.65;33.35;-33.35;Si
59;VALDEMORO;AURGI;VALDEMORO;2026-08-31;22974;003AI3002;AD;FILTROS DE AIRE;-1.00;19.80;0.55;8.91;-8.91;Si
59;VALDEMORO;AURGI;VALDEMORO;2026-08-31;22974;6118939;GIRLING;PASTILLAS DE FRENO;-1.00;71.12;0.73;19.20;-19.20;Si
59;VALDEMORO;AURGI;VALDEMORO;2026-08-31;22974;C2537/1;MANN-FILTER;(0) F.AIRE DAEWOO;-1.00;13.28;0.6898;4.12;-4.12;Si
59;VALDEMORO;AURGI;VALDEMORO;2026-08-31;22974;C2537/1;MANN-FILTER;(0) F.AIRE DAEWOO;-1.00;13.28;0.6898;4.12;-4.12;Si
59;VALDEMORO;AURGI;VALDEMORO;2026-08-31;23017;29208;FEBI BILSTEIN;TORNILLO DE RUEDA;2.00;2.84;0.3803;1.76;3.52;No
61;ALCORCON;AURGI;ALCORCON;2026-08-31;45702;003AC1003;AD;FILTROS DE ACEITE;3.00;10.33;0.5499;4.65;13.95;No
61;ALCORCON;AURGI;ALCORCON;2026-08-31;45745;21302.22;ROADHOUSE;JGO. PASTILLAS FRENO;1.00;116.57;0.705;34.39;34.39;No
61;ALCORCON;AURGI;ALCORCON;2026-08-31;45752;5PK1850;GATES;5PK1850 MV;1.00;40.70;0.5199;19.54;19.54;No
61;ALCORCON;AURGI;ALCORCON;2026-08-31;45786;6PK1830;GATES;6PK1830 MV;1.00;43.20;0.5199;20.74;20.74;No
61;ALCORCON;AURGI;ALCORCON;2026-08-31;45799;6PK1255;GATES;6PK1255 MV;1.00;33.03;0.5201;15.85;15.85;No
61;ALCORCON;AURGI;ALCORCON;2026-08-31;45808;F026407061;BOSCH;Elemento filtro de aceite;1.00;19.00;0.68;6.08;6.08;No
61;ALCORCON;AURGI;ALCORCON;2026-08-31;45817;32788;FEBI BILSTEIN;COJINETE DE APOYO TELESCOPICO;-2.00;57.24;0.38;35.49;-70.98;Si
61;ALCORCON;AURGI;ALCORCON;2026-08-31;45821;003HA2083;AD;FILTROS DE HABITACULO;1.00;11.06;0.5497;4.98;4.98;No
61;ALCORCON;AURGI;ALCORCON;2026-08-31;45859;CU2358;MANN-FILTER;(*) F.HABIT.;1.00;22.76;0.6199;8.65;8.65;No
75;EMILIO MUÑOZ;AURGI;MADRID;2026-08-31;30930;003AC1007;AD;FILTROS DE ACEITE;1.00;11.80;0.55;5.31;5.31;No
75;EMILIO MUÑOZ;AURGI;MADRID;2026-08-31;30950;0403397014877;BOSCH;Juego de raquetas;1.00;48.82;0.55;21.97;21.97;No
75;EMILIO MUÑOZ;AURGI;MADRID;2026-08-31;30996;003AI3173;AD;FILTROS DE AIRE;1.00;21.22;0.55;9.55;9.55;No
77;ARGANDA DEL REY;AURGI;ARGANDA DEL REY;2026-08-31;37255;1457429238;BOSCH;Elemento filtro de aceite;1.00;15.99;0.6798;5.12;5.12;No
77;ARGANDA DEL REY;AURGI;ARGANDA DEL REY;2026-08-31;37257;C21116/1;MANN-FILTER;(0) F.AIRE;1.00;21.56;0.6902;6.68;6.68;No
77;ARGANDA DEL REY;AURGI;ARGANDA DEL REY;2026-08-31;37257;CU2245;MANN-FILTER;(*) F.HABIT.;1.00;20.26;0.6199;7.70;7.70;No
77;ARGANDA DEL REY;AURGI;ARGANDA DEL REY;2026-08-31;37259;040F026407396;BOSCH;Filtro de aceite;1.00;12.20;0.6803;3.90;3.90;No
77;ARGANDA DEL REY;AURGI;ARGANDA DEL REY;2026-08-31;37270;003HA2057;AD;FILTROS DE HABITACULO;1.00;19.16;0.5501;8.62;8.62;No
77;ARGANDA DEL REY;AURGI;ARGANDA DEL REY;2026-08-31;37329;CU24004;MANN-FILTER;(*) FILTRO HABITAC. HYUNDAI IX 35;1.00;21.97;0.6199;8.35;8.35;No
77;ARGANDA DEL REY;AURGI;ARGANDA DEL REY;2026-08-31;37374;CUK25003;MANN-FILTER;(*) FILTRO HABITAC. MANN;1.00;36.18;0.62;13.75;13.75;No
78;OLIAS DEL REY;AURGI;OLÍAS DEL REY;2026-08-31;78252;F026402204;BOSCH;Filtro tuberia combust.;1.00;111.50;0.6;44.60;44.60;No
78;OLIAS DEL REY;AURGI;OLÍAS DEL REY;2026-08-31;78413;ADV182312;BLUE PRINT;FILTRO DE CARBURANTE;1.00;10.74;0.0801;9.88;9.88;No
78;OLIAS DEL REY;AURGI;OLÍAS DEL REY;2026-08-31;78419;ADV182312;BLUE PRINT;FILTRO DE CARBURANTE;1.00;10.74;0.0801;9.88;9.88;No
79;MARQUES DE VADILLO;AURGI;MADRID;2026-08-31;37320;835L-0660;SPJ;Cristal con Soporte Ducato '2006- +;1.00;47.60;0.6;19.04;19.04;No
79;MARQUES DE VADILLO;AURGI;MADRID;2026-08-31;37347;6079112;GIRLING;JGO. DISCOS DE FRENO;1.00;135.56;0.65;47.45;47.45;No
79;MARQUES DE VADILLO;AURGI;MADRID;2026-08-31;37347;0986494659;BOSCH;Pastilla freno;1.00;74.50;0.7101;21.60;21.60;No
79;MARQUES DE VADILLO;AURGI;MADRID;2026-08-31;37354;62118.10;ROADHOUSE;JGO. DISCOS DE FRENO (precio ud.);2.00;103.65;0.6;41.46;82.92;No
79;MARQUES DE VADILLO;AURGI;MADRID;2026-08-31;37399;21710.00;ROADHOUSE;JGO. PAST. SEAT LEON;1.00;89.02;0.705;26.26;26.26;No
79;MARQUES DE VADILLO;AURGI;MADRID;2026-08-31;37446;C30138;MANN-FILTER;(0) F.AIRE OPEL;-1.00;27.66;0.6902;8.57;-8.57;Si
79;MARQUES DE VADILLO;AURGI;MADRID;2026-08-31;37446;CU2757;MANN-FILTER;(*) F.HABIT.;-1.00;23.03;0.6201;8.75;-8.75;Si
79;MARQUES DE VADILLO;AURGI;MADRID;2026-08-31;37446;3397008634;BOSCH;Raqueta limpia-cristales;-1.00;11.97;0.5497;5.39;-5.39;Si
89;LA VAGUADA;AURGI;MADRID;2026-08-31;29590;0986494691;BOSCH;Pastilla freno;1.00;86.50;0.7101;25.08;25.08;No
89;LA VAGUADA;AURGI;MADRID;2026-08-31;29605;24562;SPIDAN;MERCEDES A-CLASS A/B 150 170 LR;1.00;33.60;0.3;23.52;23.52;No
89;LA VAGUADA;AURGI;MADRID;2026-08-31;29656;1987474551;BOSCH;Sonda desgaste p.sbb;1.00;18.95;0.4501;10.42;10.42;No
89;LA VAGUADA;AURGI;MADRID;2026-08-31;29656;003P071106;AD;JGO. PASTILLAS FRENO AD;1.00;41.70;0.5;20.85;20.85;No
89;LA VAGUADA;AURGI;MADRID;2026-08-31;29658;1987474551;BOSCH;Sonda desgaste p.sbb;1.00;18.95;0.4501;10.42;10.42;No
89;LA VAGUADA;AURGI;MADRID;2026-08-31;29660;0400986494654;BOSCH;Pastilla freno;1.00;62.55;0.71;18.14;18.14;No
89;LA VAGUADA;AURGI;MADRID;2026-08-31;29661;6113301;GIRLING;PASTILLAS DE FRENO;1.00;45.19;0.73;12.20;12.20;No
154;ALUCHE;AURGI;MADRID;2026-09-01;37596;0242229652;BOSCH;Bujia antiparasita;3.00;19.86;0.53;9.33;28.00;No
154;ALUCHE;AURGI;MADRID;2026-09-01;37622;0986479088;BOSCH;JGO. DISCOS DE FRENO;1.00;242.00;0.6396;87.22;87.22;No
154;ALUCHE;AURGI;MADRID;2026-09-01;37634;0242229652;BOSCH;Bujia antiparasita;1.00;19.86;0.5302;9.33;9.33;No
154;ALUCHE;AURGI;MADRID;2026-09-01;37645;24796;FAE;Interruptor luz de stop mecánico;1.00;13.54;0.2999;9.48;9.48;No
172;GOYA;MOTORTOWN;MADRID;2026-09-01;18843;2645.22;ROADHOUSE;JGO. PAST. DAEWOO NUBIRA 1.6i,1.8i;1.00;66.27;0.705;19.55;19.55;No
172;GOYA;MOTORTOWN;MADRID;2026-09-01;18873;040F026407356;BOSCH;Elemento filtro de aceite;-1.00;22.90;0.6799;7.33;-7.33;Si
172;GOYA;MOTORTOWN;MADRID;2026-09-01;18873;102C25129;MANN-FILTER;(0) FILTRO AIRE;-1.00;46.56;0.6901;14.43;-14.43;Si
172;GOYA;MOTORTOWN;MADRID;2026-09-01;18883;0986478192;BOSCH;JGO. DISCOS DE FRENO;1.00;168.80;0.6396;60.84;60.84;No
172;GOYA;MOTORTOWN;MADRID;2026-09-01;18889;3397004633;BOSCH;Raqueta limpia-cristales;1.00;20.92;0.5502;9.41;9.41;No
172;GOYA;MOTORTOWN;MADRID;2026-09-01;18902;3397007297;BOSCH;Juego de raquetas;1.00;47.95;0.5499;21.58;21.58;No
190;SANCHINARRO;MOTORTOWN;MADRID;2026-09-01;63315;2911511;ALKAR;VOLVO V40 (12-)PIL ANT TR I H2;1.00;36.48;0.3701;22.98;22.98;No
190;SANCHINARRO;MOTORTOWN;MADRID;2026-09-01;63360;6060721;GIRLING;JGO. DISCOS DE FRENO;1.00;177.80;0.65;62.23;62.23;No
190;SANCHINARRO;MOTORTOWN;MADRID;2026-09-01;63360;0986494441;BOSCH;Pastilla freno;1.00;78.00;0.71;22.62;22.62;No
190;SANCHINARRO;MOTORTOWN;MADRID;2026-09-01;63411;F026402247;BOSCH;Elem. filtr. combustible;-1.00;41.50;0.6;16.60;-16.60;Si
190;SANCHINARRO;MOTORTOWN;MADRID;2026-09-01;63411;6115502;GIRLING;PASTILLAS DE FRENO;-1.00;80.06;0.73;21.62;-21.62;Si
190;SANCHINARRO;MOTORTOWN;MADRID;2026-09-01;63411;HU6018z;MANN-FILTER;(0) FILTRO AC. ASTRA/ZAFIRA;-1.00;19.06;0.6899;5.91;-5.91;Si
190;SANCHINARRO;MOTORTOWN;MADRID;2026-09-01;63411;0092S5A130;BOSCH;(36-12) Baterías (12V) S5A 95AH 850;-1.00;367.00;0.38;227.54;-227.54;Si
190;SANCHINARRO;MOTORTOWN;MADRID;2026-09-01;63415;102HU6042Z;MANN-FILTER;(0) FILTRO ACEITE;-1.00;43.75;0.6901;13.56;-13.56;Si
190;SANCHINARRO;MOTORTOWN;MADRID;2026-09-01;63415;W719/15;MANN-FILTER;(0) F.ACEITE BMW 320-520;-1.00;25.31;0.6898;7.85;-7.85;Si
190;SANCHINARRO;MOTORTOWN;MADRID;2026-09-01;63415;W7032;MANN-FILTER;(0) F. ACEITE MANN;-1.00;20.94;0.6901;6.49;-6.49;Si
190;SANCHINARRO;MOTORTOWN;MADRID;2026-09-01;63415;102HU618Y;MANN-FILTER;(0) FILTRO ACEITE;-1.00;22.34;0.6898;6.93;-6.93;Si
190;SANCHINARRO;MOTORTOWN;MADRID;2026-09-01;63415;W79;MANN-FILTER;(0) F.ACEITE RENAULT;-1.00;14.38;0.6898;4.46;-4.46;Si
190;SANCHINARRO;MOTORTOWN;MADRID;2026-09-01;63415;CU22022;MANN-FILTER;(*) FILTRO MANN;-1.00;25.26;0.62;9.60;-9.60;Si
190;SANCHINARRO;MOTORTOWN;MADRID;2026-09-01;63415;C31028;MANN-FILTER;(0) FILTRO AIRE;-1.00;32.81;0.69;10.17;-10.17;Si
190;SANCHINARRO;MOTORTOWN;MADRID;2026-09-01;63415;CU1919;MANN-FILTER;(*) F.HABIT.;-1.00;16.45;0.6201;6.25;-6.25;Si
190;SANCHINARRO;MOTORTOWN;MADRID;2026-09-01;63415;C35154;MANN-FILTER;(0) F.AIRE;-1.00;27.81;0.69;8.62;-8.62;Si
190;SANCHINARRO;MOTORTOWN;MADRID;2026-09-01;63415;CU2939;MANN-FILTER;(*) F.HABIT.;-1.00;18.29;0.62;6.95;-6.95;Si
190;SANCHINARRO;MOTORTOWN;MADRID;2026-09-01;63415;HU719/7x;MANN-FILTER;(0) F.ACEITE IBIZA TDI;-1.00;13.13;0.69;4.07;-4.07;Si
190;SANCHINARRO;MOTORTOWN;MADRID;2026-09-01;63415;W68/3;MANN-FILTER;(0) ILTRO ACEITE TOYOTA AVENSIS;-1.00;14.38;0.6898;4.46;-4.46;Si
190;SANCHINARRO;MOTORTOWN;MADRID;2026-09-01;63415;W7057;MANN-FILTER;(0) F. ACEITE MANN;-1.00;21.09;0.6899;6.54;-6.54;Si
190;SANCHINARRO;MOTORTOWN;MADRID;2026-09-01;63415;101933;FEBI BILSTEIN;SILENTBLOCK;-3.00;25.79;0.38;15.99;-47.97;Si
190;SANCHINARRO;MOTORTOWN;MADRID;2026-09-01;63415;CUK24003;MANN-FILTER;(*) F. HABITAC. MANN;-1.00;57.11;0.62;21.70;-21.70;Si
190;SANCHINARRO;MOTORTOWN;MADRID;2026-09-01;63415;C16012;MANN-FILTER;(0) F. AIRE MANN;-1.00;40.31;0.6899;12.50;-12.50;Si
190;SANCHINARRO;MOTORTOWN;MADRID;2026-09-01;63416;051FDB1788;FERODO;PASTILLA FRENO CITROËN DS3;1.00;61.84;0.705;18.24;18.24;No
190;SANCHINARRO;MOTORTOWN;MADRID;2026-09-01;63418;6042951;GIRLING;JGO. DISCOS DE FRENO;-1.00;183.88;0.65;64.36;-64.36;Si
190;SANCHINARRO;MOTORTOWN;MADRID;2026-09-01;63457;HU7020z;MANN-FILTER;(0) F. ACEITE MANN;1.00;19.91;0.6901;6.17;6.17;No
190;SANCHINARRO;MOTORTOWN;MADRID;2026-09-01;63458;F026407082;BOSCH;Elemento filtro de aceite;1.00;22.95;0.6802;7.34;7.34;No
190;SANCHINARRO;MOTORTOWN;MADRID;2026-09-01;63461;HU7041Z;MANN-FILTER;(0) F. ACEITE MANN;1.00;18.00;0.69;5.58;5.58;No
190;SANCHINARRO;MOTORTOWN;MADRID;2026-09-01;63461;102H7042Z;MANN-FILTER;(0) FLITROS MANN;1.00;35.81;0.69;11.10;11.10;No
190;SANCHINARRO;MOTORTOWN;MADRID;2026-09-01;63500;HU612/2x;MANN-FILTER;(0) F.ACEITE ALFA 159/ASTRA H;1.00;15.75;0.6902;4.88;4.88;No
190;SANCHINARRO;MOTORTOWN;MADRID;2026-09-01;63503;C22018;MANN-FILTER;(0) FILTRO MANN;1.00;62.09;0.69;19.25;19.25;No
190;SANCHINARRO;MOTORTOWN;MADRID;2026-09-01;63503;CU23015-2;MANN-FILTER;(*) FILTRO HABITAC. MANN;1.00;62.74;0.62;23.84;23.84;No
190;SANCHINARRO;MOTORTOWN;MADRID;2026-09-01;63503;F026407277;BOSCH;Elemento filtro de aceite;1.00;27.30;0.6799;8.74;8.74;No
190;SANCHINARRO;MOTORTOWN;MADRID;2026-09-01;63503;F026407204;BOSCH;Elemento filtro de aceite;1.00;29.50;0.68;9.44;9.44;No
190;SANCHINARRO;MOTORTOWN;MADRID;2026-09-01;63524;040F026407402;BOSCH;Elemento filtro de aceite;1.00;12.50;0.68;4.00;4.00;No
190;SANCHINARRO;MOTORTOWN;MADRID;2026-09-01;63525;HU716/2x;MANN-FILTER;(0) F.ACEITE CITR-PEUGE;1.00;14.34;0.6897;4.45;4.45;No
190;SANCHINARRO;MOTORTOWN;MADRID;2026-09-01;63525;C16134/2;MANN-FILTER;(0) FILTRO AIRE;1.00;28.19;0.69;8.74;8.74;No
190;SANCHINARRO;MOTORTOWN;MADRID;2026-09-01;63525;CU25007;MANN-FILTER;(*) F. HABITAC. MANN;1.00;23.87;0.62;9.07;9.07;No
190;SANCHINARRO;MOTORTOWN;MADRID;2026-09-01;63528;040F026402398;BOSCH;Elem. filtr. combustible;1.00;102.10;0.6;40.84;40.84;No
190;SANCHINARRO;MOTORTOWN;MADRID;2026-09-01;63532;3397014095;BOSCH;Juego de raquetas;1.00;47.76;0.55;21.49;21.49;No
190;SANCHINARRO;MOTORTOWN;MADRID;2026-09-01;63599;8DD 355 132-281;HELLA;56066PRO DISCOS;2.00;82.00;0.48;42.64;85.28;No
190;SANCHINARRO;MOTORTOWN;MADRID;2026-09-01;63621;12821810.02;ROADHOUSE;JGO. PAST.MOKKA X (06/12-);1.00;116.98;0.705;34.51;34.51;No
199;ALCALA DE HENARES;MOTORTOWN;ALCALA DE HENARES;2026-09-01;53349;C25002;MANN-FILTER;(0) FILTRO MANN;1.00;36.16;0.69;11.21;11.21;No
199;ALCALA DE HENARES;MOTORTOWN;ALCALA DE HENARES;2026-09-01;53361;564A01100000;EPM;PLACA MATRICULA LARGA CHAPA;1.00;7.77;0.2497;5.83;5.83;No
199;ALCALA DE HENARES;MOTORTOWN;ALCALA DE HENARES;2026-09-01;53362;50-04055;TALOSA;BIELETA DEL IZDA HYUNDAI GETZ 2002;1.00;17.48;0.5;8.74;8.74;No
199;ALCALA DE HENARES;MOTORTOWN;ALCALA DE HENARES;2026-09-01;53362;50-04054;TALOSA;BIELETA DEL DCHA HYUNDAI GETZ;1.00;17.48;0.5;8.74;8.74;No
199;ALCALA DE HENARES;MOTORTOWN;ALCALA DE HENARES;2026-09-01;53404;F026407277;BOSCH;Elemento filtro de aceite;1.00;27.30;0.6799;8.74;8.74;No
199;ALCALA DE HENARES;MOTORTOWN;ALCALA DE HENARES;2026-09-01;53434;3397008635;BOSCH;Raqueta limpia-cristales;1.00;15.34;0.5502;6.90;6.90;No
199;ALCALA DE HENARES;MOTORTOWN;ALCALA DE HENARES;2026-09-01;53466;3397011433;BOSCH;Raqueta limpia-cristales;1.00;11.17;0.5497;5.03;5.03;No
199;ALCALA DE HENARES;MOTORTOWN;ALCALA DE HENARES;2026-09-01;53480;6PK1840;GATES;6PK1840 MV;1.00;41.20;0.5199;19.78;19.78;No
202;CAMPO DE LAS NACIONES;MOTORTOWN;MADRID;2026-09-01;31123;6117911;GIRLING;PASTILLAS DE FRENO;1.00;64.43;0.7299;17.40;17.40;No
202;CAMPO DE LAS NACIONES;MOTORTOWN;MADRID;2026-09-01;31130;276180596;FEBI BILSTEIN;SOPORTE DE MOTOR;1.00;222.03;0.33;148.76;148.76;No
202;CAMPO DE LAS NACIONES;MOTORTOWN;MADRID;2026-09-01;31181;835SP-033;SPJ;Bomba Lavaparabrisas  CITROEN C3 LV;1.00;8.60;0.3;6.02;6.02;No
202;CAMPO DE LAS NACIONES;MOTORTOWN;MADRID;2026-09-01;31219;C22031;MANN-FILTER;(0) F. AIRE MANN;1.00;35.34;0.6899;10.96;10.96;No
202;CAMPO DE LAS NACIONES;MOTORTOWN;MADRID;2026-09-01;31240;C30115;MANN-FILTER;(0) F.AIRE JAGUAR;1.00;26.91;0.6901;8.34;8.34;No
202;CAMPO DE LAS NACIONES;MOTORTOWN;MADRID;2026-09-01;31243;0986494659;BOSCH;Pastilla freno;1.00;74.50;0.7101;21.60;21.60;No
21;LEGANES;AURGI;LEGANES;2026-09-01;26192;42-00986;TALOSA;ROT DIR I/D PEUGEOT/TALBOT/CITROEN;1.00;16.90;0.5;8.45;8.45;No
21;LEGANES;AURGI;LEGANES;2026-09-01;26193;003P056130;AD;JGO. PASTILLAS FRENO AD;1.00;47.22;0.5;23.61;23.61;No
21;LEGANES;AURGI;LEGANES;2026-09-01;26234;003AD5778;AD;DISCO DE FRENO AD;2.00;66.75;0.65;23.36;46.73;No
21;LEGANES;AURGI;LEGANES;2026-09-01;26264;003P039130;AD;JGO. PASTILLAS FRENO AD;1.00;59.56;0.5;29.78;29.78;No
21;LEGANES;AURGI;LEGANES;2026-09-01;26282;1457433307;BOSCH;Cartucho filtrante aire;-1.00;23.00;0.68;7.36;-7.36;Si
21;LEGANES;AURGI;LEGANES;2026-09-01;26282;F026402048;BOSCH;Filtro-box de combustible;-1.00;53.10;0.6;21.24;-21.24;Si
21;LEGANES;AURGI;LEGANES;2026-09-01;26282;23688;SPIDAN;VW GOLF V 1.4/SKODA OCTAVIA LR;-1.00;21.85;0.3002;15.29;-15.29;Si
21;LEGANES;AURGI;LEGANES;2026-09-01;26282;21063.02;ROADHOUSE;JGO. PAST. KIA SORENTO/RODIUS;-1.00;89.81;0.705;26.49;-26.49;Si
21;LEGANES;AURGI;LEGANES;2026-09-01;26306;C37005;MANN-FILTER;(0) F. AIRE MANN;1.00;32.47;0.6899;10.07;10.07;No
21;LEGANES;AURGI;LEGANES;2026-09-01;26306;HU718/6x;MANN-FILTER;(0) F.ACEITE HONDA ACCORD VIII;1.00;19.75;0.6901;6.12;6.12;No
21;LEGANES;AURGI;LEGANES;2026-09-01;26359;ADBP210019;BLUE PRINT;FILTRO DE ACEITE;1.00;4.87;0.0801;4.48;4.48;No
21;LEGANES;AURGI;LEGANES;2026-09-01;26378;62.005;AD;Ace. AD SFA 5W20 5 l.;1.00;77.82;0.4;46.69;46.69;No
21;LEGANES;AURGI;LEGANES;2026-09-01;26378;AFU CAT-E;IMPUESTOS;APORTACION AL SIGAUS (RD679/2006);1.00;0.23;0;0.23;0.23;No
21;LEGANES;AURGI;LEGANES;2026-09-01;26391;F026407142;BOSCH;Filtro de aceite;1.00;14.99;0.6798;4.80;4.80;No
21;LEGANES;AURGI;LEGANES;2026-09-01;26392;;PURFLUX;FILTER ENGINE OIL LS301 PFX BOX;1.00;15.03;0.6001;6.01;6.01;No
210;POZUELO DE ALARCÓN;MOTORTOWN;POZUELO DE ALARCÓN;2026-09-01;24691;0986494819;BOSCH;Pastilla freno;1.00;88.80;0.71;25.75;25.75;No
210;POZUELO DE ALARCÓN;MOTORTOWN;POZUELO DE ALARCÓN;2026-09-01;24737;6119342;GIRLING;PASTILLAS DE FRENO;1.00;125.25;0.73;33.82;33.82;No
210;POZUELO DE ALARCÓN;MOTORTOWN;POZUELO DE ALARCÓN;2026-09-01;24737;1987474550;BOSCH;Sonda desgaste p.sbb;1.00;18.95;0.4501;10.42;10.42;No
210;POZUELO DE ALARCÓN;MOTORTOWN;POZUELO DE ALARCÓN;2026-09-01;24757;0400986479E58;BOSCH;JGO. DISCOS DE FRENO;1.00;217.70;0.6396;78.46;78.46;No
210;POZUELO DE ALARCÓN;MOTORTOWN;POZUELO DE ALARCÓN;2026-09-01;24757;276179229;FEBI BILSTEIN;SENSOR DE ABRASION;1.00;30.20;0.3801;18.72;18.72;No
210;POZUELO DE ALARCÓN;MOTORTOWN;POZUELO DE ALARCÓN;2026-09-01;24796;21398.12;ROADHOUSE;JGO. PASTILLAS FRENO RH;1.00;109.17;0.705;32.21;32.21;No
210;POZUELO DE ALARCÓN;MOTORTOWN;POZUELO DE ALARCÓN;2026-09-01;24797;0986494558;BOSCH;Pastilla freno;1.00;105.45;0.71;30.58;30.58;No
210;POZUELO DE ALARCÓN;MOTORTOWN;POZUELO DE ALARCÓN;2026-09-01;24799;3397014313;BOSCH;Juego de raquetas;1.00;48.13;0.55;21.66;21.66;No
213;EL BERCIAL;MOTORTOWN;GETAFE;2026-09-01;26139;107463;FEBI BILSTEIN;BOMBA DE AGUA DE LAVADO;1.00;14.94;0.3802;9.26;9.26;No
213;EL BERCIAL;MOTORTOWN;GETAFE;2026-09-01;26235;CU24013;MANN-FILTER;(*) FILTRO MANN;1.00;26.82;0.6201;10.19;10.19;No
213;EL BERCIAL;MOTORTOWN;GETAFE;2026-09-01;26396;6135495;GIRLING;PASTILLAS DE FRENO;1.00;84.76;0.7299;22.89;22.89;No
224;TALAVERA;MOTORTOWN;TALAVERA;2026-09-01;28661;JB625650;JUNIOR;RESORTE MM.625 Y FUERZA EN NEWTONS;1.00;21.00;0.4;12.60;12.60;No
224;TALAVERA;MOTORTOWN;TALAVERA;2026-09-01;28691;JB625650;JUNIOR;RESORTE MM.625 Y FUERZA EN NEWTONS;1.00;21.00;0.4;12.60;12.60;No
224;TALAVERA;MOTORTOWN;TALAVERA;2026-09-01;28706;21516.40;ROADHOUSE;JGO. PAST. LAND ROVER DISCOVERY;1.00;71.49;0.705;21.09;21.09;No
224;TALAVERA;MOTORTOWN;TALAVERA;2026-09-01;28707;21516.40;ROADHOUSE;JGO. PAST. LAND ROVER DISCOVERY;-1.00;71.49;0.705;21.09;-21.09;Si
224;TALAVERA;MOTORTOWN;TALAVERA;2026-09-01;28708;21516.40;ROADHOUSE;JGO. PAST. LAND ROVER DISCOVERY;1.00;71.49;0.705;21.09;21.09;No
23;SAN SEBASTIAN;AURGI;SS REYES;2026-09-01;63664;0401987473604;BOSCH;Sonda desgaste p.sbb;1.00;18.00;0.45;9.90;9.90;No
23;SAN SEBASTIAN;AURGI;SS REYES;2026-09-01;63664;1987473603;BOSCH;Sonda desgaste p.sbb;1.00;15.00;0.45;8.25;8.25;No
24;PINTO;AURGI;PINTO;2026-09-01;31444;6603.10;ROADHOUSE;JGO. DISCOS DE FRENO (precio ud.);2.00;80.94;0.6;32.38;64.75;No
24;PINTO;AURGI;PINTO;2026-09-01;31519;79132;FAE;Sensor de revoluciones;1.00;44.62;0.3001;31.23;31.23;No
25;LAS ROZAS;AURGI;LAS ROZAS;2026-09-01;76539;1987474550;BOSCH;Sonda desgaste p.sbb;1.00;18.95;0.4501;10.42;10.42;No
25;LAS ROZAS;AURGI;LAS ROZAS;2026-09-01;76539;1987474551;BOSCH;Sonda desgaste p.sbb;1.00;18.95;0.4501;10.42;10.42;No
25;LAS ROZAS;AURGI;LAS ROZAS;2026-09-01;76543;6PK1078;GATES;6PK1078 MV;1.00;28.03;0.5202;13.45;13.45;No
25;LAS ROZAS;AURGI;LAS ROZAS;2026-09-01;76548;21722.02;ROADHOUSE;JGO. PAST. ALFA GIULIA;1.00;81.77;0.705;24.12;24.12;No
25;LAS ROZAS;AURGI;LAS ROZAS;2026-09-01;76649;0986494660;BOSCH;Pastilla freno;1.00;112.00;0.71;32.48;32.48;No
25;LAS ROZAS;AURGI;LAS ROZAS;2026-09-01;76649;6336601;GIRLING;CABLE AVISADOR;1.00;8.86;0.3995;5.32;5.32;No
40;VALLECAS;AURGI;MADRID;2026-09-01;32991;C30004;MANN-FILTER;(0) FILTRO AI. A3/LEON/OCTAVIA TDI;1.00;45.38;0.69;14.07;14.07;No
40;VALLECAS;AURGI;MADRID;2026-09-01;32996;F026400287;BOSCH;Cartucho filtrante aire;1.00;34.95;0.6801;11.18;11.18;No
40;VALLECAS;AURGI;MADRID;2026-09-01;32998;C30004;MANN-FILTER;(0) FILTRO AI. A3/LEON/OCTAVIA TDI;-1.00;45.38;0.69;14.07;-14.07;Si
40;VALLECAS;AURGI;MADRID;2026-09-01;33009;W7023;MANN-FILTER;(0) F. ACEITE MANN;1.00;15.13;0.69;4.69;4.69;No
40;VALLECAS;AURGI;MADRID;2026-09-01;33057;161245768;VALEO;Ignition coil NISSAN;1.00;119.53;0.3;83.67;83.67;No
40;VALLECAS;AURGI;MADRID;2026-09-01;33065;C31031;MANN-FILTER;(0) F. AIRE MANN;1.00;32.97;0.69;10.22;10.22;No
40;VALLECAS;AURGI;MADRID;2026-09-01;33072;564A01100000;EPM;PLACA MATRICULA LARGA CHAPA;1.00;7.77;0.2497;5.83;5.83;No
40;VALLECAS;AURGI;MADRID;2026-09-01;33074;564A01100000;EPM;PLACA MATRICULA LARGA CHAPA;1.00;7.77;0.2497;5.83;5.83;No
40;VALLECAS;AURGI;MADRID;2026-09-01;33103;6042461;GIRLING;JGO. DISCOS DE FRENO;-1.00;217.74;0.65;76.21;-76.21;Si
40;VALLECAS;AURGI;MADRID;2026-09-01;33103;21238.02;ROADHOUSE;JGO. PASTILLAS FRENO RH;-1.00;96.53;0.705;28.48;-28.48;Si
40;VALLECAS;AURGI;MADRID;2026-09-01;33103;21580.02;ROADHOUSE;JGO. PAST. OPEL ADAM/CORSA;-1.00;81.58;0.705;24.07;-24.07;Si
40;VALLECAS;AURGI;MADRID;2026-09-01;33103;0986424021;BOSCH;Pastilla freno;-1.00;66.90;0.71;19.40;-19.40;Si
40;VALLECAS;AURGI;MADRID;2026-09-01;33103;003P084161;AD;JGO. PASTILLAS FRENO AD;-1.00;27.75;0.5002;13.87;-13.87;Si
40;VALLECAS;AURGI;MADRID;2026-09-01;33103;;PURFLUX;FILTER DIESEL FUEL FCS921 PFX BOX;-1.00;120.24;0.6;48.10;-48.10;Si
40;VALLECAS;AURGI;MADRID;2026-09-01;33103;PU9011zkit;MANN-FILTER;(0) FILTRO COMB. DACIA LOGAN/KANGOO;-1.00;32.34;0.6899;10.03;-10.03;Si
40;VALLECAS;AURGI;MADRID;2026-09-01;33103;102W6031;MANN-FILTER;(0) FILTRO ACEITE;-1.00;13.28;0.6898;4.12;-4.12;Si
40;VALLECAS;AURGI;MADRID;2026-09-01;33103;W7023;MANN-FILTER;(0) F. ACEITE MANN;-1.00;15.13;0.69;4.69;-4.69;Si
40;VALLECAS;AURGI;MADRID;2026-09-01;33103;W7063;MANN-FILTER;(0) FILTRO ACEITE MANN;-1.00;26.41;0.6899;8.19;-8.19;Si
40;VALLECAS;AURGI;MADRID;2026-09-01;33103;10530330;METALCAUCHO;caja del termostato qashqai;-1.00;105.39;0.4;63.23;-63.23;Si
40;VALLECAS;AURGI;MADRID;2026-09-01;33103;01635;METALCAUCHO;kit fuelle universal;-1.00;11.63;0.3998;6.98;-6.98;Si
40;VALLECAS;AURGI;MADRID;2026-09-01;33103;1987302152;BOSCH;Lampara de incandescencia;-1.00;13.05;0.5502;5.87;-5.87;Si
40;VALLECAS;AURGI;MADRID;2026-09-01;33105;42-02120;TALOSA;ROT DIR DCHA AUDI A-3, 96/03;-1.00;27.35;0.5002;13.67;-13.67;Si
40;VALLECAS;AURGI;MADRID;2026-09-01;33105;42-02121;TALOSA;ROT DIR IZDA AUDI A-3, 96/03;-1.00;27.35;0.5002;13.67;-13.67;Si
40;VALLECAS;AURGI;MADRID;2026-09-01;33105;50-09965;TALOSA;BIELETA PEUGEOT 206 1998-;-1.00;20.87;0.5002;10.43;-10.43;Si
40;VALLECAS;AURGI;MADRID;2026-09-01;33112;564A01100000;EPM;PLACA MATRICULA LARGA CHAPA;1.00;7.77;0.2497;5.83;5.83;No
40;VALLECAS;AURGI;MADRID;2026-09-01;33114;564A10152001;EPM;PLACA MATRICULA LARGA ACRILICA;2.00;9.52;0.2999;6.66;13.33;No
40;VALLECAS;AURGI;MADRID;2026-09-01;33115;0986AH0300;BOSCH;Relé;2.00;3.22;0.2997;2.25;4.51;No
40;VALLECAS;AURGI;MADRID;2026-09-01;33119;6041101;GIRLING;JGO. DISCOS DE FRENO;1.00;180.10;0.65;63.04;63.04;No
40;VALLECAS;AURGI;MADRID;2026-09-01;33119;6061861;GIRLING;JGO. DISCOS DE FRENO;1.00;176.86;0.65;61.90;61.90;No
40;VALLECAS;AURGI;MADRID;2026-09-01;33120;0400986460063;BOSCH;Pastilla freno;1.00;72.50;0.7101;21.02;21.02;No
40;VALLECAS;AURGI;MADRID;2026-09-01;33121;67164176;OSRAM;LAMP. HAL. 12V H15 PGJ23t-1 12V 55/;1.00;47.90;0.6;19.16;19.16;No
40;VALLECAS;AURGI;MADRID;2026-09-01;33123;CU25007;MANN-FILTER;(*) F. HABITAC. MANN;1.00;23.87;0.62;9.07;9.07;No
40;VALLECAS;AURGI;MADRID;2026-09-01;33127;C30005;MANN-FILTER;(0) FILTRO AI. LEON/GOLF VII/OCTAV;1.00;42.50;0.6901;13.17;13.17;No
40;VALLECAS;AURGI;MADRID;2026-09-01;33128;0986AH0300;BOSCH;Relé;3.00;3.22;0.3002;2.25;6.76;No
40;VALLECAS;AURGI;MADRID;2026-09-01;33140;0400986494623;BOSCH;Pastilla freno;1.00;64.00;0.71;18.56;18.56;No
40;VALLECAS;AURGI;MADRID;2026-09-01;33140;0986478618;BOSCH;JGO. DISCOS DE FRENO;1.00;170.00;0.6396;61.27;61.27;No
40;VALLECAS;AURGI;MADRID;2026-09-01;33183;50-02639;TALOSA;BIELETA OPEL VECTRA-ASTRA, 96-;2.00;24.36;0.5;12.18;24.36;No
45;ANTONIO LOPEZ;AURGI;MADRID;2026-09-01;24918;6045584;GIRLING;JGO. DISCOS DE FRENO;1.00;160.08;0.65;56.03;56.03;No
45;ANTONIO LOPEZ;AURGI;MADRID;2026-09-01;24928;6119572;GIRLING;PASTILLAS DE FRENO;1.00;69.59;0.73;18.79;18.79;No
45;ANTONIO LOPEZ;AURGI;MADRID;2026-09-01;24933;0986494658;BOSCH;Pastilla freno;1.00;79.95;0.7099;23.19;23.19;No
45;ANTONIO LOPEZ;AURGI;MADRID;2026-09-01;24934;6119572;GIRLING;PASTILLAS DE FRENO;-1.00;69.59;0.73;18.79;-18.79;Si
45;ANTONIO LOPEZ;AURGI;MADRID;2026-09-01;24936;04248;METALCAUCHO;tornillo rueda Seat-VW;4.00;3.45;0.4;2.07;8.28;No
45;ANTONIO LOPEZ;AURGI;MADRID;2026-09-01;24973;0400986460244;BOSCH;Pastilla freno;1.00;122.20;0.71;35.44;35.44;No
45;ANTONIO LOPEZ;AURGI;MADRID;2026-09-01;24974;6065044;GIRLING;JGO. DISCOS DE FRENO;1.00;200.72;0.65;70.25;70.25;No
45;ANTONIO LOPEZ;AURGI;MADRID;2026-09-01;24987;003P124185;AD;JGO. PASTILLAS FRENO AD;1.00;44.96;0.5;22.48;22.48;No
45;ANTONIO LOPEZ;AURGI;MADRID;2026-09-01;24988;0986494658;BOSCH;Pastilla freno;-1.00;79.95;0.7099;23.19;-23.19;Si
45;ANTONIO LOPEZ;AURGI;MADRID;2026-09-01;25006;HU6028Z;MANN-FILTER;(0) FILTRO ACEITE MANN;1.00;26.59;0.6901;8.24;8.24;No
45;ANTONIO LOPEZ;AURGI;MADRID;2026-09-01;25023;50-03510;TALOSA;BIELETA DEL VW POLO IV, 01-;2.00;23.96;0.5;11.98;23.96;No
53;RIVAS;AURGI;RIVAS VACIAMADRID;2026-09-01;17096;564A10152001;EPM;PLACA MATRICULA LARGA ACRILICA;1.00;9.52;0.3004;6.66;6.66;No
53;RIVAS;AURGI;RIVAS VACIAMADRID;2026-09-01;17147;02677;METALCAUCHO;tapón de plástico, cárter de aceite;1.00;11.78;0.3998;7.07;7.07;No
53;RIVAS;AURGI;RIVAS VACIAMADRID;2026-09-01;17152;05134;METALCAUCHO;junta silicona TurboPSA 1.6HD;1.00;16.16;0.3998;9.70;9.70;No
54;VILLALBA;AURGI;COLLADO VILLALBA;2026-09-01;62498;67164137ULT;OSRAM;LAMP. INT. AUX 12V HY21W  BAW9s 12V;1.00;19.80;0.55;8.91;8.91;No
54;VILLALBA;AURGI;COLLADO VILLALBA;2026-09-01;62503;0986479A02;BOSCH;(1) DISCO DE FRENO;2.00;148.25;0.6396;53.43;106.86;No
54;VILLALBA;AURGI;COLLADO VILLALBA;2026-09-01;62521;01297;METALCAUCHO;kit l/rda Ibiza - Golf 3;-1.00;15.69;0.4003;9.41;-9.41;Si
54;VILLALBA;AURGI;COLLADO VILLALBA;2026-09-01;62521;003HA2020;AD;FILTROS DE HABITACULO;-1.00;10.46;0.5497;4.71;-4.71;Si
54;VILLALBA;AURGI;COLLADO VILLALBA;2026-09-01;62521;W930/26;MANN-FILTER;(0) F.ACEITE HYUNDAI;-1.00;32.81;0.69;10.17;-10.17;Si
54;VILLALBA;AURGI;COLLADO VILLALBA;2026-09-01;62521;0986494399;BOSCH;Pastilla freno;-1.00;51.95;0.7099;15.07;-15.07;Si
54;VILLALBA;AURGI;COLLADO VILLALBA;2026-09-01;62521;040F026407356;BOSCH;Elemento filtro de aceite;-1.00;22.90;0.6799;7.33;-7.33;Si
54;VILLALBA;AURGI;COLLADO VILLALBA;2026-09-01;62521;21573.00;ROADHOUSE;JGO. PASTILLAS FRENO RH;-1.00;82.06;0.705;24.21;-24.21;Si
54;VILLALBA;AURGI;COLLADO VILLALBA;2026-09-01;62521;1987473544;BOSCH;Sonda desgaste p.sbb;-1.00;21.05;0.4499;11.58;-11.58;Si
54;VILLALBA;AURGI;COLLADO VILLALBA;2026-09-01;62521;3397014215;BOSCH;Juego de raquetas;-1.00;43.54;0.5501;19.59;-19.59;Si
54;VILLALBA;AURGI;COLLADO VILLALBA;2026-09-01;62521;27690;FEBI BILSTEIN;MUELLE NEUMATICO, CAPO DE MOTO;-1.00;34.78;0.3801;21.56;-21.56;Si
54;VILLALBA;AURGI;COLLADO VILLALBA;2026-09-01;62521;807225564090050;PSH;Alternador Peugeot 90A;-1.00;243.55;0.37;153.44;-153.44;Si
54;VILLALBA;AURGI;COLLADO VILLALBA;2026-09-01;62521;3358015;KYB;Excel-G A3 (8V1, 8VK) [2012], A3 Ca;-2.00;109.38;0.48;56.88;-113.76;Si
54;VILLALBA;AURGI;COLLADO VILLALBA;2026-09-01;62521;0092S40220;BOSCH;(81-27) Baterías (12V) S4 45AH 330;-1.00;100.75;0.38;62.47;-62.47;Si
54;VILLALBA;AURGI;COLLADO VILLALBA;2026-09-01;62521;334834;KYB;Excel-G A3 (8P1) [2003], A3 Cabrio;-2.00;105.78;0.48;55.01;-110.01;Si
54;VILLALBA;AURGI;COLLADO VILLALBA;2026-09-01;62521;6048285;GIRLING;(1) DISCO DE FRENO;-2.00;86.19;0.65;30.17;-60.33;Si
54;VILLALBA;AURGI;COLLADO VILLALBA;2026-09-01;62521;0986494255;BOSCH;Pastilla freno;-1.00;52.40;0.7099;15.20;-15.20;Si
54;VILLALBA;AURGI;COLLADO VILLALBA;2026-09-01;62521;21375.12;ROADHOUSE;"JGO. PAST.(D) OPEL INSIGNIA (Ll.17""";-1.00;95.27;0.705;28.10;-28.10;Si
54;VILLALBA;AURGI;COLLADO VILLALBA;2026-09-01;62534;0986494404;BOSCH;Pastilla freno;-1.00;86.55;0.71;25.10;-25.10;Si
54;VILLALBA;AURGI;COLLADO VILLALBA;2026-09-01;62534;6120981;GIRLING;PASTILLAS DE FRENO;-1.00;117.70;0.73;31.78;-31.78;Si
54;VILLALBA;AURGI;COLLADO VILLALBA;2026-09-01;62534;0698EH188706-781;HELLA;HELLA BUJIA DE ENCENDIDO YRIDIUM PR;-2.00;19.18;0.53;9.01;-18.03;Si
54;VILLALBA;AURGI;COLLADO VILLALBA;2026-09-01;62534;0698EH188706-781;HELLA;HELLA BUJIA DE ENCENDIDO YRIDIUM PR;-2.00;19.18;0.53;9.01;-18.03;Si
54;VILLALBA;AURGI;COLLADO VILLALBA;2026-09-01;62543;ADG022167;BLUE PRINT;FILTRO DE AIRE;1.00;10.97;0.0802;10.09;10.09;No
54;VILLALBA;AURGI;COLLADO VILLALBA;2026-09-01;62543;CUK24004;MANN-FILTER;(*) FILTRO HABIT. HYUNDAI TUCSON;1.00;25.21;0.62;9.58;9.58;No
54;VILLALBA;AURGI;COLLADO VILLALBA;2026-09-01;62620;CU2622;MANN-FILTER;(*) F.HABIT.;1.00;27.47;0.6199;10.44;10.44;No
54;VILLALBA;AURGI;COLLADO VILLALBA;2026-09-01;62625;P726x;MANN-FILTER;(0) F.COMBUS.NISSAN;1.00;24.53;0.6902;7.60;7.60;No
54;VILLALBA;AURGI;COLLADO VILLALBA;2026-09-01;62674;21412.02;ROADHOUSE;JGO. PASTILLAS FRENO;1.00;102.12;0.705;30.13;30.13;No
54;VILLALBA;AURGI;COLLADO VILLALBA;2026-09-01;62724;83943;SPIDAN;FUELLE DE DIRECCION CITROËN;1.00;13.30;0.3;9.31;9.31;No
56;ALCALA DE HENARES;AURGI;ALCALA DE HENARES;2026-09-01;53402;ADN12546;BLUE PRINT;FILTRO DEL INTERIOR;1.00;9.56;0.0795;8.80;8.80;No
57;ALCOBENDAS;AURGI;ALCOBENDAS;2026-09-01;63529;1987302251;BOSCH;Lampara de incandescencia;4.00;4.75;0.55;2.14;8.55;No
58;MOSTOLES;AURGI;MOSTOLES;2026-09-01;40062;HU6019Z;MANN-FILTER;(0) FILTRO ACEITE MANN;1.00;43.63;0.6899;13.53;13.53;No
58;MOSTOLES;AURGI;MOSTOLES;2026-09-01;40072;6047961;GIRLING;JGO. DISCOS DE FRENO;1.00;137.12;0.65;47.99;47.99;No
58;MOSTOLES;AURGI;MOSTOLES;2026-09-01;40072;2858.32;ROADHOUSE;JGO. PAST. CIT.NEMO/PEUG.BIPPER;1.00;83.17;0.7049;24.54;24.54;No
58;MOSTOLES;AURGI;MOSTOLES;2026-09-01;40108;C30130/2;MANN-FILTER;(0) F.AIRE OPEL;1.00;25.94;0.6901;8.04;8.04;No
58;MOSTOLES;AURGI;MOSTOLES;2026-09-01;40131;3397004631;BOSCH;Raqueta limpia-cristales;1.00;13.49;0.55;6.07;6.07;No
59;VALDEMORO;AURGI;VALDEMORO;2026-09-01;23116;1457429126;BOSCH;Elemento filtro de aceite;1.00;20.10;0.6801;6.43;6.43;No
59;VALDEMORO;AURGI;VALDEMORO;2026-09-01;23130;1457429126;BOSCH;Elemento filtro de aceite;1.00;20.10;0.6801;6.43;6.43;No
59;VALDEMORO;AURGI;VALDEMORO;2026-09-01;23131;4503008T;BECA CABLES;Tuerca individual abierta c/val. 14;4.00;2.00;0.15;1.70;6.80;No
59;VALDEMORO;AURGI;VALDEMORO;2026-09-01;23159;1457429126;BOSCH;Elemento filtro de aceite;1.00;20.10;0.6801;6.43;6.43;No
61;ALCORCON;AURGI;ALCORCON;2026-09-01;46019;50-07108;TALOSA;BIELETA DEL IZDA HYUNDAI I-20, 08-;1.00;34.55;0.5001;17.27;17.27;No
61;ALCORCON;AURGI;ALCORCON;2026-09-01;46019;6042831;GIRLING;JGO. DISCOS DE FRENO;1.00;193.10;0.65;67.59;67.59;No
61;ALCORCON;AURGI;ALCORCON;2026-09-01;46050;50-08519;TALOSA;BIELETA DEL I/D PEUGEOT 307;1.00;27.99;0.5002;13.99;13.99;No
61;ALCORCON;AURGI;ALCORCON;2026-09-01;46069;50-07108;TALOSA;BIELETA DEL IZDA HYUNDAI I-20, 08-;1.00;34.55;0.5001;17.27;17.27;No
61;ALCORCON;AURGI;ALCORCON;2026-09-01;46075;HU8001X;MANN-FILTER;(0) F.ACEITE A4/A5/A6/A8;1.00;28.34;0.6898;8.79;8.79;No
61;ALCORCON;AURGI;ALCORCON;2026-09-01;46096;003HA2049;AD;FILTROS DE HABITACULO;1.00;13.50;0.5504;6.07;6.07;No
61;ALCORCON;AURGI;ALCORCON;2026-09-01;46125;003P094106;AD;JGO. PASTILLAS FRENO AD;1.00;39.77;0.5001;19.88;19.88;No
61;ALCORCON;AURGI;ALCORCON;2026-09-01;46145;CU23019;MANN-FILTER;(*) F. HABITAC. MANN;1.00;27.34;0.62;10.39;10.39;No
61;ALCORCON;AURGI;ALCORCON;2026-09-01;46145;CU24024;MANN-FILTER;(*) FILTRO HABITÁCULO MANN;1.00;43.32;0.62;16.46;16.46;No
61;ALCORCON;AURGI;ALCORCON;2026-09-01;46145;CU24013;MANN-FILTER;(*) FILTRO MANN;1.00;26.82;0.6201;10.19;10.19;No
61;ALCORCON;AURGI;ALCORCON;2026-09-01;46146;C28040;MANN-FILTER;(0) FILTRO AI. HYUNDAI TUCSON II;1.00;30.72;0.6901;9.52;9.52;No
75;EMILIO MUÑOZ;AURGI;MADRID;2026-09-01;31215;040F026407356;BOSCH;Elemento filtro de aceite;1.00;22.90;0.6799;7.33;7.33;No
75;EMILIO MUÑOZ;AURGI;MADRID;2026-09-01;31223;62118.10;ROADHOUSE;JGO. DISCOS DE FRENO (precio ud.);2.00;103.65;0.6;41.46;82.92;No
75;EMILIO MUÑOZ;AURGI;MADRID;2026-09-01;31234;040F026407356;BOSCH;Elemento filtro de aceite;-1.00;22.90;0.6799;7.33;-7.33;Si
76;AVENIDA DE LOS TOREROS;AURGI;MADRID;2026-09-01;18874;21557.00;ROADHOUSE;JGO. PASTILLAS FRENO RH;-1.00;86.10;0.705;25.40;-25.40;Si
76;AVENIDA DE LOS TOREROS;AURGI;MADRID;2026-09-01;18876;21838.00;ROADHOUSE;JGO. PAST. MERCEDES CLA;-1.00;81.40;0.705;24.01;-24.01;Si
76;AVENIDA DE LOS TOREROS;AURGI;MADRID;2026-09-01;18936;CUK2532;MANN-FILTER;(*) FILTRO MANN;-1.00;25.92;0.62;9.85;-9.85;Si
77;ARGANDA DEL REY;AURGI;ARGANDA DEL REY;2026-09-01;37403;003AD5958;AD;DISCO DE FRENO AD;2.00;71.66;0.65;25.08;50.16;No
77;ARGANDA DEL REY;AURGI;ARGANDA DEL REY;2026-09-01;37406;CUK25003;MANN-FILTER;(*) FILTRO HABITAC. MANN;1.00;36.18;0.62;13.75;13.75;No
77;ARGANDA DEL REY;AURGI;ARGANDA DEL REY;2026-09-01;37451;1987435575;BOSCH;Filtro habit carbon act;-1.00;47.70;0.6;19.08;-19.08;Si
77;ARGANDA DEL REY;AURGI;ARGANDA DEL REY;2026-09-01;37451;003HA2057;AD;FILTROS DE HABITACULO;-1.00;19.16;0.5501;8.62;-8.62;Si
77;ARGANDA DEL REY;AURGI;ARGANDA DEL REY;2026-09-01;37469;6PK1130;GATES;6PK1130 MV;1.00;29.28;0.5202;14.05;14.05;No
77;ARGANDA DEL REY;AURGI;ARGANDA DEL REY;2026-09-01;37469;6PK1195;GATES;6PK1195 MV;1.00;34.28;0.5201;16.45;16.45;No
77;ARGANDA DEL REY;AURGI;ARGANDA DEL REY;2026-09-01;37469;6PK1123;GATES;6PK1123 MV;1.00;28.05;0.5201;13.46;13.46;No
77;ARGANDA DEL REY;AURGI;ARGANDA DEL REY;2026-09-01;37469;6PK1203;GATES;6PK1203 MV;1.00;24.78;0.5202;11.89;11.89;No
77;ARGANDA DEL REY;AURGI;ARGANDA DEL REY;2026-09-01;37469;6PK1198;GATES;6PK1198 MV;1.00;24.73;0.52;11.87;11.87;No
77;ARGANDA DEL REY;AURGI;ARGANDA DEL REY;2026-09-01;37471;3397014204;BOSCH;Juego de raquetas;1.00;48.69;0.55;21.91;21.91;No
77;ARGANDA DEL REY;AURGI;ARGANDA DEL REY;2026-09-01;37561;7PK1675;GATES;7PK1675 MV;1.00;56.13;0.52;26.94;26.94;No
78;OLIAS DEL REY;AURGI;OLÍAS DEL REY;2026-09-01;78630;HU6004X;MANN-FILTER;(0) FILTRO AC.BMW 3/5/X3/MINI;1.00;32.31;0.6899;10.02;10.02;No
78;OLIAS DEL REY;AURGI;OLÍAS DEL REY;2026-09-01;78632;HU721/5x;MANN-FILTER;(0) F.ACEITE BMW SERIE 1;1.00;30.09;0.6899;9.33;9.33;No
78;OLIAS DEL REY;AURGI;OLÍAS DEL REY;2026-09-01;78769;C2324;MANN-FILTER;(0) F.AIRE DAEWOO;1.00;19.75;0.6901;6.12;6.12;No
79;MARQUES DE VADILLO;AURGI;MADRID;2026-09-01;37512;23690;SPIDAN;SEAT LEON/VW GOLF/TOURAN 1.4-2.0 TD;1.00;28.70;0.3;20.09;20.09;No
79;MARQUES DE VADILLO;AURGI;MADRID;2026-09-01;37531;086SM1042;KYB;SMK NISSAN QASHQAI, XTRAIL/ RENAUL;1.00;60.97;0.1601;51.21;51.21;No
79;MARQUES DE VADILLO;AURGI;MADRID;2026-09-01;37538;564A01100000;EPM;PLACA MATRICULA LARGA CHAPA;1.00;7.77;0.2497;5.83;5.83;No
79;MARQUES DE VADILLO;AURGI;MADRID;2026-09-01;37583;39133;METALCAUCHO;varilla aceite citroen c4;1.00;14.24;0.4003;8.54;8.54;No
79;MARQUES DE VADILLO;AURGI;MADRID;2026-09-01;37607;086SM1042;KYB;SMK NISSAN QASHQAI, XTRAIL/ RENAUL;1.00;60.97;0.1601;51.21;51.21;No
79;MARQUES DE VADILLO;AURGI;MADRID;2026-09-01;37647;0242235666;BOSCH;Bujia antiparasita;4.00;5.81;0.5301;2.73;10.92;No
79;MARQUES DE VADILLO;AURGI;MADRID;2026-09-01;37702;HU7027z;MANN-FILTER;(0) FILTRO MANN;1.00;26.75;0.6901;8.29;8.29;No
89;LA VAGUADA;AURGI;MADRID;2026-09-01;29770;10555534;METALCAUCHO;soporte amortiguador 1;2.00;75.18;0.4;45.11;90.22;No
89;LA VAGUADA;AURGI;MADRID;2026-09-01;29790;6120712;GIRLING;PASTILLAS DE FRENO;1.00;82.07;0.73;22.16;22.16;No
89;LA VAGUADA;AURGI;MADRID;2026-09-01;29796;46486;FEBI BILSTEIN;FUNDA PROTECTORA;2.00;11.03;0.3799;6.84;13.68;No
89;LA VAGUADA;AURGI;MADRID;2026-09-01;29801;24562;SPIDAN;MERCEDES A-CLASS A/B 150 170 LR;1.00;33.60;0.3;23.52;23.52;No
89;LA VAGUADA;AURGI;MADRID;2026-09-01;29801;093DS1240;LIZARTE;CV-D MERCEDES-BENZ A-CLASS (W169);1.00;211.00;0.2;168.80;168.80;No
89;LA VAGUADA;AURGI;MADRID;2026-09-01;29806;0400986494654;BOSCH;Pastilla freno;1.00;62.55;0.71;18.14;18.14;No
89;LA VAGUADA;AURGI;MADRID;2026-09-01;29812;6324201;GIRLING;CABLE AVISADOR;2.00;8.73;0.3998;5.24;10.48;No
89;LA VAGUADA;AURGI;MADRID;2026-09-01;29855;6120702;GIRLING;PASTILLAS DE FRENO;1.00;99.44;0.73;26.85;26.85;No
154;ALUCHE;AURGI;MADRID;2026-09-02;37853;0986479467;BOSCH;(1) DISCO DE FRENO;2.00;158.50;0.6396;57.12;114.25;No
154;ALUCHE;AURGI;MADRID;2026-09-02;37913;12821885.00;ROADHOUSE;JGO. PAST.FORD;1.00;99.67;0.705;29.40;29.40;No
154;ALUCHE;AURGI;MADRID;2026-09-02;37917;003P056130;AD;JGO. PASTILLAS FRENO AD;1.00;47.22;0.5;23.61;23.61;No
154;ALUCHE;AURGI;MADRID;2026-09-02;37938;JB425650;JUNIOR;RESORTE MM.425 Y FUERZA EN NEWTONS;2.00;21.00;0.4;12.60;25.20;No
172;GOYA;MOTORTOWN;MADRID;2026-09-02;19059;21476.00;ROADHOUSE;JGO. PAST. BMW SERIE 1;-1.00;80.25;0.705;23.67;-23.67;Si
172;GOYA;MOTORTOWN;MADRID;2026-09-02;19059;6334102;GIRLING;CABLE AVISADOR;-1.00;23.15;0.4;13.89;-13.89;Si
174;CASTELLANA;MOTORTOWN;MADRID;2026-09-02;29905;0986494550;BOSCH;Pastilla freno;1.00;163.80;0.71;47.50;47.50;No
174;CASTELLANA;MOTORTOWN;MADRID;2026-09-02;29949;W712/95;MANN-FILTER;(0) F. ACEITE MANN;1.00;18.94;0.6901;5.87;5.87;No
174;CASTELLANA;MOTORTOWN;MADRID;2026-09-02;29963;C28043;MANN-FILTER;(0) F. AIRE MANN;1.00;47.44;0.6899;14.71;14.71;No
190;SANCHINARRO;MOTORTOWN;MADRID;2026-09-02;63677;0986479666;BOSCH;(1) DISCO DE FRENO;2.00;172.55;0.6396;62.19;124.37;No
190;SANCHINARRO;MOTORTOWN;MADRID;2026-09-02;63677;6063404;GIRLING;JGO. DISCOS DE FRENO;1.00;170.48;0.65;59.67;59.67;No
190;SANCHINARRO;MOTORTOWN;MADRID;2026-09-02;63749;003AD6445;AD;DISCO DE FRENO AD;2.00;72.03;0.65;25.21;50.42;No
190;SANCHINARRO;MOTORTOWN;MADRID;2026-09-02;63749;003P085183;AD;JGO. PASTILLAS FRENO AD;1.00;42.23;0.5001;21.11;21.11;No
190;SANCHINARRO;MOTORTOWN;MADRID;2026-09-02;63752;C22018;MANN-FILTER;(0) FILTRO MANN;1.00;62.09;0.69;19.25;19.25;No
190;SANCHINARRO;MOTORTOWN;MADRID;2026-09-02;63752;CU23015-2;MANN-FILTER;(*) FILTRO HABITAC. MANN;1.00;62.74;0.62;23.84;23.84;No
190;SANCHINARRO;MOTORTOWN;MADRID;2026-09-02;63752;F026407277;BOSCH;Elemento filtro de aceite;1.00;27.30;0.6799;8.74;8.74;No
190;SANCHINARRO;MOTORTOWN;MADRID;2026-09-02;63782;F026407204;BOSCH;Elemento filtro de aceite;1.00;29.50;0.68;9.44;9.44;No
190;SANCHINARRO;MOTORTOWN;MADRID;2026-09-02;63787;F026400611;BOSCH;Cartucho filtrante aire;1.00;37.10;0.6801;11.87;11.87;No
190;SANCHINARRO;MOTORTOWN;MADRID;2026-09-02;63787;1987435135;BOSCH;Filtro de habitaculo;1.00;21.70;0.6;8.68;8.68;No
190;SANCHINARRO;MOTORTOWN;MADRID;2026-09-02;63828;0986494187;BOSCH;Pastilla freno;1.00;108.05;0.71;31.33;31.33;No
190;SANCHINARRO;MOTORTOWN;MADRID;2026-09-02;63828;6141754;GIRLING;PASTILLAS DE FRENO;1.00;70.59;0.73;19.06;19.06;No
190;SANCHINARRO;MOTORTOWN;MADRID;2026-09-02;63848;003AD5728;AD;DISCO DE FRENO AD;2.00;56.15;0.65;19.65;39.31;No
190;SANCHINARRO;MOTORTOWN;MADRID;2026-09-02;63848;0400986494623;BOSCH;Pastilla freno;1.00;64.00;0.71;18.56;18.56;No
190;SANCHINARRO;MOTORTOWN;MADRID;2026-09-02;63918;56.005;AD;Ace. AD SC2 5W30 5 l.;1.00;64.19;0.4001;38.51;38.51;No
190;SANCHINARRO;MOTORTOWN;MADRID;2026-09-02;63918;AFU CAT-E;IMPUESTOS;APORTACION AL SIGAUS (RD679/2006);1.00;0.23;0;0.23;0.23;No
190;SANCHINARRO;MOTORTOWN;MADRID;2026-09-02;7241;290TT141015;TOTAL;Total Quartz Ineo RCP 5W30 5L.;1.00;89.90;0.4;53.94;53.94;No
190;SANCHINARRO;MOTORTOWN;MADRID;2026-09-02;7241;AFU CAT-E;IMPUESTOS;APORTACION AL SIGAUS (RD679/2006);1.00;0.23;0;0.23;0.23;No
199;ALCALA DE HENARES;MOTORTOWN;ALCALA DE HENARES;2026-09-02;53641;0986494563;BOSCH;Pastilla freno;1.00;85.40;0.71;24.77;24.77;No
202;CAMPO DE LAS NACIONES;MOTORTOWN;MADRID;2026-09-02;31299;6119572;GIRLING;PASTILLAS DE FRENO;1.00;69.59;0.73;18.79;18.79;No
202;CAMPO DE LAS NACIONES;MOTORTOWN;MADRID;2026-09-02;31301;003HA2033;AD;FILTROS DE HABITACULO;1.00;15.26;0.5498;6.87;6.87;No
202;CAMPO DE LAS NACIONES;MOTORTOWN;MADRID;2026-09-02;31301;003AI3039;AD;FILTROS DE AIRE;1.00;23.91;0.55;10.76;10.76;No
202;CAMPO DE LAS NACIONES;MOTORTOWN;MADRID;2026-09-02;31310;CU2436;MANN-FILTER;(*) F.HABIT.FORD FIESTA/GALAXY;1.00;27.21;0.62;10.34;10.34;No
202;CAMPO DE LAS NACIONES;MOTORTOWN;MADRID;2026-09-02;31458;26259;FEBI BILSTEIN;BOMBA DE AGUA DE LAVADO;1.00;13.70;0.3803;8.49;8.49;No
204;SAN JOSE DE VALDERAS;MOTORTOWN;ALCORCON;2026-09-02;46334;0401987473619;BOSCH;Sonda desgaste p.sbb;1.00;19.55;0.4501;10.75;10.75;No
209;SALAMANCA;MOTORTOWN;SALAMANCA;2026-09-02;79806;CU21000-2;MANN-FILTER;(*) F.HABIT.;1.00;22.79;0.62;8.66;8.66;No
209;SALAMANCA;MOTORTOWN;SALAMANCA;2026-09-02;79806;C24036;MANN-FILTER;(0) F. AIRE MANN;1.00;31.38;0.6899;9.73;9.73;No
209;SALAMANCA;MOTORTOWN;SALAMANCA;2026-09-02;79806;HU7032z;MANN-FILTER;(0) F. ACEITE MANN;1.00;15.75;0.6902;4.88;4.88;No
21;LEGANES;AURGI;LEGANES;2026-09-02;26398;UNIR4535;VARIOS;;1.00;263.08;0.2;210.46;210.46;No
21;LEGANES;AURGI;LEGANES;2026-09-02;26517;50-03486;TALOSA;BIELETA DEL I/D CITROEN C4 PICASSO,;2.00;27.99;0.5;14.00;27.99;No
21;LEGANES;AURGI;LEGANES;2026-09-02;26537;;PURFLUX;FILTER ENGINE OIL LS301 PFX BOX;1.00;15.03;0.6001;6.01;6.01;No
21;LEGANES;AURGI;LEGANES;2026-09-02;26549;F026400347;BOSCH;Cartucho filtrante aire;1.00;23.80;0.6798;7.62;7.62;No
21;LEGANES;AURGI;LEGANES;2026-09-02;26557;21387.10;ROADHOUSE;JGO. PAST. RENAULT MEGANE III;1.00;61.29;0.705;18.08;18.08;No
21;LEGANES;AURGI;LEGANES;2026-09-02;26557;21318.30;ROADHOUSE;JGO. PASTILLAS FRENO;1.00;79.43;0.705;23.43;23.43;No
21;LEGANES;AURGI;LEGANES;2026-09-02;26576;24840-16050;TALOSA;BRAZO DEL DCHO PEUGEOT 508, 18-;1.00;176.55;0.5;88.28;88.28;No
21;LEGANES;AURGI;LEGANES;2026-09-02;26576;24840-16051;TALOSA;BRAZO DEL IZDO PEUGEOT 508, 18-;1.00;176.55;0.5;88.28;88.28;No
21;LEGANES;AURGI;LEGANES;2026-09-02;26617;6062085;GIRLING;(1) DISCO DE FRENO;2.00;119.05;0.65;41.67;83.34;No
210;POZUELO DE ALARCÓN;MOTORTOWN;POZUELO DE ALARCÓN;2026-09-02;24858;03560;METALCAUCHO;tapon botella Peug 1,40 bar;1.00;5.14;0.4008;3.08;3.08;No
210;POZUELO DE ALARCÓN;MOTORTOWN;POZUELO DE ALARCÓN;2026-09-02;24885;1987473544;BOSCH;Sonda desgaste p.sbb;1.00;21.05;0.4499;11.58;11.58;No
210;POZUELO DE ALARCÓN;MOTORTOWN;POZUELO DE ALARCÓN;2026-09-02;24885;101071;FEBI BILSTEIN;SENSOR DE ABRASION forro de freno;1.00;18.50;0.38;11.47;11.47;No
210;POZUELO DE ALARCÓN;MOTORTOWN;POZUELO DE ALARCÓN;2026-09-02;24928;21136.01;ROADHOUSE;JGO. PAST.(T)SUBARU LEGACY IV 03-;1.00;70.60;0.705;20.83;20.83;No
210;POZUELO DE ALARCÓN;MOTORTOWN;POZUELO DE ALARCÓN;2026-09-02;24967;1987473544;BOSCH;Sonda desgaste p.sbb;1.00;21.05;0.4499;11.58;11.58;No
210;POZUELO DE ALARCÓN;MOTORTOWN;POZUELO DE ALARCÓN;2026-09-02;24968;6120632;GIRLING;PASTILLAS DE FRENO;1.00;77.50;0.7301;20.92;20.92;No
210;POZUELO DE ALARCÓN;MOTORTOWN;POZUELO DE ALARCÓN;2026-09-02;76831;6041041;GIRLING;JGO. DISCOS DE FRENO;1.00;198.58;0.65;69.50;69.50;No
213;EL BERCIAL;MOTORTOWN;GETAFE;2026-09-02;26457;11297434;NGK;Bujía automóvil Laser Iridium;4.00;23.64;0.48;12.29;49.17;No
213;EL BERCIAL;MOTORTOWN;GETAFE;2026-09-02;26458;11297434;NGK;Bujía automóvil Laser Iridium;1.00;23.64;0.4801;12.29;12.29;No
213;EL BERCIAL;MOTORTOWN;GETAFE;2026-09-02;26510;0400986479F32;BOSCH;JGO. DISCOS DE FRENO;1.00;199.00;0.6396;71.72;71.72;No
213;EL BERCIAL;MOTORTOWN;GETAFE;2026-09-02;26589;0400241145525;BOSCH;Bujia de encendido;4.00;27.16;0.53;12.77;51.06;No
213;EL BERCIAL;MOTORTOWN;GETAFE;2026-09-02;26596;CU21000-2;MANN-FILTER;(*) F.HABIT.;1.00;22.79;0.62;8.66;8.66;No
213;EL BERCIAL;MOTORTOWN;GETAFE;2026-09-02;26596;C24026;MANN-FILTER;(0) F. AIRE MANN;1.00;28.34;0.6898;8.79;8.79;No
224;TALAVERA;MOTORTOWN;TALAVERA;2026-09-02;28756;0400986479E58;BOSCH;JGO. DISCOS DE FRENO;1.00;217.70;0.6396;78.46;78.46;No
224;TALAVERA;MOTORTOWN;TALAVERA;2026-09-02;28781;F026400391;BOSCH;Cartucho filtrante aire;1.00;35.20;0.6801;11.26;11.26;No
224;TALAVERA;MOTORTOWN;TALAVERA;2026-09-02;28781;F026407023;BOSCH;Elemento filtro de aceite;1.00;15.99;0.6798;5.12;5.12;No
224;TALAVERA;MOTORTOWN;TALAVERA;2026-09-02;28781;WK8029/1;MANN-FILTER;(0) FILTRO MANN;1.00;57.16;0.69;17.72;17.72;No
224;TALAVERA;MOTORTOWN;TALAVERA;2026-09-02;28781;1987435002;BOSCH;Filtro de habitaculo;1.00;24.40;0.6;9.76;9.76;No
23;SAN SEBASTIAN;AURGI;SS REYES;2026-09-02;63794;5DA 193 175-501;HELLA;BOBINA DE ENCENDIDO AUDI SEAT VW;1.00;43.96;0.3;30.77;30.77;No
24;PINTO;AURGI;PINTO;2026-09-02;31689;50-07844;TALOSA;BIELETA DEL I/D HYUNDAI IX 35, 01/1;2.00;28.30;0.5;14.15;28.30;No
25;LAS ROZAS;AURGI;LAS ROZAS;2026-09-02;76705;6119671;GIRLING;PASTILLAS DE FRENO;1.00;99.00;0.73;26.73;26.73;No
25;LAS ROZAS;AURGI;LAS ROZAS;2026-09-02;76791;48876;FEBI BILSTEIN;TORNILLO PURGADOR DE ACEITE;1.00;2.18;0.3807;1.35;1.35;No
25;LAS ROZAS;AURGI;LAS ROZAS;2026-09-02;76812;HU6013z;MANN-FILTER;(0) F. ACEITE MANN;1.00;22.78;0.6901;7.06;7.06;No
25;LAS ROZAS;AURGI;LAS ROZAS;2026-09-02;76908;W713/29;MANN-FILTER;(0) F.ACEITE L.ROVER DISCOVER;1.00;35.34;0.6899;10.96;10.96;No
25;LAS ROZAS;AURGI;LAS ROZAS;2026-09-02;76980;C4371/1;MANN-FILTER;(0) F. AIRE MANN;1.00;25.94;0.6901;8.04;8.04;No
25;LAS ROZAS;AURGI;LAS ROZAS;2026-09-02;77011;3397007501;BOSCH;Juego de raquetas;1.00;67.68;0.5499;30.46;30.46;No
25;LAS ROZAS;AURGI;LAS ROZAS;2026-09-02;77034;040F026400772;BOSCH;Cartucho filtrante aire;1.00;37.80;0.6799;12.10;12.10;No
40;VALLECAS;AURGI;MADRID;2026-09-02;33197;0400986460063;BOSCH;Pastilla freno;1.00;72.50;0.7101;21.02;21.02;No
40;VALLECAS;AURGI;MADRID;2026-09-02;33273;040F026400756;BOSCH;Cartucho filtrante aire;1.00;40.55;0.6799;12.98;12.98;No
40;VALLECAS;AURGI;MADRID;2026-09-02;33286;5PK1810;GATES;5PK1810 MV;1.00;44.75;0.52;21.48;21.48;No
40;VALLECAS;AURGI;MADRID;2026-09-02;33291;003AC1026;AD;FILTROS DE ACEITE;1.00;11.95;0.5498;5.38;5.38;No
40;VALLECAS;AURGI;MADRID;2026-09-02;33293;0400986494623;BOSCH;Pastilla freno;-1.00;64.00;0.71;18.56;-18.56;Si
40;VALLECAS;AURGI;MADRID;2026-09-02;33293;0400986460063;BOSCH;Pastilla freno;-1.00;72.50;0.7101;21.02;-21.02;Si
40;VALLECAS;AURGI;MADRID;2026-09-02;33293;42-03665;TALOSA;ROT DIR IZDA AUDI A3 03- / VW GOLF;-1.00;30.71;0.45;16.89;-16.89;Si
40;VALLECAS;AURGI;MADRID;2026-09-02;33293;C30005;MANN-FILTER;(0) FILTRO AI. LEON/GOLF VII/OCTAV;-1.00;42.50;0.6901;13.17;-13.17;Si
40;VALLECAS;AURGI;MADRID;2026-09-02;33293;F026407259;BOSCH;Elemento filtro de aceite;-1.00;36.90;0.6799;11.81;-11.81;Si
40;VALLECAS;AURGI;MADRID;2026-09-02;33293;6PK1183;GATES;6PK1183 MV;-1.00;26.48;0.52;12.71;-12.71;Si
40;VALLECAS;AURGI;MADRID;2026-09-02;33293;161245768;VALEO;Ignition coil NISSAN;-1.00;119.53;0.3;83.67;-83.67;Si
40;VALLECAS;AURGI;MADRID;2026-09-02;33293;0986478618;BOSCH;JGO. DISCOS DE FRENO;-1.00;170.00;0.6396;61.27;-61.27;Si
40;VALLECAS;AURGI;MADRID;2026-09-02;33293;6041101;GIRLING;JGO. DISCOS DE FRENO;-1.00;180.10;0.65;63.04;-63.04;Si
40;VALLECAS;AURGI;MADRID;2026-09-02;33296;42-00126;TALOSA;ROT DIR IZDA MB SERIE E W211, 02-;1.00;33.23;0.4499;18.28;18.28;No
40;VALLECAS;AURGI;MADRID;2026-09-02;33296;42-00125;TALOSA;ROT DIR DCHA MB SERIE E W211, 02-;1.00;33.23;0.4499;18.28;18.28;No
40;VALLECAS;AURGI;MADRID;2026-09-02;33296;46-01716;TALOSA;TIRANTE DCHO MB S/211 2002-;1.00;159.70;0.5;79.85;79.85;No
40;VALLECAS;AURGI;MADRID;2026-09-02;33305;46-01717;TALOSA;TIRANTE IZDO MB S/211 2002-;1.00;159.70;0.5;79.85;79.85;No
40;VALLECAS;AURGI;MADRID;2026-09-02;33344;564A01100000;EPM;PLACA MATRICULA LARGA CHAPA;1.00;7.77;0.2497;5.83;5.83;No
40;VALLECAS;AURGI;MADRID;2026-09-02;33352;SM1528;KYB;SMK Duster (2010), Dokker Mini B F/;2.00;46.00;0.16;38.64;77.28;No
40;VALLECAS;AURGI;MADRID;2026-09-02;33358;JB400450;JUNIOR;RESORTE MM.400 Y FUERZA EN NEWTONS;1.00;21.00;0.4;12.60;12.60;No
40;VALLECAS;AURGI;MADRID;2026-09-02;33359;564A01100000;EPM;PLACA MATRICULA LARGA CHAPA;1.00;7.77;0.2497;5.83;5.83;No
45;ANTONIO LOPEZ;AURGI;MADRID;2026-09-02;25065;0986494658;BOSCH;Pastilla freno;1.00;79.95;0.7099;23.19;23.19;No
45;ANTONIO LOPEZ;AURGI;MADRID;2026-09-02;25069;0986424332;BOSCH;Pastilla freno;1.00;122.25;0.71;35.45;35.45;No
45;ANTONIO LOPEZ;AURGI;MADRID;2026-09-02;25069;0986424839;BOSCH;Pastilla freno;1.00;88.00;0.71;25.52;25.52;No
45;ANTONIO LOPEZ;AURGI;MADRID;2026-09-02;25069;01635;METALCAUCHO;kit fuelle universal;1.00;11.63;0.3998;6.98;6.98;No
45;ANTONIO LOPEZ;AURGI;MADRID;2026-09-02;25082;003HA2033;AD;FILTROS DE HABITACULO;-1.00;15.26;0.5498;6.87;-6.87;Si
45;ANTONIO LOPEZ;AURGI;MADRID;2026-09-02;25082;21420.00;ROADHOUSE;JGO. PAST. LEON/SUPERB/GOLF VI;-1.00;94.49;0.705;27.87;-27.87;Si
45;ANTONIO LOPEZ;AURGI;MADRID;2026-09-02;25083;6133321;GIRLING;PASTILLAS DE FRENO;-1.00;52.41;0.73;14.15;-14.15;Si
45;ANTONIO LOPEZ;AURGI;MADRID;2026-09-02;25083;F026407142;BOSCH;Filtro de aceite;-1.00;14.99;0.6798;4.80;-4.80;Si
45;ANTONIO LOPEZ;AURGI;MADRID;2026-09-02;25083;003CO4011;AD;FILTROS DE COMBUSTIBLE;-1.00;37.05;0.5501;16.67;-16.67;Si
45;ANTONIO LOPEZ;AURGI;MADRID;2026-09-02;25083;W940/62;MANN-FILTER;(0) F.ACEITE FIAT JTD;-1.00;26.09;0.6899;8.09;-8.09;Si
45;ANTONIO LOPEZ;AURGI;MADRID;2026-09-02;25083;01635;METALCAUCHO;kit fuelle universal;-1.00;11.63;0.3998;6.98;-6.98;Si
45;ANTONIO LOPEZ;AURGI;MADRID;2026-09-02;25083;1987435133;BOSCH;Filtro de habitaculo;-1.00;28.20;0.6;11.28;-11.28;Si
45;ANTONIO LOPEZ;AURGI;MADRID;2026-09-02;25083;21031.00;ROADHOUSE;JGO. PAST. GOLF V 1.4i 16V,1.6 FSI,;-1.00;67.99;0.705;20.06;-20.06;Si
45;ANTONIO LOPEZ;AURGI;MADRID;2026-09-02;25083;23690;SPIDAN;SEAT LEON/VW GOLF/TOURAN 1.4-2.0 TD;-1.00;28.70;0.3;20.09;-20.09;Si
45;ANTONIO LOPEZ;AURGI;MADRID;2026-09-02;25083;03839;METALCAUCHO;tapa filtro PSA DV4-DV6;-1.00;22.67;0.4001;13.60;-13.60;Si
45;ANTONIO LOPEZ;AURGI;MADRID;2026-09-02;25086;810992326001;RENAULT;;-1.00;53.38;0;53.38;-53.38;Si
45;ANTONIO LOPEZ;AURGI;MADRID;2026-09-02;25107;0986479D92;BOSCH;JGO. DISCOS DE FRENO;1.00;279.60;0.6396;100.77;100.77;No
45;ANTONIO LOPEZ;AURGI;MADRID;2026-09-02;25125;0986494441;BOSCH;Pastilla freno;1.00;78.00;0.71;22.62;22.62;No
45;ANTONIO LOPEZ;AURGI;MADRID;2026-09-02;25125;003AD5718;AD;DISCO DE FRENO AD;2.00;76.69;0.65;26.84;53.68;No
45;ANTONIO LOPEZ;AURGI;MADRID;2026-09-02;25176;CU2450;MANN-FILTER;(*) F.HABIT.;1.00;28.03;0.62;10.65;10.65;No
53;RIVAS;AURGI;RIVAS VACIAMADRID;2026-09-02;17161;05455;METALCAUCHO;tuerca rueda PSA 17mm;16.00;4.05;0.4;2.43;38.88;No
54;VILLALBA;AURGI;COLLADO VILLALBA;2026-09-02;62802;21705.00;ROADHOUSE;JGO. PAST. MERCEDES GLC;1.00;121.02;0.705;35.70;35.70;No
54;VILLALBA;AURGI;COLLADO VILLALBA;2026-09-02;62803;6324201;GIRLING;CABLE AVISADOR;1.00;8.73;0.3998;5.24;5.24;No
54;VILLALBA;AURGI;COLLADO VILLALBA;2026-09-02;62853;CUK25012;MANN-FILTER;(*) F. HABITAC. MANN;1.00;23.74;0.6201;9.02;9.02;No
54;VILLALBA;AURGI;COLLADO VILLALBA;2026-09-02;62878;102C21110;MANN-FILTER;(0) FILTRO AIRE;1.00;49.69;0.6901;15.40;15.40;No
54;VILLALBA;AURGI;COLLADO VILLALBA;2026-09-02;62883;0986494914;BOSCH;Pastilla freno;1.00;100.15;0.71;29.04;29.04;No
54;VILLALBA;AURGI;COLLADO VILLALBA;2026-09-02;62884;1987473036;BOSCH;Sonda desgaste p.sbb;1.00;6.20;0.45;3.41;3.41;No
54;VILLALBA;AURGI;COLLADO VILLALBA;2026-09-02;62914;276180429;FEBI BILSTEIN;JGO MANGUITO GUARDAPOLVO EJE;-1.00;29.43;0.3799;18.25;-18.25;Si
54;VILLALBA;AURGI;COLLADO VILLALBA;2026-09-02;62963;43788;FEBI BILSTEIN;SOP. DE BRAZO OSCIL. TRANSV.  CON S;1.00;53.40;0.38;33.11;33.11;No
54;VILLALBA;AURGI;COLLADO VILLALBA;2026-09-02;62966;21549.08;ROADHOUSE;JGO. PASTILLAS FRENO RH;1.00;65.78;0.7049;19.41;19.41;No
54;VILLALBA;AURGI;COLLADO VILLALBA;2026-09-02;62981;003AD5729;AD;DISCO DE FRENO AD;2.00;71.78;0.65;25.12;50.25;No
54;VILLALBA;AURGI;COLLADO VILLALBA;2026-09-02;63028;43788;FEBI BILSTEIN;SOP. DE BRAZO OSCIL. TRANSV.  CON S;1.00;53.40;0.38;33.11;33.11;No
54;VILLALBA;AURGI;COLLADO VILLALBA;2026-09-02;63051;21109.02;ROADHOUSE;JGO. PAST. (D)MERCEDES VITO/VIANO;1.00;76.89;0.705;22.68;22.68;No
54;VILLALBA;AURGI;COLLADO VILLALBA;2026-09-02;63087;24830;SPIDAN;BERLINGO-C2-C3/PARTNER 206-5008 LR;1.00;26.05;0.3002;18.23;18.23;No
56;ALCALA DE HENARES;AURGI;ALCALA DE HENARES;2026-09-02;53522;50-01371;TALOSA;BIEL DEL I/D CITROEN BERLINGO 08- A;2.00;30.06;0.5;15.03;30.06;No
56;ALCALA DE HENARES;AURGI;ALCALA DE HENARES;2026-09-02;53645;535.12;AD;(84-28) Batería AD Plus S.C./Asiáti;1.00;87.54;0.18;71.78;71.78;No
56;ALCALA DE HENARES;AURGI;ALCALA DE HENARES;2026-09-02;53765;003AC1022;AD;FILTROS DE ACEITE;1.00;14.44;0.5499;6.50;6.50;No
56;ALCALA DE HENARES;AURGI;ALCALA DE HENARES;2026-09-02;53828;50-07490;TALOSA;BIELETA DEL I/D RENAULT CLIO, 91-;2.00;8.17;0.5;4.09;8.17;No
56;ALCALA DE HENARES;AURGI;ALCALA DE HENARES;2026-09-02;53841;GTX12-BS;GS;BATERIA MOTO  GS MAINTENANCE FREE;1.00;52.63;0.0699;48.95;48.95;No
57;ALCOBENDAS;AURGI;ALCOBENDAS;2026-09-02;63736;PU723X;MANN-FILTER;(0) F.COMBUS.JUMPER/DAEWOO;1.00;37.91;0.6901;11.75;11.75;No
57;ALCOBENDAS;AURGI;ALCOBENDAS;2026-09-02;63911;F026400058;BOSCH;Cartucho filtrante aire;1.00;30.80;0.6799;9.86;9.86;No
57;ALCOBENDAS;AURGI;ALCOBENDAS;2026-09-02;63916;F026407122;BOSCH;Elemento filtro de aceite;1.00;25.00;0.68;8.00;8.00;No
57;ALCOBENDAS;AURGI;ALCOBENDAS;2026-09-02;63916;F026400058;BOSCH;Cartucho filtrante aire;1.00;30.80;0.6799;9.86;9.86;No
58;MOSTOLES;AURGI;MOSTOLES;2026-09-02;40141;C4287/1;MANN-FILTER;(0) F.AIRE SEAT/V;1.00;31.38;0.6899;9.73;9.73;No
58;MOSTOLES;AURGI;MOSTOLES;2026-09-02;40215;3397011814;BOSCH;Raqueta limpia-cristales;1.00;9.31;0.5499;4.19;4.19;No
58;MOSTOLES;AURGI;MOSTOLES;2026-09-02;40234;0986424597;BOSCH;Pastilla freno;1.00;78.70;0.71;22.82;22.82;No
58;MOSTOLES;AURGI;MOSTOLES;2026-09-02;40258;F026407206;BOSCH;Elemento filtro de aceite;1.00;47.40;0.68;15.17;15.17;No
58;MOSTOLES;AURGI;MOSTOLES;2026-09-02;40294;6041091;GIRLING;JGO. DISCOS DE FRENO;1.00;171.54;0.65;60.04;60.04;No
58;MOSTOLES;AURGI;MOSTOLES;2026-09-02;40303;C26048;MANN-FILTER;(0) FILTRO AIRE MANN;1.00;29.78;0.6901;9.23;9.23;No
58;MOSTOLES;AURGI;MOSTOLES;2026-09-02;40352;21351.00;ROADHOUSE;JGO. PAST.(D) RENAULT KANGOO (08-);1.00;71.98;0.7051;21.23;21.23;No
58;MOSTOLES;AURGI;MOSTOLES;2026-09-02;40352;0986479555;BOSCH;JGO. DISCOS DE FRENO;1.00;190.00;0.6396;68.48;68.48;No
58;MOSTOLES;AURGI;MOSTOLES;2026-09-02;40353;6061101;GIRLING;JGO. DISCOS DE FRENO;1.00;178.78;0.65;62.57;62.57;No
58;MOSTOLES;AURGI;MOSTOLES;2026-09-02;40354;0986479555;BOSCH;JGO. DISCOS DE FRENO;-1.00;190.00;0.6396;68.48;-68.48;Si
58;MOSTOLES;AURGI;MOSTOLES;2026-09-02;40358;6114644;GIRLING;PASTILLAS DE FRENO;1.00;57.89;0.73;15.63;15.63;No
58;MOSTOLES;AURGI;MOSTOLES;2026-09-02;40362;WK939;MANN-FILTER;(0) F.COMBUS.PEUGEOT;1.00;74.03;0.69;22.95;22.95;No
58;MOSTOLES;AURGI;MOSTOLES;2026-09-02;40366;0986494038;BOSCH;Pastilla freno;1.00;64.00;0.71;18.56;18.56;No
59;VALDEMORO;AURGI;VALDEMORO;2026-09-02;23177;4503008T;BECA CABLES;Tuerca individual abierta c/val. 14;1.00;2.00;0.15;1.70;1.70;No
59;VALDEMORO;AURGI;VALDEMORO;2026-09-02;23193;W811/80;MANN-FILTER;(0) F.ACEITE HYUNDAI;1.00;12.41;0.6898;3.85;3.85;No
59;VALDEMORO;AURGI;VALDEMORO;2026-09-02;23218;003HA2018;AD;FILTROS DE HABITACULO;1.00;12.67;0.5501;5.70;5.70;No
59;VALDEMORO;AURGI;VALDEMORO;2026-09-02;23320;21515.01;ROADHOUSE;JGO. PASTILLAS FRENO;1.00;111.76;0.705;32.97;32.97;No
61;ALCORCON;AURGI;ALCORCON;2026-09-02;46182;0092S40020;BOSCH;(72-24) Baterías (12V) S4 52AH 470;1.00;117.75;0.38;73.01;73.01;No
61;ALCORCON;AURGI;ALCORCON;2026-09-02;46210;0092S40180;BOSCH;(96-32) Baterías (12V) S4 40AH 330;1.00;93.75;0.3801;58.12;58.12;No
61;ALCORCON;AURGI;ALCORCON;2026-09-02;46308;6PK1550XS;GATES;6PK1550XS MV UNIQUE FIT;1.00;60.35;0.52;28.97;28.97;No
61;ALCORCON;AURGI;ALCORCON;2026-09-02;46308;6074751;GIRLING;JGO. DISCOS DE FRENO;1.00;196.92;0.65;68.92;68.92;No
61;ALCORCON;AURGI;ALCORCON;2026-09-02;46330;HU8003X;MANN-FILTER;(0) FILTRO COMBUST.RANGE ROVER II;1.00;28.19;0.69;8.74;8.74;No
61;ALCORCON;AURGI;ALCORCON;2026-09-02;46331;HU831X;MANN-FILTER;(0) F.ACEITE AUDI/VW;1.00;25.16;0.69;7.80;7.80;No
61;ALCORCON;AURGI;ALCORCON;2026-09-02;46358;0092S40020;BOSCH;(72-24) Baterías (12V) S4 52AH 470;-1.00;117.75;0.38;73.01;-73.01;Si
61;ALCORCON;AURGI;ALCORCON;2026-09-02;46374;1987432597;BOSCH;Filtro habit carbon act;2.00;29.50;0.6;11.80;23.60;No
61;ALCORCON;AURGI;ALCORCON;2026-09-02;46395;W7032;MANN-FILTER;(0) F. ACEITE MANN;1.00;21.34;0.6898;6.62;6.62;No
61;ALCORCON;AURGI;ALCORCON;2026-09-02;46395;102HU618Y;MANN-FILTER;(0) FILTRO ACEITE;1.00;22.78;0.6901;7.06;7.06;No
75;EMILIO MUÑOZ;AURGI;MADRID;2026-09-02;31250;0986479E52;BOSCH;(1) DISCO DE FRENO;1.00;167.00;0.6396;60.19;60.19;No
75;EMILIO MUÑOZ;AURGI;MADRID;2026-09-02;31296;0986479E52;BOSCH;(1) DISCO DE FRENO;1.00;167.00;0.6396;60.19;60.19;No
75;EMILIO MUÑOZ;AURGI;MADRID;2026-09-02;31347;040F026407375;BOSCH;Elemento filtro de aceite;1.00;27.50;0.68;8.80;8.80;No
75;EMILIO MUÑOZ;AURGI;MADRID;2026-09-02;31374;6113301;GIRLING;PASTILLAS DE FRENO;1.00;45.19;0.73;12.20;12.20;No
75;EMILIO MUÑOZ;AURGI;MADRID;2026-09-02;31376;0986424797;BOSCH;Pastilla freno;1.00;85.50;0.7101;24.79;24.79;No
75;EMILIO MUÑOZ;AURGI;MADRID;2026-09-02;31376;003P020185;AD;JGO. PASTILLAS FRENO AD;1.00;31.73;0.5002;15.86;15.86;No
75;EMILIO MUÑOZ;AURGI;MADRID;2026-09-02;31398;W7043;MANN-FILTER;(0) FILTRO MANN;1.00;25.00;0.69;7.75;7.75;No
75;EMILIO MUÑOZ;AURGI;MADRID;2026-09-02;31398;C25008/1;MANN-FILTER;(0) FILTRO MANN;1.00;35.03;0.69;10.86;10.86;No
75;EMILIO MUÑOZ;AURGI;MADRID;2026-09-02;31398;CUK28001;MANN-FILTER;(*) FILTRO MANN;1.00;34.45;0.62;13.09;13.09;No
75;EMILIO MUÑOZ;AURGI;MADRID;2026-09-02;31459;CU1919;MANN-FILTER;(*) F.HABIT.;1.00;16.76;0.6199;6.37;6.37;No
76;AVENIDA DE LOS TOREROS;AURGI;MADRID;2026-09-02;18995;003HA2043;AD;FILTROS DE HABITACULO;1.00;22.91;0.55;10.31;10.31;No
76;AVENIDA DE LOS TOREROS;AURGI;MADRID;2026-09-02;19010;F026407050;BOSCH;Filtro de aceite;1.00;12.20;0.6803;3.90;3.90;No
76;AVENIDA DE LOS TOREROS;AURGI;MADRID;2026-09-02;19014;003HA2043;AD;FILTROS DE HABITACULO;-1.00;22.91;0.55;10.31;-10.31;Si
76;AVENIDA DE LOS TOREROS;AURGI;MADRID;2026-09-02;19022;6044541;GIRLING;JGO. DISCOS DE FRENO;1.00;156.34;0.65;54.72;54.72;No
76;AVENIDA DE LOS TOREROS;AURGI;MADRID;2026-09-02;19022;1987474966;BOSCH;Sonda desgaste p.sbb;1.00;5.65;0.4496;3.11;3.11;No
76;AVENIDA DE LOS TOREROS;AURGI;MADRID;2026-09-02;19022;6114811;GIRLING;PASTILLAS DE FRENO;1.00;56.63;0.73;15.29;15.29;No
76;AVENIDA DE LOS TOREROS;AURGI;MADRID;2026-09-02;19022;21130.00;ROADHOUSE;JGO. PAST. (D) MERCEDES CL-B;1.00;79.26;0.705;23.38;23.38;No
76;AVENIDA DE LOS TOREROS;AURGI;MADRID;2026-09-02;19022;1987473070;BOSCH;Sonda desgaste p.sbb;1.00;6.80;0.45;3.74;3.74;No
76;AVENIDA DE LOS TOREROS;AURGI;MADRID;2026-09-02;19048;42-00231;TALOSA;ROT DIR DCHA MB CLASE A W169, 04-;1.00;44.58;0.45;24.52;24.52;No
76;AVENIDA DE LOS TOREROS;AURGI;MADRID;2026-09-02;19048;42-00232;TALOSA;ROT DIR IZDA MB CLASE A W169, 04-;1.00;44.58;0.45;24.52;24.52;No
77;ARGANDA DEL REY;AURGI;ARGANDA DEL REY;2026-09-02;37690;3397008006;BOSCH;Raqueta limpia-cristales;1.00;13.26;0.5498;5.97;5.97;No
77;ARGANDA DEL REY;AURGI;ARGANDA DEL REY;2026-09-02;37759;6115254;GIRLING;PASTILLAS DE FRENO;1.00;62.82;0.73;16.96;16.96;No
77;ARGANDA DEL REY;AURGI;ARGANDA DEL REY;2026-09-02;37772;W7052;MANN-FILTER;(0) FILTRO MANN;1.00;36.94;0.69;11.45;11.45;No
77;ARGANDA DEL REY;AURGI;ARGANDA DEL REY;2026-09-02;37782;003P112185;AD;JGO. PASTILLAS FRENO AD;1.00;60.43;0.5001;30.21;30.21;No
79;MARQUES DE VADILLO;AURGI;MADRID;2026-09-02;37774;04874;METALCAUCHO;bieleta puntal barraGolf-5;1.00;19.20;0.4;11.52;11.52;No
79;MARQUES DE VADILLO;AURGI;MADRID;2026-09-02;37800;021ADBP250040;BLUE PRINT;FILTRO DE HABITACULO;1.00;6.27;0.0797;5.77;5.77;No
79;MARQUES DE VADILLO;AURGI;MADRID;2026-09-02;37850;3397004772;BOSCH;Raqueta limpia-cristales;1.00;11.65;0.5502;5.24;5.24;No
79;MARQUES DE VADILLO;AURGI;MADRID;2026-09-02;37879;2864.00;ROADHOUSE;JGO. PAST. BMW MINI ONE, COOPER;1.00;83.24;0.7049;24.56;24.56;No
79;MARQUES DE VADILLO;AURGI;MADRID;2026-09-02;37908;6136171;GIRLING;PASTILLAS DE FRENO;1.00;70.28;0.7299;18.98;18.98;No
89;LA VAGUADA;AURGI;MADRID;2026-09-02;30040;0986424646;BOSCH;Pastilla freno;1.00;62.55;0.71;18.14;18.14;No
154;ALUCHE;AURGI;MADRID;2026-09-03;38187;F026400323;BOSCH;Cartucho filtrante aire;1.00;20.20;0.6802;6.46;6.46;No
172;GOYA;MOTORTOWN;MADRID;2026-09-03;19085;21689.00;ROADHOUSE;JGO. PAST.  VOLVO XC 60 (05/08-);-1.00;98.98;0.705;29.20;-29.20;Si
172;GOYA;MOTORTOWN;MADRID;2026-09-03;19093;HU8001X;MANN-FILTER;(0) F.ACEITE A4/A5/A6/A8;1.00;28.34;0.6898;8.79;8.79;No
172;GOYA;MOTORTOWN;MADRID;2026-09-03;19128;F026407231;BOSCH;Elemento filtro de aceite;1.00;19.45;0.6802;6.22;6.22;No
172;GOYA;MOTORTOWN;MADRID;2026-09-03;19163;21318.22;ROADHOUSE;JGO. PAST. NISSAN QASHQAI;-1.00;78.31;0.705;23.10;-23.10;Si
172;GOYA;MOTORTOWN;MADRID;2026-09-03;19190;3397008713;BOSCH;Raqueta limpia-cristales;1.00;12.87;0.5501;5.79;5.79;No
172;GOYA;MOTORTOWN;MADRID;2026-09-03;31655;3397008713;BOSCH;Raqueta limpia-cristales;1.00;12.87;0.5501;5.79;5.79;No
172;GOYA;MOTORTOWN;MADRID;2026-09-03;31655;0403397016317;BOSCH;Raqueta limpia-cristales;1.00;17.76;0.5501;7.99;7.99;No
172;GOYA;MOTORTOWN;MADRID;2026-09-03;31656;3397008713;BOSCH;Raqueta limpia-cristales;-1.00;12.87;0.5501;5.79;-5.79;Si
172;GOYA;MOTORTOWN;MADRID;2026-09-03;31656;0403397016317;BOSCH;Raqueta limpia-cristales;-1.00;17.76;0.5501;7.99;-7.99;Si
174;CASTELLANA;MOTORTOWN;MADRID;2026-09-03;30139;6113301;GIRLING;PASTILLAS DE FRENO;1.00;45.19;0.73;12.20;12.20;No
174;CASTELLANA;MOTORTOWN;MADRID;2026-09-03;30167;3397007555;BOSCH;Juego de raquetas;1.00;42.28;0.5499;19.03;19.03;No
174;CASTELLANA;MOTORTOWN;MADRID;2026-09-03;30195;6120881;GIRLING;PASTILLAS DE FRENO;1.00;93.10;0.73;25.14;25.14;No
174;CASTELLANA;MOTORTOWN;MADRID;2026-09-03;30195;1987473544;BOSCH;Sonda desgaste p.sbb;1.00;21.05;0.4499;11.58;11.58;No
190;SANCHINARRO;MOTORTOWN;MADRID;2026-09-03;62020;0401987473617;BOSCH;Sonda desgaste p.sbb;1.00;19.55;0.4501;10.75;10.75;No
190;SANCHINARRO;MOTORTOWN;MADRID;2026-09-03;62020;0986494759;BOSCH;Pastilla freno;1.00;107.70;0.71;31.23;31.23;No
190;SANCHINARRO;MOTORTOWN;MADRID;2026-09-03;63969;0242135580;BOSCH;Bujia antiparasita;4.00;13.33;0.53;6.27;25.06;No
190;SANCHINARRO;MOTORTOWN;MADRID;2026-09-03;63974;1691;NGK;Bujía automóvil Niquel;4.00;13.37;0.48;6.95;27.81;No
190;SANCHINARRO;MOTORTOWN;MADRID;2026-09-03;63978;564A01100000;EPM;PLACA MATRICULA LARGA CHAPA;1.00;7.77;0.2497;5.83;5.83;No
190;SANCHINARRO;MOTORTOWN;MADRID;2026-09-03;63978;T;TEXTO;TEXTO;1.00;0;0;0.00;0.00;No
190;SANCHINARRO;MOTORTOWN;MADRID;2026-09-03;64011;0403397014826;BOSCH;Juego de raquetas;1.00;49.65;0.5501;22.34;22.34;No
190;SANCHINARRO;MOTORTOWN;MADRID;2026-09-03;64022;F026407205;BOSCH;Elemento filtro de aceite;1.00;33.40;0.6799;10.69;10.69;No
190;SANCHINARRO;MOTORTOWN;MADRID;2026-09-03;64027;W712/95;MANN-FILTER;(0) F. ACEITE MANN;1.00;18.94;0.6901;5.87;5.87;No
190;SANCHINARRO;MOTORTOWN;MADRID;2026-09-03;64027;C22035;MANN-FILTER;(0) FILTRO AI. AUDI A1/LEON;1.00;41.88;0.6901;12.98;12.98;No
190;SANCHINARRO;MOTORTOWN;MADRID;2026-09-03;64027;CU26021;MANN-FILTER;(*) F. HABITAC. MANN;1.00;22.66;0.62;8.61;8.61;No
190;SANCHINARRO;MOTORTOWN;MADRID;2026-09-03;64048;W712/52;MANN-FILTER;(0) F.ACEITE;1.00;15.59;0.6902;4.83;4.83;No
190;SANCHINARRO;MOTORTOWN;MADRID;2026-09-03;64048;C4287/1;MANN-FILTER;(0) F.AIRE SEAT/V;1.00;31.38;0.6899;9.73;9.73;No
190;SANCHINARRO;MOTORTOWN;MADRID;2026-09-03;64048;C4287/2;MANN-FILTER;(0) F.AIRE SEAT/V;1.00;34.72;0.6901;10.76;10.76;No
190;SANCHINARRO;MOTORTOWN;MADRID;2026-09-03;64072;C28043;MANN-FILTER;(0) F. AIRE MANN;-1.00;46.56;0.6901;14.43;-14.43;Si
190;SANCHINARRO;MOTORTOWN;MADRID;2026-09-03;64072;CU23015-2;MANN-FILTER;(*) FILTRO HABITAC. MANN;-1.00;62.74;0.62;23.84;-23.84;Si
190;SANCHINARRO;MOTORTOWN;MADRID;2026-09-03;64072;6326401;GIRLING;CABLE AVISADOR;-1.00;17.58;0.3999;10.55;-10.55;Si
190;SANCHINARRO;MOTORTOWN;MADRID;2026-09-03;64072;CU23015-2;MANN-FILTER;(*) FILTRO HABITAC. MANN;-1.00;62.74;0.62;23.84;-23.84;Si
190;SANCHINARRO;MOTORTOWN;MADRID;2026-09-03;64072;C22018;MANN-FILTER;(0) FILTRO MANN;-1.00;62.09;0.69;19.25;-19.25;Si
190;SANCHINARRO;MOTORTOWN;MADRID;2026-09-03;64072;CU2939;MANN-FILTER;(*) F.HABIT.;-1.00;18.29;0.62;6.95;-6.95;Si
190;SANCHINARRO;MOTORTOWN;MADRID;2026-09-03;64072;HU7020z;MANN-FILTER;(0) F. ACEITE MANN;-1.00;19.53;0.6902;6.05;-6.05;Si
190;SANCHINARRO;MOTORTOWN;MADRID;2026-09-03;64072;HU7008z;MANN-FILTER;(0) FILTRO AC. A3/A4/EXEO TDI;-1.00;15.31;0.6897;4.75;-4.75;Si
190;SANCHINARRO;MOTORTOWN;MADRID;2026-09-03;64072;C35154;MANN-FILTER;(0) F.AIRE;-1.00;27.81;0.69;8.62;-8.62;Si
190;SANCHINARRO;MOTORTOWN;MADRID;2026-09-03;64072;F026407204;BOSCH;Elemento filtro de aceite;-1.00;29.50;0.68;9.44;-9.44;Si
190;SANCHINARRO;MOTORTOWN;MADRID;2026-09-03;64072;F026407204;BOSCH;Elemento filtro de aceite;-1.00;29.50;0.68;9.44;-9.44;Si
190;SANCHINARRO;MOTORTOWN;MADRID;2026-09-03;64072;12821897.00;ROADHOUSE;JGO. PAST.OCTAVIA IV Combi (NX5) (0;-1.00;72.29;0.7049;21.33;-21.33;Si
190;SANCHINARRO;MOTORTOWN;MADRID;2026-09-03;64072;21232.00;ROADHOUSE;JGO. PAST.DEL.TOYOTA RAV 4 III;-1.00;78.28;0.705;23.09;-23.09;Si
190;SANCHINARRO;MOTORTOWN;MADRID;2026-09-03;64072;0986494255;BOSCH;Pastilla freno;-1.00;52.40;0.7099;15.20;-15.20;Si
190;SANCHINARRO;MOTORTOWN;MADRID;2026-09-03;64072;0986494432;BOSCH;Pastilla freno;-1.00;118.60;0.71;34.39;-34.39;Si
190;SANCHINARRO;MOTORTOWN;MADRID;2026-09-03;64072;12821810.02;ROADHOUSE;JGO. PAST.MOKKA X (06/12-);-1.00;116.98;0.705;34.51;-34.51;Si
190;SANCHINARRO;MOTORTOWN;MADRID;2026-09-03;64072;6120981;GIRLING;PASTILLAS DE FRENO;-1.00;117.70;0.73;31.78;-31.78;Si
190;SANCHINARRO;MOTORTOWN;MADRID;2026-09-03;64072;12821900.02;ROADHOUSE;JGO. PAST.MAZDA;-1.00;116.20;0.705;34.28;-34.28;Si
190;SANCHINARRO;MOTORTOWN;MADRID;2026-09-03;64072;56.005;AD;Ace. AD SC2 5W30 5 l.;-1.00;64.19;0.4001;38.51;-38.51;Si
190;SANCHINARRO;MOTORTOWN;MADRID;2026-09-03;64072;AFU CAT-E;IMPUESTOS;APORTACION AL SIGAUS (RD679/2006);-1.00;0.23;0;0.23;-0.23;Si
190;SANCHINARRO;MOTORTOWN;MADRID;2026-09-03;64080;0986479088;BOSCH;JGO. DISCOS DE FRENO;1.00;242.00;0.6396;87.22;87.22;No
190;SANCHINARRO;MOTORTOWN;MADRID;2026-09-03;64080;0986424797;BOSCH;Pastilla freno;1.00;85.50;0.7101;24.79;24.79;No
190;SANCHINARRO;MOTORTOWN;MADRID;2026-09-03;64086;6120981;GIRLING;PASTILLAS DE FRENO;1.00;117.70;0.73;31.78;31.78;No
190;SANCHINARRO;MOTORTOWN;MADRID;2026-09-03;64114;1457433714;BOSCH;Cartucho filtrante aire;1.00;26.99;0.6799;8.64;8.64;No
190;SANCHINARRO;MOTORTOWN;MADRID;2026-09-03;64120;0242236566;BOSCH;Bujia antiparasita;4.00;24.08;0.53;11.32;45.27;No
190;SANCHINARRO;MOTORTOWN;MADRID;2026-09-03;64120;0242240654;BOSCH;Bujia antiparasita;4.00;27.09;0.53;12.73;50.93;No
190;SANCHINARRO;MOTORTOWN;MADRID;2026-09-03;64236;12821810.02;ROADHOUSE;JGO. PAST.MOKKA X (06/12-);1.00;116.98;0.705;34.51;34.51;No
190;SANCHINARRO;MOTORTOWN;MADRID;2026-09-03;64273;C3875;MANN-FILTER;(0) F.AIRE;1.00;18.78;0.6901;5.82;5.82;No
190;SANCHINARRO;MOTORTOWN;MADRID;2026-09-03;64275;WK920/5;MANN-FILTER;(0) F.COMBUS.REN.MEGANE II;1.00;70.69;0.6901;21.91;21.91;No
190;SANCHINARRO;MOTORTOWN;MADRID;2026-09-03;64277;W712/95;MANN-FILTER;(0) F. ACEITE MANN;1.00;18.94;0.6901;5.87;5.87;No
190;SANCHINARRO;MOTORTOWN;MADRID;2026-09-03;64277;C28043;MANN-FILTER;(0) F. AIRE MANN;1.00;47.44;0.6899;14.71;14.71;No
190;SANCHINARRO;MOTORTOWN;MADRID;2026-09-03;64277;1987432540;BOSCH;Filtro de habitaculo;1.00;22.50;0.6;9.00;9.00;No
199;ALCALA DE HENARES;MOTORTOWN;ALCALA DE HENARES;2026-09-03;53928;JB450350;JUNIOR;RESORTE MM.450 Y FUERZA EN NEWTONS;2.00;21.00;0.4;12.60;25.20;No
199;ALCALA DE HENARES;MOTORTOWN;ALCALA DE HENARES;2026-09-03;54133;7PK1570;GATES;7PK1570 MV;1.00;48.50;0.52;23.28;23.28;No
199;ALCALA DE HENARES;MOTORTOWN;ALCALA DE HENARES;2026-09-03;54133;6065341;GIRLING;JGO. DISCOS DE FRENO;1.00;150.60;0.65;52.71;52.71;No
199;ALCALA DE HENARES;MOTORTOWN;ALCALA DE HENARES;2026-09-03;54133;6133321;GIRLING;PASTILLAS DE FRENO;1.00;52.41;0.73;14.15;14.15;No
202;CAMPO DE LAS NACIONES;MOTORTOWN;MADRID;2026-09-03;31537;6115832;GIRLING;PASTILLAS DE FRENO;1.00;67.21;0.73;18.15;18.15;No
202;CAMPO DE LAS NACIONES;MOTORTOWN;MADRID;2026-09-03;31575;50-03510;TALOSA;BIELETA DEL VW POLO IV, 01-;2.00;23.96;0.5;11.98;23.96;No
202;CAMPO DE LAS NACIONES;MOTORTOWN;MADRID;2026-09-03;31575;6PK1078;GATES;6PK1078 MV;1.00;28.03;0.5202;13.45;13.45;No
202;CAMPO DE LAS NACIONES;MOTORTOWN;MADRID;2026-09-03;31588;0400986494588;BOSCH;Pastilla freno;1.00;98.35;0.71;28.52;28.52;No
202;CAMPO DE LAS NACIONES;MOTORTOWN;MADRID;2026-09-03;31588;1987473543;BOSCH;Sonda desgaste p.sbb;1.00;21.00;0.45;11.55;11.55;No
202;CAMPO DE LAS NACIONES;MOTORTOWN;MADRID;2026-09-03;31590;HU926/3x;MANN-FILTER;(0) F.ACEITE BMW;1.00;19.09;0.6899;5.92;5.92;No
202;CAMPO DE LAS NACIONES;MOTORTOWN;MADRID;2026-09-03;31590;WK830;MANN-FILTER;(0) F.COMBUS.ALFA ROMEO;1.00;31.38;0.6899;9.73;9.73;No
202;CAMPO DE LAS NACIONES;MOTORTOWN;MADRID;2026-09-03;31590;C25114;MANN-FILTER;(0) F.AIRE;1.00;30.09;0.6899;9.33;9.33;No
202;CAMPO DE LAS NACIONES;MOTORTOWN;MADRID;2026-09-03;31590;0242235668;BOSCH;Bujia antiparasita;6.00;9.64;0.5301;4.53;27.18;No
202;CAMPO DE LAS NACIONES;MOTORTOWN;MADRID;2026-09-03;31628;0986494914;BOSCH;Pastilla freno;1.00;100.15;0.71;29.04;29.04;No
202;CAMPO DE LAS NACIONES;MOTORTOWN;MADRID;2026-09-03;31628;6320302;GIRLING;CABLE AVISADOR;1.00;14.29;0.4003;8.57;8.57;No
202;CAMPO DE LAS NACIONES;MOTORTOWN;MADRID;2026-09-03;31638;B214;DOLZ;BOMBA AGUA BMW. 318-518 2.0;1.00;86.79;0.61;33.85;33.85;No
202;CAMPO DE LAS NACIONES;MOTORTOWN;MADRID;2026-09-03;31638;173TH5111.88J;CALORSTAT BY VERNET;Termostato Vernet;1.00;24.66;0.2798;17.76;17.76;No
202;CAMPO DE LAS NACIONES;MOTORTOWN;MADRID;2026-09-03;31646;CU2835;MANN-FILTER;(*) F.HABIT.;1.00;39.29;0.62;14.93;14.93;No
202;CAMPO DE LAS NACIONES;MOTORTOWN;MADRID;2026-09-03;31654;CU2336;MANN-FILTER;(*) FILTRO HABITACULO MANN;1.00;16.08;0.62;6.11;6.11;No
202;CAMPO DE LAS NACIONES;MOTORTOWN;MADRID;2026-09-03;31654;102WK8019/1;MANN-FILTER;(0) FILTRO COMBUSTIBLE;1.00;59.72;0.6901;18.51;18.51;No
204;SAN JOSE DE VALDERAS;MOTORTOWN;ALCORCON;2026-09-03;46508;21839.10;ROADHOUSE;JGO. PASTILLAS FRENO;1.00;146.88;0.705;43.33;43.33;No
204;SAN JOSE DE VALDERAS;MOTORTOWN;ALCORCON;2026-09-03;46508;0401987473601;BOSCH;Sonda desgaste p.sbb;1.00;14.00;0.45;7.70;7.70;No
204;SAN JOSE DE VALDERAS;MOTORTOWN;ALCORCON;2026-09-03;46574;003P094106;AD;JGO. PASTILLAS FRENO AD;1.00;39.77;0.5001;19.88;19.88;No
204;SAN JOSE DE VALDERAS;MOTORTOWN;ALCORCON;2026-09-03;46575;1987473548;BOSCH;Sonda desgaste p.sbb;1.00;25.00;0.45;13.75;13.75;No
204;SAN JOSE DE VALDERAS;MOTORTOWN;ALCORCON;2026-09-03;46575;1987473544;BOSCH;Sonda desgaste p.sbb;1.00;21.05;0.4499;11.58;11.58;No
204;SAN JOSE DE VALDERAS;MOTORTOWN;ALCORCON;2026-09-03;46590;6120981;GIRLING;PASTILLAS DE FRENO;1.00;117.70;0.73;31.78;31.78;No
204;SAN JOSE DE VALDERAS;MOTORTOWN;ALCORCON;2026-09-03;46590;1987473548;BOSCH;Sonda desgaste p.sbb;1.00;25.00;0.45;13.75;13.75;No
204;SAN JOSE DE VALDERAS;MOTORTOWN;ALCORCON;2026-09-03;46590;6120632;GIRLING;PASTILLAS DE FRENO;1.00;77.50;0.7301;20.92;20.92;No
204;SAN JOSE DE VALDERAS;MOTORTOWN;ALCORCON;2026-09-03;46590;1987473544;BOSCH;Sonda desgaste p.sbb;1.00;21.05;0.4499;11.58;11.58;No
209;SALAMANCA;MOTORTOWN;SALAMANCA;2026-09-03;80337;ADT32109;BLUE PRINT;FILTRO DE ACEITE;1.00;3.98;0.0804;3.66;3.66;No
209;SALAMANCA;MOTORTOWN;SALAMANCA;2026-09-03;80337;1987435590;BOSCH;Filtro habit carbon act;1.00;61.20;0.6;24.48;24.48;No
21;LEGANES;AURGI;LEGANES;2026-09-03;26657;CUK26005;MANN-FILTER;(*) FILTRO HABITAC. MEGANE III;1.00;31.11;0.6201;11.82;11.82;No
21;LEGANES;AURGI;LEGANES;2026-09-03;26832;003AD5085;AD;DISCO DE FRENO AD;2.00;49.19;0.65;17.22;34.43;No
21;LEGANES;AURGI;LEGANES;2026-09-03;26860;0986424418;BOSCH;Pastilla freno;1.00;53.95;0.7099;15.65;15.65;No
21;LEGANES;AURGI;LEGANES;2026-09-03;26862;50-03486;TALOSA;BIELETA DEL I/D CITROEN C4 PICASSO,;-2.00;27.99;0.5;14.00;-27.99;Si
21;LEGANES;AURGI;LEGANES;2026-09-03;26862;12821986.10;ROADHOUSE;MERCEDES CITAN (W420) (01/21-);-1.00;111.84;0.705;32.99;-32.99;Si
21;LEGANES;AURGI;LEGANES;2026-09-03;26862;003AD5778;AD;DISCO DE FRENO AD;-2.00;66.75;0.65;23.36;-46.73;Si
21;LEGANES;AURGI;LEGANES;2026-09-03;26901;6134619;GIRLING;PASTILLAS DE FRENO;1.00;83.29;0.73;22.49;22.49;No
21;LEGANES;AURGI;LEGANES;2026-09-03;26901;12821958.02;ROADHOUSE;JGO. PASTILLAS;1.00;76.52;0.705;22.57;22.57;No
210;POZUELO DE ALARCÓN;MOTORTOWN;POZUELO DE ALARCÓN;2026-09-03;25074;3397014315;BOSCH;Juego de raquetas;1.00;45.55;0.5499;20.50;20.50;No
210;POZUELO DE ALARCÓN;MOTORTOWN;POZUELO DE ALARCÓN;2026-09-03;25141;6120045;GIRLING;PASTILLAS DE FRENO;1.00;187.54;0.73;50.64;50.64;No
210;POZUELO DE ALARCÓN;MOTORTOWN;POZUELO DE ALARCÓN;2026-09-03;25147;21345.50;ROADHOUSE;JGO. PAST.(D) PORSCHE CAYENNE;1.00;195.35;0.705;57.63;57.63;No
210;POZUELO DE ALARCÓN;MOTORTOWN;POZUELO DE ALARCÓN;2026-09-03;25147;1987474565;BOSCH;Sonda desgaste p.sbb;2.00;10.00;0.45;5.50;11.00;No
210;POZUELO DE ALARCÓN;MOTORTOWN;POZUELO DE ALARCÓN;2026-09-03;25147;21379.10;ROADHOUSE;JGO. PAST.PORSCHE CATENNE;1.00;130.33;0.705;38.45;38.45;No
210;POZUELO DE ALARCÓN;MOTORTOWN;POZUELO DE ALARCÓN;2026-09-03;25147;1987474566;BOSCH;Sonda desgaste p.sbb;2.00;9.05;0.4503;4.97;9.95;No
210;POZUELO DE ALARCÓN;MOTORTOWN;POZUELO DE ALARCÓN;2026-09-03;25165;0986424794;BOSCH;Pastilla freno;1.00;81.50;0.7101;23.63;23.63;No
210;POZUELO DE ALARCÓN;MOTORTOWN;POZUELO DE ALARCÓN;2026-09-03;25165;0986494528;BOSCH;Pastilla freno;1.00;66.00;0.71;19.14;19.14;No
210;POZUELO DE ALARCÓN;MOTORTOWN;POZUELO DE ALARCÓN;2026-09-03;25176;50-01362;TALOSA;BIEL DEL DCHA NISSAN QASHQAI 02/200;1.00;26.59;0.5002;13.29;13.29;No
213;EL BERCIAL;MOTORTOWN;GETAFE;2026-09-03;26720;F026400517;BOSCH;Cartucho filtrante aire;1.00;37.85;0.6801;12.11;12.11;No
213;EL BERCIAL;MOTORTOWN;GETAFE;2026-09-03;26720;1987435591;BOSCH;Filtro habit carbon act;1.00;43.50;0.6;17.40;17.40;No
213;EL BERCIAL;MOTORTOWN;GETAFE;2026-09-03;26720;W7058;MANN-FILTER;(0) FILTRO ACEITE MANN;1.00;13.22;0.6899;4.10;4.10;No
213;EL BERCIAL;MOTORTOWN;GETAFE;2026-09-03;26784;003P020185;AD;JGO. PASTILLAS FRENO AD;1.00;31.73;0.5002;15.86;15.86;No
224;TALAVERA;MOTORTOWN;TALAVERA;2026-09-03;28943;0986479E42;BOSCH;JGO. DISCOS DE FRENO;1.00;277.90;0.6396;100.16;100.16;No
224;TALAVERA;MOTORTOWN;TALAVERA;2026-09-03;28943;6136426;GIRLING;PASTILLAS DE FRENO;1.00;96.83;0.73;26.14;26.14;No
224;TALAVERA;MOTORTOWN;TALAVERA;2026-09-03;28960;21516.40;ROADHOUSE;JGO. PAST. LAND ROVER DISCOVERY;-1.00;71.49;0.705;21.09;-21.09;Si
224;TALAVERA;MOTORTOWN;TALAVERA;2026-09-03;28960;0400986479E58;BOSCH;JGO. DISCOS DE FRENO;-1.00;217.70;0.6396;78.46;-78.46;Si
24;PINTO;AURGI;PINTO;2026-09-03;31729;23113;FEBI BILSTEIN;BOMBA DE AGUA DE LAVADO;1.00;21.50;0.38;13.33;13.33;No
24;PINTO;AURGI;PINTO;2026-09-03;31758;29586;FEBI BILSTEIN;SOPORTE, MOTOR;-1.00;62.37;0.33;41.79;-41.79;Si
24;PINTO;AURGI;PINTO;2026-09-03;31758;WK842/4;MANN-FILTER;(0) F.COMBUS.VW.;-1.00;41.88;0.6901;12.98;-12.98;Si
24;PINTO;AURGI;PINTO;2026-09-03;31773;85693;NISSENS;ELECTROV. FIAT FIORINO (225) (08-);1.00;181.11;0.35;117.72;117.72;No
24;PINTO;AURGI;PINTO;2026-09-03;31788;6PK1438;GATES;6PK1438 MV;1.00;31.78;0.5201;15.25;15.25;No
24;PINTO;AURGI;PINTO;2026-09-03;31832;SM5201;KYB;SMK Accent (2000), Click (2002), F;2.00;39.63;0.16;33.29;66.58;No
24;PINTO;AURGI;PINTO;2026-09-03;31855;50-07844;TALOSA;BIELETA DEL I/D HYUNDAI IX 35, 01/1;1.00;28.30;0.5;14.15;14.15;No
25;LAS ROZAS;AURGI;LAS ROZAS;2026-09-03;77340;003AD6413;AD;DISCO DE FRENO AD;2.00;74.81;0.65;26.18;52.37;No
25;LAS ROZAS;AURGI;LAS ROZAS;2026-09-03;77340;003P050168;AD;JGO. PASTILLAS FRENO AD;1.00;40.64;0.5;20.32;20.32;No
40;VALLECAS;AURGI;MADRID;2026-09-03;33391;50-09965;TALOSA;BIELETA PEUGEOT 206 1998-;1.00;20.87;0.5002;10.43;10.43;No
40;VALLECAS;AURGI;MADRID;2026-09-03;33528;0986494821;BOSCH;Pastilla freno;1.00;77.00;0.71;22.33;22.33;No
45;ANTONIO LOPEZ;AURGI;MADRID;2026-09-03;25223;003HA2009;AD;FILTROS DE HABITACULO;1.00;13.30;0.5504;5.98;5.98;No
45;ANTONIO LOPEZ;AURGI;MADRID;2026-09-03;25244;003P125185;AD;JGO. PASTILLAS FRENO AD;1.00;36.08;0.5;18.04;18.04;No
45;ANTONIO LOPEZ;AURGI;MADRID;2026-09-03;25250;1987435601;BOSCH;Filtro habit carbon act;1.00;71.00;0.6;28.40;28.40;No
45;ANTONIO LOPEZ;AURGI;MADRID;2026-09-03;25265;21600.00;ROADHOUSE;JGO. PAST. MINI;1.00;77.91;0.705;22.98;22.98;No
45;ANTONIO LOPEZ;AURGI;MADRID;2026-09-03;25267;1987473544;BOSCH;Sonda desgaste p.sbb;2.00;21.05;0.4501;11.58;23.15;No
45;ANTONIO LOPEZ;AURGI;MADRID;2026-09-03;25298;BBI301/1;AD;1 esc. AD 300 mm Tras. Original;1.00;8.39;0.5495;3.78;3.78;No
53;RIVAS;AURGI;RIVAS VACIAMADRID;2026-09-03;17336;48925;FEBI BILSTEIN;TORNILLO DE RUEDA;1.00;3.09;0.3786;1.92;1.92;No
54;VILLALBA;AURGI;COLLADO VILLALBA;2026-09-03;63227;JB475650;JUNIOR;RESORTE MM.475 Y FUERZA EN NEWTONS;2.00;21.00;0.4;12.60;25.20;No
54;VILLALBA;AURGI;COLLADO VILLALBA;2026-09-03;63252;44949;FEBI BILSTEIN;TUERCA DE RUEDA;3.00;5.32;0.3797;3.30;9.90;No
54;VILLALBA;AURGI;COLLADO VILLALBA;2026-09-03;63282;912024;KYB;PK Grand Scénic III Mini Bus [2 F L;2.00;34.67;0.1599;29.13;58.25;No
54;VILLALBA;AURGI;COLLADO VILLALBA;2026-09-03;63294;0986479A62;BOSCH;JGO. DISCOS DE FRENO;-2.00;218.10;0.6396;78.60;-157.21;Si
54;VILLALBA;AURGI;COLLADO VILLALBA;2026-09-03;63294;6040271;GIRLING;JGO. DISCOS DE FRENO;-1.00;187.24;0.65;65.53;-65.53;Si
54;VILLALBA;AURGI;COLLADO VILLALBA;2026-09-03;63294;0986479S64;BOSCH;JGO. DISCOS DE FRENO;-1.00;136.00;0.6396;49.01;-49.01;Si
54;VILLALBA;AURGI;COLLADO VILLALBA;2026-09-03;63294;2202102;ALKAR;SEAT IBIZA (09-17)G. OP TRA D;-1.00;101.71;0.37;64.08;-64.08;Si
54;VILLALBA;AURGI;COLLADO VILLALBA;2026-09-03;63294;21121;SPIDAN;CITROEN XSARA/PICASSO/206 LR;-1.00;21.60;0.3;15.12;-15.12;Si
54;VILLALBA;AURGI;COLLADO VILLALBA;2026-09-03;63294;42-09694;TALOSA;ROT DIR DCHA IBIZA;-1.00;24.32;0.5;12.16;-12.16;Si
54;VILLALBA;AURGI;COLLADO VILLALBA;2026-09-03;63355;44949;FEBI BILSTEIN;TUERCA DE RUEDA;1.00;5.32;0.3797;3.30;3.30;No
54;VILLALBA;AURGI;COLLADO VILLALBA;2026-09-03;63356;36607;FEBI BILSTEIN;COJINETE DE APOYO TELESCOPICO;2.00;103.88;0.38;64.41;128.81;No
54;VILLALBA;AURGI;COLLADO VILLALBA;2026-09-03;63375;3397018170;BOSCH;Raqueta limpia-cristales;1.00;27.67;0.5501;12.45;12.45;No
54;VILLALBA;AURGI;COLLADO VILLALBA;2026-09-03;63381;2231187;ALKAR;REN CLIO III (09-11)G.OP TR AN;1.00;23.05;0.3701;14.52;14.52;No
54;VILLALBA;AURGI;COLLADO VILLALBA;2026-09-03;63406;6114824;GIRLING;PASTILLAS DE FRENO;1.00;69.75;0.73;18.83;18.83;No
54;VILLALBA;AURGI;COLLADO VILLALBA;2026-09-03;63410;154MFD-2H29;MDR;(1) DISCO DE FRENO;-2.00;88.80;0.25;66.60;-133.20;Si
54;VILLALBA;AURGI;COLLADO VILLALBA;2026-09-03;63412;0986479E45;BOSCH;JGO. DISCOS DE FRENO;-1.00;231.40;0.6396;83.40;-83.40;Si
54;VILLALBA;AURGI;COLLADO VILLALBA;2026-09-03;63421;2414.21;ROADHOUSE;JGO. PAST. FRENO RH;1.00;65.91;0.7051;19.44;19.44;No
54;VILLALBA;AURGI;COLLADO VILLALBA;2026-09-03;63429;564A01100000;EPM;PLACA MATRICULA LARGA CHAPA;1.00;7.77;0.2497;5.83;5.83;No
54;VILLALBA;AURGI;COLLADO VILLALBA;2026-09-03;63445;564A01100000;EPM;PLACA MATRICULA LARGA CHAPA;1.00;7.77;0.2497;5.83;5.83;No
56;ALCALA DE HENARES;AURGI;ALCALA DE HENARES;2026-09-03;53914;40999;FAE;Interruptor de luz marcha atrás;1.00;12.26;0.3002;8.58;8.58;No
56;ALCALA DE HENARES;AURGI;ALCALA DE HENARES;2026-09-03;53976;42-07840;TALOSA;ROT DIR DCHA HYUNDAI IX 35, 01/10-;1.00;32.72;0.4499;18.00;18.00;No
56;ALCALA DE HENARES;AURGI;ALCALA DE HENARES;2026-09-03;53976;42-07841;TALOSA;ROT DIR IZDA HYUNDAI IX 35, 01/10-;1.00;32.72;0.4499;18.00;18.00;No
56;ALCALA DE HENARES;AURGI;ALCALA DE HENARES;2026-09-03;53977;50-07844;TALOSA;BIELETA DEL I/D HYUNDAI IX 35, 01/1;1.00;28.30;0.5;14.15;14.15;No
56;ALCALA DE HENARES;AURGI;ALCALA DE HENARES;2026-09-03;54004;24850-14090;TALOSA;BIELETA DEL I-D RENAULT CLIO, 20-;1.00;23.97;0.5002;11.98;11.98;No
56;ALCALA DE HENARES;AURGI;ALCALA DE HENARES;2026-09-03;54008;KP15541XS;GATES;KP15541XS WATER PUMP KIT GATES;1.00;170.60;0.52;81.89;81.89;No
56;ALCALA DE HENARES;AURGI;ALCALA DE HENARES;2026-09-03;54010;KP15541XS;GATES;KP15541XS WATER PUMP KIT GATES;-1.00;170.60;0.52;81.89;-81.89;Si
56;ALCALA DE HENARES;AURGI;ALCALA DE HENARES;2026-09-03;54022;50-07844;TALOSA;BIELETA DEL I/D HYUNDAI IX 35, 01/1;1.00;28.30;0.5;14.15;14.15;No
56;ALCALA DE HENARES;AURGI;ALCALA DE HENARES;2026-09-03;54043;6028054;GIRLING;JGO. DISCOS DE FRENO;1.00;85.50;0.6501;29.92;29.92;No
56;ALCALA DE HENARES;AURGI;ALCALA DE HENARES;2026-09-03;54064;36037;SPIDAN;VW POLO/IBIZA/TOLEDO/A1/A2/FABIA LR;1.00;107.05;0.38;66.37;66.37;No
56;ALCALA DE HENARES;AURGI;ALCALA DE HENARES;2026-09-03;54072;346461908;TRICLO;TAPA TERMOSTATO PSA 2.2HDI;-1.00;248.00;0.4;148.80;-148.80;Si
56;ALCALA DE HENARES;AURGI;ALCALA DE HENARES;2026-09-03;54072;6165284;ALKAR;ES D PEUGEOT 207 (06-)/ 207CCMC CV;-1.00;88.19;0.6;35.28;-35.28;Si
56;ALCALA DE HENARES;AURGI;ALCALA DE HENARES;2026-09-03;54072;C25004;MANN-FILTER;(0) FILTRO AI. IZDO. MERCEDES;-2.00;44.84;0.69;13.90;-27.80;Si
56;ALCALA DE HENARES;AURGI;ALCALA DE HENARES;2026-09-03;54072;003P071106;AD;JGO. PASTILLAS FRENO AD;-1.00;41.70;0.5;20.85;-20.85;Si
56;ALCALA DE HENARES;AURGI;ALCALA DE HENARES;2026-09-03;54072;;FAG;Kit rueda. Wheel Set;-1.00;107.73;0.3;75.41;-75.41;Si
56;ALCALA DE HENARES;AURGI;ALCALA DE HENARES;2026-09-03;54072;;FAG;Kit rueda. Wheel Set;-1.00;107.73;0.3;75.41;-75.41;Si
56;ALCALA DE HENARES;AURGI;ALCALA DE HENARES;2026-09-03;54072;003AI3033;AD;FILTROS DE AIRE;-1.00;11.25;0.5502;5.06;-5.06;Si
56;ALCALA DE HENARES;AURGI;ALCALA DE HENARES;2026-09-03;54072;003AI3139;AD;FILTROS DE AIRE;-1.00;20.50;0.5502;9.22;-9.22;Si
56;ALCALA DE HENARES;AURGI;ALCALA DE HENARES;2026-09-03;54072;P77530-01;GLASER;RETEN MOTOR (TURISMOS);-1.00;30.46;0.3999;18.28;-18.28;Si
56;ALCALA DE HENARES;AURGI;ALCALA DE HENARES;2026-09-03;54072;12821988.00;ROADHOUSE;308 SW III (FC_, FJ_, FR_, F4_);-1.00;126.86;0.705;37.42;-37.42;Si
56;ALCALA DE HENARES;AURGI;ALCALA DE HENARES;2026-09-03;54072;535.12;AD;(84-28) Batería AD Plus S.C./Asiáti;-1.00;87.54;0.18;71.78;-71.78;Si
56;ALCALA DE HENARES;AURGI;ALCALA DE HENARES;2026-09-03;54126;CU26017;MANN-FILTER;(*) F. HABITAC. MANN;1.00;26.68;0.6199;10.14;10.14;No
58;MOSTOLES;AURGI;MOSTOLES;2026-09-03;40529;HU6024Z;MANN-FILTER;(0) F. ACEITE MANN;1.00;22.94;0.6901;7.11;7.11;No
58;MOSTOLES;AURGI;MOSTOLES;2026-09-03;40538;C2998/5x;MANN-FILTER;(0) F.AIRE SKODA;1.00;37.91;0.6901;11.75;11.75;No
58;MOSTOLES;AURGI;MOSTOLES;2026-09-03;40548;50-09965;TALOSA;BIELETA PEUGEOT 206 1998-;2.00;20.87;0.5;10.44;20.87;No
59;VALDEMORO;AURGI;VALDEMORO;2026-09-03;23370;CU2424;MANN-FILTER;(*) F.HABIT.;1.00;18.76;0.6199;7.13;7.13;No
59;VALDEMORO;AURGI;VALDEMORO;2026-09-03;23382;3397014494;BOSCH;Juego de raquetas;1.00;55.52;0.5501;24.98;24.98;No
59;VALDEMORO;AURGI;VALDEMORO;2026-09-03;23415;C3585;MANN-FILTER;(0) F.AIRE CIT./PEUG.1.4/6 HDI;1.00;28.19;0.69;8.74;8.74;No
61;ALCORCON;AURGI;ALCORCON;2026-09-03;46517;6049641;GIRLING;JGO. DISCOS DE FRENO;1.00;199.24;0.65;69.73;69.73;No
61;ALCORCON;AURGI;ALCORCON;2026-09-03;46517;W67/1;MANN-FILTER;(0) F.ACEITE MAZDA;1.00;13.84;0.69;4.29;4.29;No
61;ALCORCON;AURGI;ALCORCON;2026-09-03;46564;003HA2057;AD;FILTROS DE HABITACULO;1.00;19.16;0.5501;8.62;8.62;No
61;ALCORCON;AURGI;ALCORCON;2026-09-03;46571;003AI3039;AD;FILTROS DE AIRE;1.00;23.91;0.55;10.76;10.76;No
75;EMILIO MUÑOZ;AURGI;MADRID;2026-09-03;31468;62119.10;ROADHOUSE;JGO. DISCOS DE FRENO (precio ud.);2.00;112.15;0.6;44.86;89.72;No
75;EMILIO MUÑOZ;AURGI;MADRID;2026-09-03;31482;0986424437;BOSCH;Pastilla freno;1.00;98.35;0.71;28.52;28.52;No
75;EMILIO MUÑOZ;AURGI;MADRID;2026-09-03;31505;6066674;GIRLING;JGO. DISCOS DE FRENO;1.00;145.30;0.65;50.86;50.86;No
75;EMILIO MUÑOZ;AURGI;MADRID;2026-09-03;31506;6135826;GIRLING;PASTILLAS DE FRENO;1.00;82.85;0.73;22.37;22.37;No
75;EMILIO MUÑOZ;AURGI;MADRID;2026-09-03;31506;0400986494654;BOSCH;Pastilla freno;1.00;62.55;0.71;18.14;18.14;No
75;EMILIO MUÑOZ;AURGI;MADRID;2026-09-03;31507;C26010;MANN-FILTER;(0) FILTRO MANN;1.00;45.06;0.69;13.97;13.97;No
75;EMILIO MUÑOZ;AURGI;MADRID;2026-09-03;31515;003AD6663;AD;DISCO DE FRENO AD;2.00;63.64;0.65;22.27;44.55;No
75;EMILIO MUÑOZ;AURGI;MADRID;2026-09-03;31518;21412.32;ROADHOUSE;JGO. PASTILLAS FRENO;1.00;122.69;0.705;36.19;36.19;No
75;EMILIO MUÑOZ;AURGI;MADRID;2026-09-03;31523;003AI3208;AD;FILTROS DE AIRE;1.00;22.41;0.5502;10.08;10.08;No
75;EMILIO MUÑOZ;AURGI;MADRID;2026-09-03;31523;003AC1026;AD;FILTROS DE ACEITE;1.00;11.95;0.5498;5.38;5.38;No
75;EMILIO MUÑOZ;AURGI;MADRID;2026-09-03;31544;051FDB4984;FERODO;PASTILLA FRENO Kia CEE'D / PRO CEE';1.00;133.85;0.705;39.49;39.49;No
75;EMILIO MUÑOZ;AURGI;MADRID;2026-09-03;31651;003AI3148;AD;FILTROS DE AIRE;1.00;26.16;0.5501;11.77;11.77;No
75;EMILIO MUÑOZ;AURGI;MADRID;2026-09-03;31651;003AC1055;AD;FILTROS DE ACEITE;1.00;11.21;0.5504;5.04;5.04;No
75;EMILIO MUÑOZ;AURGI;MADRID;2026-09-03;31651;HU7009z;MANN-FILTER;(0) F. ACEITE MANN;1.00;15.75;0.6902;4.88;4.88;No
75;EMILIO MUÑOZ;AURGI;MADRID;2026-09-03;31653;003P100156;AD;JGO. PASTILLAS FRENO AD;1.00;55.71;0.5001;27.85;27.85;No
76;AVENIDA DE LOS TOREROS;AURGI;MADRID;2026-09-03;19071;154MCF-3S05;MDR;FILTRO DE HABITACULO;-1.00;6.98;0.2507;5.23;-5.23;Si
76;AVENIDA DE LOS TOREROS;AURGI;MADRID;2026-09-03;19078;6134219;GIRLING;PASTILLAS DE FRENO;-1.00;63.69;0.7299;17.20;-17.20;Si
76;AVENIDA DE LOS TOREROS;AURGI;MADRID;2026-09-03;19083;21217.00;ROADHOUSE;JGO. PAST.D.FORD S-MAX/VOLVO S80;-1.00;99.21;0.705;29.27;-29.27;Si
76;AVENIDA DE LOS TOREROS;AURGI;MADRID;2026-09-03;19159;003HA2071;AD;FILTROS DE HABITACULO;-1.00;12.08;0.5497;5.44;-5.44;Si
77;ARGANDA DEL REY;AURGI;ARGANDA DEL REY;2026-09-03;37886;1987429405;BOSCH;Cartucho filtrante aire;1.00;34.25;0.68;10.96;10.96;No
77;ARGANDA DEL REY;AURGI;ARGANDA DEL REY;2026-09-03;37886;1987432097;BOSCH;Filtro de habitaculo;1.00;18.99;0.5998;7.60;7.60;No
77;ARGANDA DEL REY;AURGI;ARGANDA DEL REY;2026-09-03;37886;0451103314;BOSCH;Filtro de aceite;1.00;15.95;0.6803;5.10;5.10;No
77;ARGANDA DEL REY;AURGI;ARGANDA DEL REY;2026-09-03;37999;6060436;GIRLING;(1) DISCO DE FRENO;2.00;225.32;0.65;78.86;157.72;No
77;ARGANDA DEL REY;AURGI;ARGANDA DEL REY;2026-09-03;37999;21352.00;ROADHOUSE;JGO. PAST.(T) RENAULT KANGOO (08-);1.00;66.28;0.705;19.55;19.55;No
77;ARGANDA DEL REY;AURGI;ARGANDA DEL REY;2026-09-03;38001;0986494331;BOSCH;Pastilla freno;1.00;76.95;0.7099;22.32;22.32;No
78;OLIAS DEL REY;AURGI;OLÍAS DEL REY;2026-09-03;79537;003CO4004;AD;FILTROS DE COMBUSTIBLE;1.00;25.90;0.5502;11.65;11.65;No
78;OLIAS DEL REY;AURGI;OLÍAS DEL REY;2026-09-03;79544;21560.10;ROADHOUSE;JGO. PAST. PEUGEOT 3008 SUV;1.00;90.38;0.705;26.66;26.66;No
78;OLIAS DEL REY;AURGI;OLÍAS DEL REY;2026-09-03;79544;6064191;GIRLING;JGO. DISCOS DE FRENO;1.00;220.78;0.65;77.27;77.27;No
78;OLIAS DEL REY;AURGI;OLÍAS DEL REY;2026-09-03;79745;102WK9082Z;MANN-FILTER;(0) FILTRO COMBUSTIBLE MANN;1.00;91.56;0.69;28.38;28.38;No
78;OLIAS DEL REY;AURGI;OLÍAS DEL REY;2026-09-03;79745;003HA2009;AD;FILTROS DE HABITACULO;1.00;13.30;0.5504;5.98;5.98;No
78;OLIAS DEL REY;AURGI;OLÍAS DEL REY;2026-09-03;79745;102C26280;MANN-FILTER;(0) FILTRO AIRE;1.00;27.72;0.6901;8.59;8.59;No
78;OLIAS DEL REY;AURGI;OLÍAS DEL REY;2026-09-03;79770;21515.01;ROADHOUSE;JGO. PASTILLAS FRENO;1.00;111.76;0.705;32.97;32.97;No
79;MARQUES DE VADILLO;AURGI;MADRID;2026-09-03;37969;6043813;GIRLING;JGO. DISCOS DE FRENO;1.00;109.42;0.65;38.30;38.30;No
79;MARQUES DE VADILLO;AURGI;MADRID;2026-09-03;38000;21485.08;ROADHOUSE;JGO. PAST. MERCEDES B W246;1.00;84.65;0.705;24.97;24.97;No
79;MARQUES DE VADILLO;AURGI;MADRID;2026-09-03;38000;6324201;GIRLING;CABLE AVISADOR;1.00;8.73;0.3998;5.24;5.24;No
79;MARQUES DE VADILLO;AURGI;MADRID;2026-09-03;38000;6119204;GIRLING;PASTILLAS DE FRENO;1.00;83.37;0.73;22.51;22.51;No
79;MARQUES DE VADILLO;AURGI;MADRID;2026-09-03;38085;3397004772;BOSCH;Raqueta limpia-cristales;1.00;11.65;0.5502;5.24;5.24;No
79;MARQUES DE VADILLO;AURGI;MADRID;2026-09-03;38097;39133;METALCAUCHO;varilla aceite citroen c4;-1.00;14.24;0.4003;8.54;-8.54;Si
79;MARQUES DE VADILLO;AURGI;MADRID;2026-09-03;38097;3397004772;BOSCH;Raqueta limpia-cristales;-1.00;11.65;0.5502;5.24;-5.24;Si
79;MARQUES DE VADILLO;AURGI;MADRID;2026-09-03;38097;F026400593;BOSCH;Cartucho filtrante aire;-1.00;50.90;0.68;16.29;-16.29;Si
79;MARQUES DE VADILLO;AURGI;MADRID;2026-09-03;38097;021ADBP250040;BLUE PRINT;FILTRO DE HABITACULO;-1.00;6.27;0.0797;5.77;-5.77;Si
79;MARQUES DE VADILLO;AURGI;MADRID;2026-09-03;38141;6115592;GIRLING;PASTILLAS DE FRENO;1.00;110.55;0.73;29.85;29.85;No
79;MARQUES DE VADILLO;AURGI;MADRID;2026-09-03;38141;6318702;GIRLING;CABLE AVISADOR;1.00;14.26;0.3997;8.56;8.56;No
79;MARQUES DE VADILLO;AURGI;MADRID;2026-09-03;38157;040F026407356;BOSCH;Elemento filtro de aceite;1.00;22.90;0.6799;7.33;7.33;No
79;MARQUES DE VADILLO;AURGI;MADRID;2026-09-03;38157;102CU23024;MANN-FILTER;(*) FILTRO HABITACULO;1.00;38.47;0.62;14.62;14.62;No
79;MARQUES DE VADILLO;AURGI;MADRID;2026-09-03;38168;21776.00;ROADHOUSE;JGO. PAST. FORD FIESTA VII;1.00;85.63;0.705;25.26;25.26;No
89;LA VAGUADA;AURGI;MADRID;2026-09-03;30092;564A01100000;EPM;PLACA MATRICULA LARGA CHAPA;1.00;7.77;0.2497;5.83;5.83;No
89;LA VAGUADA;AURGI;MADRID;2026-09-03;30134;6116262;GIRLING;PASTILLAS DE FRENO;1.00;79.90;0.73;21.57;21.57;No
89;LA VAGUADA;AURGI;MADRID;2026-09-03;30182;003AI3077;AD;FILTROS DE AIRE;1.00;18.87;0.5501;8.49;8.49;No
154;ALUCHE;AURGI;MADRID;2026-09-04;38264;6079231;GIRLING;JGO. DISCOS DE FRENO;1.00;241.92;0.65;84.67;84.67;No
154;ALUCHE;AURGI;MADRID;2026-09-04;38396;0092S4E400;BOSCH;(54-18) Baterías (12V) 65AH 650 A E;1.00;182.75;0.38;113.31;113.31;No
172;GOYA;MOTORTOWN;MADRID;2026-09-04;19196;0403397016317;BOSCH;Raqueta limpia-cristales;1.00;17.76;0.5501;7.99;7.99;No
172;GOYA;MOTORTOWN;MADRID;2026-09-04;19250;469V10-3163;VOLKSWAGEN;;1.00;5.28;0.25;3.96;3.96;No
172;GOYA;MOTORTOWN;MADRID;2026-09-04;19263;0986494658;BOSCH;Pastilla freno;1.00;79.95;0.7099;23.19;23.19;No
172;GOYA;MOTORTOWN;MADRID;2026-09-04;19266;003P167185;AD;JGO. PASTILLAS FRENO AD;1.00;66.81;0.5001;33.40;33.40;No
190;SANCHINARRO;MOTORTOWN;MADRID;2026-09-04;64373;003AD6663;AD;DISCO DE FRENO AD;-2.00;63.64;0.65;22.27;-44.55;Si
190;SANCHINARRO;MOTORTOWN;MADRID;2026-09-04;64373;0986479666;BOSCH;(1) DISCO DE FRENO;-2.00;172.55;0.6396;62.19;-124.37;Si
190;SANCHINARRO;MOTORTOWN;MADRID;2026-09-04;64373;0986424996;BOSCH;Pastilla freno;-1.00;81.95;0.7099;23.77;-23.77;Si
190;SANCHINARRO;MOTORTOWN;MADRID;2026-09-04;64373;0986494344;BOSCH;Pastilla freno;-1.00;64.35;0.71;18.66;-18.66;Si
190;SANCHINARRO;MOTORTOWN;MADRID;2026-09-04;64373;6063404;GIRLING;JGO. DISCOS DE FRENO;-1.00;170.48;0.65;59.67;-59.67;Si
190;SANCHINARRO;MOTORTOWN;MADRID;2026-09-04;64373;2911511;ALKAR;VOLVO V40 (12-)PIL ANT TR I H2;-1.00;36.48;0.3701;22.98;-22.98;Si
190;SANCHINARRO;MOTORTOWN;MADRID;2026-09-04;64373;2911511;ALKAR;VOLVO V40 (12-)PIL ANT TR I H2;-1.00;36.48;0.3701;22.98;-22.98;Si
190;SANCHINARRO;MOTORTOWN;MADRID;2026-09-04;64373;3397118984;BOSCH;Juego de raquetas;-1.00;43.01;0.5501;19.35;-19.35;Si
190;SANCHINARRO;MOTORTOWN;MADRID;2026-09-04;64373;0400986479F41;BOSCH;JGO. DISCOS DE FRENO;-1.00;224.00;0.6396;80.73;-80.73;Si
190;SANCHINARRO;MOTORTOWN;MADRID;2026-09-04;64373;0400986479F41;BOSCH;JGO. DISCOS DE FRENO;-1.00;224.00;0.6396;80.73;-80.73;Si
190;SANCHINARRO;MOTORTOWN;MADRID;2026-09-04;64373;W811/80;MANN-FILTER;(0) F.ACEITE HYUNDAI;-1.00;12.19;0.6899;3.78;-3.78;Si
190;SANCHINARRO;MOTORTOWN;MADRID;2026-09-04;64373;CU2336;MANN-FILTER;(*) FILTRO HABITACULO MANN;-1.00;15.79;0.62;6.00;-6.00;Si
190;SANCHINARRO;MOTORTOWN;MADRID;2026-09-04;64373;C2631;MANN-FILTER;(0) F.AIRE HYUNDA;-1.00;27.19;0.69;8.43;-8.43;Si
190;SANCHINARRO;MOTORTOWN;MADRID;2026-09-04;64373;CUK2336;MANN-FILTER;(*) FILTRO MANN;-1.00;22.76;0.6199;8.65;-8.65;Si
190;SANCHINARRO;MOTORTOWN;MADRID;2026-09-04;64373;C22018;MANN-FILTER;(0) FILTRO MANN;-1.00;60.94;0.69;18.89;-18.89;Si
190;SANCHINARRO;MOTORTOWN;MADRID;2026-09-04;64373;W7058;MANN-FILTER;(0) FILTRO ACEITE MANN;-1.00;12.97;0.6901;4.02;-4.02;Si
190;SANCHINARRO;MOTORTOWN;MADRID;2026-09-04;64373;CU23005-2;MANN-FILTER;(*) FILTRO HABITAC. MANN;-1.00;48.42;0.62;18.40;-18.40;Si
190;SANCHINARRO;MOTORTOWN;MADRID;2026-09-04;64373;CUK26025-2;MANN-FILTER;(*) FILTRO HABITACULO;-1.00;31.45;0.62;11.95;-11.95;Si
190;SANCHINARRO;MOTORTOWN;MADRID;2026-09-04;64373;F026407143;BOSCH;Filtro de aceite;-1.00;16.95;0.6802;5.42;-5.42;Si
190;SANCHINARRO;MOTORTOWN;MADRID;2026-09-04;64373;F026407123;BOSCH;Elemento filtro de aceite;-1.00;30.75;0.68;9.84;-9.84;Si
190;SANCHINARRO;MOTORTOWN;MADRID;2026-09-04;64373;HU6012zKIT;MANN-FILTER;(0) F. ACEITE MANN;-1.00;32.50;0.6902;10.07;-10.07;Si
190;SANCHINARRO;MOTORTOWN;MADRID;2026-09-04;64373;HU6015ZKIT;MANN-FILTER;(0) FILTRO MANN;-1.00;30.31;0.6899;9.40;-9.40;Si
190;SANCHINARRO;MOTORTOWN;MADRID;2026-09-04;64373;1987435503;BOSCH;Filtro habit carbon act;-1.00;59.70;0.6;23.88;-23.88;Si
190;SANCHINARRO;MOTORTOWN;MADRID;2026-09-04;64373;F026400374;BOSCH;Cartucho filtrante aire;-1.00;66.50;0.68;21.28;-21.28;Si
190;SANCHINARRO;MOTORTOWN;MADRID;2026-09-04;64373;C2237;MANN-FILTER;(0) F.AIRE COOPER;-1.00;20.16;0.69;6.25;-6.25;Si
190;SANCHINARRO;MOTORTOWN;MADRID;2026-09-04;64373;HU10002z;MANN-FILTER;(0) F. ACEITE MANN;-1.00;19.84;0.69;6.15;-6.15;Si
190;SANCHINARRO;MOTORTOWN;MADRID;2026-09-04;64373;WK8022x;MANN-FILTER;(0) F. COMBUST. MANN;-1.00;166.88;0.69;51.73;-51.73;Si
190;SANCHINARRO;MOTORTOWN;MADRID;2026-09-04;64373;1987435135;BOSCH;Filtro de habitaculo;-1.00;21.70;0.6;8.68;-8.68;Si
190;SANCHINARRO;MOTORTOWN;MADRID;2026-09-04;64373;F026407277;BOSCH;Elemento filtro de aceite;-1.00;27.30;0.6799;8.74;-8.74;Si
190;SANCHINARRO;MOTORTOWN;MADRID;2026-09-04;64373;F026407277;BOSCH;Elemento filtro de aceite;-1.00;27.30;0.6799;8.74;-8.74;Si
190;SANCHINARRO;MOTORTOWN;MADRID;2026-09-04;64373;F026407277;BOSCH;Elemento filtro de aceite;-1.00;27.30;0.6799;8.74;-8.74;Si
190;SANCHINARRO;MOTORTOWN;MADRID;2026-09-04;64373;W712/95;MANN-FILTER;(0) F. ACEITE MANN;-1.00;18.59;0.6902;5.76;-5.76;Si
190;SANCHINARRO;MOTORTOWN;MADRID;2026-09-04;64376;0986479C57;BOSCH;JGO. DISCOS DE FRENO;1.00;226.40;0.6396;81.59;81.59;No
190;SANCHINARRO;MOTORTOWN;MADRID;2026-09-04;64376;0400986494657;BOSCH;Pastilla freno;1.00;102.90;0.71;29.84;29.84;No
190;SANCHINARRO;MOTORTOWN;MADRID;2026-09-04;64376;0986494435;BOSCH;Pastilla freno;1.00;85.75;0.71;24.87;24.87;No
190;SANCHINARRO;MOTORTOWN;MADRID;2026-09-04;64382;F026407147;BOSCH;Elemento filtro de aceite;1.00;21.95;0.6802;7.02;7.02;No
190;SANCHINARRO;MOTORTOWN;MADRID;2026-09-04;64399;0400986479H23;BOSCH;JGO. DISCOS DE FRENO;-1.00;234.80;0.6396;84.62;-84.62;Si
190;SANCHINARRO;MOTORTOWN;MADRID;2026-09-04;64400;6064191;GIRLING;JGO. DISCOS DE FRENO;1.00;220.78;0.65;77.27;77.27;No
190;SANCHINARRO;MOTORTOWN;MADRID;2026-09-04;64400;21560.10;ROADHOUSE;JGO. PAST. PEUGEOT 3008 SUV;1.00;90.38;0.705;26.66;26.66;No
190;SANCHINARRO;MOTORTOWN;MADRID;2026-09-04;64443;0400986479G99;BOSCH;(1) DISCO DE FRENO;2.00;218.00;0.43;124.26;248.52;No
190;SANCHINARRO;MOTORTOWN;MADRID;2026-09-04;64470;0986479666;BOSCH;(1) DISCO DE FRENO;2.00;172.55;0.6396;62.19;124.37;No
190;SANCHINARRO;MOTORTOWN;MADRID;2026-09-04;64496;HU7012z;MANN-FILTER;(0) FILTRO MANN;1.00;28.19;0.69;8.74;8.74;No
190;SANCHINARRO;MOTORTOWN;MADRID;2026-09-04;64496;C16005;MANN-FILTER;(0) FILTRO AIRE A6/A7;1.00;53.19;0.69;16.49;16.49;No
190;SANCHINARRO;MOTORTOWN;MADRID;2026-09-04;64532;21433.00;ROADHOUSE;JGO. PAST.TRAS.BMW SERIE 5 (F10-F11;1.00;110.78;0.705;32.68;32.68;No
190;SANCHINARRO;MOTORTOWN;MADRID;2026-09-04;64539;50-01066;TALOSA;BIELETA DEL TOYOTA COROLLA 07-;2.00;34.55;0.5;17.28;34.55;No
190;SANCHINARRO;MOTORTOWN;MADRID;2026-09-04;64590;1457433100;BOSCH;Cartucho filtrante aire;1.00;30.10;0.6801;9.63;9.63;No
190;SANCHINARRO;MOTORTOWN;MADRID;2026-09-04;64590;1987432382;BOSCH;Filtro habit carbon act;1.00;47.60;0.6;19.04;19.04;No
190;SANCHINARRO;MOTORTOWN;MADRID;2026-09-04;64601;C27030;MANN-FILTER;(0) FILTRO AIRE MANN;1.00;27.53;0.6902;8.53;8.53;No
199;ALCALA DE HENARES;MOTORTOWN;ALCALA DE HENARES;2026-09-04;54256;21209.02;ROADHOUSE;JGO. PAST.HYUNDAI ACCENT/KIA RIO;1.00;73.06;0.705;21.55;21.55;No
199;ALCALA DE HENARES;MOTORTOWN;ALCALA DE HENARES;2026-09-04;54256;5PK1800;GATES;5PK1800 MV;1.00;39.33;0.52;18.88;18.88;No
199;ALCALA DE HENARES;MOTORTOWN;ALCALA DE HENARES;2026-09-04;54342;0986424911;BOSCH;Pastilla freno;1.00;114.20;0.71;33.12;33.12;No
202;CAMPO DE LAS NACIONES;MOTORTOWN;MADRID;2026-09-04;31662;26259;FEBI BILSTEIN;BOMBA DE AGUA DE LAVADO;1.00;13.70;0.3803;8.49;8.49;No
202;CAMPO DE LAS NACIONES;MOTORTOWN;MADRID;2026-09-04;31752;0400986479C87;BOSCH;(1) DISCO DE FRENO;2.00;135.95;0.43;77.49;154.98;No
202;CAMPO DE LAS NACIONES;MOTORTOWN;MADRID;2026-09-04;31795;21808.12;ROADHOUSE;JGO. PASTILLAS FRENO;1.00;85.29;0.705;25.16;25.16;No
202;CAMPO DE LAS NACIONES;MOTORTOWN;MADRID;2026-09-04;31795;6121152;GIRLING;PASTILLAS DE FRENO;1.00;91.63;0.73;24.74;24.74;No
204;SAN JOSE DE VALDERAS;MOTORTOWN;ALCORCON;2026-09-04;46732;06837048;SPIDAN;CHEVROLET Captiva/Epica, DAEWOO Tos;1.00;22.55;0.3002;15.78;15.78;No
204;SAN JOSE DE VALDERAS;MOTORTOWN;ALCORCON;2026-09-04;46808;6049285;GIRLING;(1) DISCO DE FRENO;2.00;118.68;0.65;41.54;83.08;No
204;SAN JOSE DE VALDERAS;MOTORTOWN;ALCORCON;2026-09-04;46836;JB300450;JUNIOR;RESORTE MM.300 Y FUERZA EN NEWTONS;2.00;21.00;0.4;12.60;25.20;No
204;SAN JOSE DE VALDERAS;MOTORTOWN;ALCORCON;2026-09-04;46843;6117159;GIRLING;PASTILLAS DE FRENO;1.00;104.44;0.73;28.20;28.20;No
21;LEGANES;AURGI;LEGANES;2026-09-04;26913;CU26025-2;MANN-FILTER;(*) FILTRO HABITÁCULO MANN;1.00;19.71;0.62;7.49;7.49;No
21;LEGANES;AURGI;LEGANES;2026-09-04;27064;0204114197;BOSCH;Zapatos freno de tambor;1.00;154.00;0.35;100.10;100.10;No
21;LEGANES;AURGI;LEGANES;2026-09-04;27081;0986494887;BOSCH;Pastilla freno;1.00;79.25;0.71;22.98;22.98;No
21;LEGANES;AURGI;LEGANES;2026-09-04;27102;50-06291;TALOSA;BIELETA REN LAGUNA 01- / OPEL VIVAR;1.00;31.37;0.5002;15.68;15.68;No
21;LEGANES;AURGI;LEGANES;2026-09-04;27110;6135495;GIRLING;PASTILLAS DE FRENO;1.00;84.76;0.7299;22.89;22.89;No
210;POZUELO DE ALARCÓN;MOTORTOWN;POZUELO DE ALARCÓN;2026-09-04;25183;63029A;NISSENS;RADIADOR OPEL ASTRA H (04-) 1.3 CDT;1.00;166.11;0.4;99.67;99.67;No
210;POZUELO DE ALARCÓN;MOTORTOWN;POZUELO DE ALARCÓN;2026-09-04;25232;1987429401;BOSCH;Cartucho filtrante aire;1.00;48.70;0.6801;15.58;15.58;No
210;POZUELO DE ALARCÓN;MOTORTOWN;POZUELO DE ALARCÓN;2026-09-04;25240;50-01362;TALOSA;BIEL DEL DCHA NISSAN QASHQAI 02/200;1.00;26.59;0.5002;13.29;13.29;No
210;POZUELO DE ALARCÓN;MOTORTOWN;POZUELO DE ALARCÓN;2026-09-04;25240;349078;KYB;Excel-G Qashqai (2007), Qashqai II;2.00;133.84;0.48;69.60;139.19;No
210;POZUELO DE ALARCÓN;MOTORTOWN;POZUELO DE ALARCÓN;2026-09-04;25251;CU20006;MANN-FILTER;(*) F. HABITAC. MANN;1.00;31.24;0.62;11.87;11.87;No
210;POZUELO DE ALARCÓN;MOTORTOWN;POZUELO DE ALARCÓN;2026-09-04;25264;2263.05;ROADHOUSE;JGO. PAST. AUDI A6,A2,A8/PEUG 307/S;1.00;58.33;0.705;17.21;17.21;No
210;POZUELO DE ALARCÓN;MOTORTOWN;POZUELO DE ALARCÓN;2026-09-04;25277;106366;FEBI BILSTEIN;TIRANTE DE UNION CON TUERCAS;1.00;20.43;0.3798;12.67;12.67;No
210;POZUELO DE ALARCÓN;MOTORTOWN;POZUELO DE ALARCÓN;2026-09-04;25286;0986494659;BOSCH;Pastilla freno;1.00;74.50;0.7101;21.60;21.60;No
210;POZUELO DE ALARCÓN;MOTORTOWN;POZUELO DE ALARCÓN;2026-09-04;25288;6044875;GIRLING;(1) DISCO DE FRENO;2.00;146.84;0.65;51.39;102.79;No
210;POZUELO DE ALARCÓN;MOTORTOWN;POZUELO DE ALARCÓN;2026-09-04;25311;6042831;GIRLING;JGO. DISCOS DE FRENO;1.00;193.10;0.65;67.59;67.59;No
210;POZUELO DE ALARCÓN;MOTORTOWN;POZUELO DE ALARCÓN;2026-09-04;25311;6134509;GIRLING;PASTILLAS DE FRENO;1.00;65.65;0.7299;17.73;17.73;No
210;POZUELO DE ALARCÓN;MOTORTOWN;POZUELO DE ALARCÓN;2026-09-04;25312;0986494936;BOSCH;Pastilla freno;1.00;92.85;0.71;26.93;26.93;No
210;POZUELO DE ALARCÓN;MOTORTOWN;POZUELO DE ALARCÓN;2026-09-04;25314;67166440;OSRAM;LAMP. XEN. D4S P32d-5 42V 35W;1.00;123.50;0.6;49.40;49.40;No
210;POZUELO DE ALARCÓN;MOTORTOWN;POZUELO DE ALARCÓN;2026-09-04;25318;6065361;GIRLING;JGO. DISCOS DE FRENO;1.00;172.82;0.65;60.49;60.49;No
210;POZUELO DE ALARCÓN;MOTORTOWN;POZUELO DE ALARCÓN;2026-09-04;25319;6047605;GIRLING;(1) DISCO DE FRENO DEL. DCHO.;1.00;222.77;0.65;77.97;77.97;No
210;POZUELO DE ALARCÓN;MOTORTOWN;POZUELO DE ALARCÓN;2026-09-04;25322;3397016271;BOSCH;Raqueta limpia-cristales;1.00;18.48;0.5498;8.32;8.32;No
213;EL BERCIAL;MOTORTOWN;GETAFE;2026-09-04;26999;3397014494;BOSCH;Juego de raquetas;2.00;55.52;0.55;24.98;49.97;No
213;EL BERCIAL;MOTORTOWN;GETAFE;2026-09-04;27004;F026403020;BOSCH;Filtro combustible;1.00;55.00;0.6;22.00;22.00;No
213;EL BERCIAL;MOTORTOWN;GETAFE;2026-09-04;27044;CU2533-2;MANN-FILTER;(*) FILTRO HABITAC. BMW SERIES 5/;1.00;85.68;0.62;32.56;32.56;No
213;EL BERCIAL;MOTORTOWN;GETAFE;2026-09-04;27059;11195;METALCAUCHO;kit fuelle transmision FORD TRANSIT;1.00;24.48;0.3999;14.69;14.69;No
213;EL BERCIAL;MOTORTOWN;GETAFE;2026-09-04;27060;05941;METALCAUCHO;bieleta barra estbl Focus-II;2.00;27.15;0.4;16.29;32.58;No
213;EL BERCIAL;MOTORTOWN;GETAFE;2026-09-04;27065;0242129525;BOSCH;Bujia antiparasita;2.00;25.76;0.5301;12.10;24.21;No
213;EL BERCIAL;MOTORTOWN;GETAFE;2026-09-04;27066;0401987473624;BOSCH;Sonda desgaste p.sbb;1.00;20.60;0.45;11.33;11.33;No
213;EL BERCIAL;MOTORTOWN;GETAFE;2026-09-04;27097;50-09299;TALOSA;BIELETA DEL FOCUS C-MAX;2.00;24.54;0.5;12.27;24.54;No
213;EL BERCIAL;MOTORTOWN;GETAFE;2026-09-04;27097;24748;SPIDAN;FORD FOCUS II/C-MAX 1.6 TDCI IZ LC;1.00;26.85;0.3002;18.79;18.79;No
224;TALAVERA;MOTORTOWN;TALAVERA;2026-09-04;29113;021ADBP210088;BLUE PRINT;FILTRO DE ACEITE;1.00;7.84;0.0804;7.21;7.21;No
23;SAN SEBASTIAN;AURGI;SS REYES;2026-09-04;64409;0986479E45;BOSCH;JGO. DISCOS DE FRENO;1.00;231.40;0.6396;83.40;83.40;No
24;PINTO;AURGI;PINTO;2026-09-04;31969;6266MC;GATES;6266MC AVX10 x 960;1.00;15.13;0.5202;7.26;7.26;No
25;LAS ROZAS;AURGI;LAS ROZAS;2026-09-04;77599;CU25002;MANN-FILTER;(*) F. HABITAC. MANN;1.00;26.68;0.6199;10.14;10.14;No
25;LAS ROZAS;AURGI;LAS ROZAS;2026-09-04;77600;HU711/6z;MANN-FILTER;(0) F. ACEITE MANN;1.00;21.34;0.6898;6.62;6.62;No
25;LAS ROZAS;AURGI;LAS ROZAS;2026-09-04;77664;335934;KYB;Excel-G C8 (2002) \ Ulysse (2002) \;-2.00;122.33;0.48;63.61;-127.22;Si
25;LAS ROZAS;AURGI;LAS ROZAS;2026-09-04;77664;3397014313;BOSCH;Juego de raquetas;-1.00;48.13;0.55;21.66;-21.66;Si
25;LAS ROZAS;AURGI;LAS ROZAS;2026-09-04;77664;HU722X;MANN-FILTER;(0) F.ACEITE BMW;-1.00;27.81;0.69;8.62;-8.62;Si
25;LAS ROZAS;AURGI;LAS ROZAS;2026-09-04;77664;HU721/5x;MANN-FILTER;(0) F.ACEITE BMW SERIE 1;-1.00;29.53;0.6901;9.15;-9.15;Si
25;LAS ROZAS;AURGI;LAS ROZAS;2026-09-04;77664;0400986460063;BOSCH;Pastilla freno;-1.00;72.50;0.7101;21.02;-21.02;Si
25;LAS ROZAS;AURGI;LAS ROZAS;2026-09-04;77664;1987474550;BOSCH;Sonda desgaste p.sbb;-1.00;18.95;0.4501;10.42;-10.42;Si
25;LAS ROZAS;AURGI;LAS ROZAS;2026-09-04;77664;1987474551;BOSCH;Sonda desgaste p.sbb;-1.00;18.95;0.4501;10.42;-10.42;Si
25;LAS ROZAS;AURGI;LAS ROZAS;2026-09-04;77664;343321;KYB;Excel-G C8 (2002), Evasion (1995),;-2.00;85.62;0.48;44.52;-89.04;Si
25;LAS ROZAS;AURGI;LAS ROZAS;2026-09-04;77664;T;TEXTO;TEXTO;-1.00;0;0;0.00;-0.00;Si
25;LAS ROZAS;AURGI;LAS ROZAS;2026-09-04;77664;T;TEXTO;TEXTO;-1.00;0;0;0.00;-0.00;Si
25;LAS ROZAS;AURGI;LAS ROZAS;2026-09-04;77664;T;TEXTO;TEXTO;-1.00;0;0;0.00;-0.00;Si
25;LAS ROZAS;AURGI;LAS ROZAS;2026-09-04;77664;T;TEXTO;TEXTO;-1.00;0;0;0.00;-0.00;Si
40;VALLECAS;AURGI;MADRID;2026-09-04;33682;564A01100000;EPM;PLACA MATRICULA LARGA CHAPA;1.00;7.77;0.2497;5.83;5.83;No
40;VALLECAS;AURGI;MADRID;2026-09-04;33683;102C26280;MANN-FILTER;(0) FILTRO AIRE;1.00;27.72;0.6901;8.59;8.59;No
40;VALLECAS;AURGI;MADRID;2026-09-04;33689;0242229630;BOSCH;Bujia antiparasita;4.00;9.59;0.53;4.51;18.03;No
40;VALLECAS;AURGI;MADRID;2026-09-04;33690;0242229630;BOSCH;Bujia antiparasita;-1.00;9.59;0.5297;4.51;-4.51;Si
45;ANTONIO LOPEZ;AURGI;MADRID;2026-09-04;25316;003AD6546;AD;DISCO DE FRENO AD;2.00;106.03;0.65;37.11;74.22;No
45;ANTONIO LOPEZ;AURGI;MADRID;2026-09-04;25316;2987.00;ROADHOUSE;JGO. PAST. NISSAN MICRA 1.2i 16V,1.;1.00;61.39;0.705;18.11;18.11;No
45;ANTONIO LOPEZ;AURGI;MADRID;2026-09-04;25343;CU26014-2;MANN-FILTER;(*) F. HABITAC. MANN;1.00;23.74;0.6201;9.02;9.02;No
45;ANTONIO LOPEZ;AURGI;MADRID;2026-09-04;25356;040F026407308;BOSCH;Elemento filtro de aceite;1.00;26.90;0.6799;8.61;8.61;No
45;ANTONIO LOPEZ;AURGI;MADRID;2026-09-04;25356;0401987435159;BOSCH;Filtro de habitaculo;1.00;33.70;0.6;13.48;13.48;No
45;ANTONIO LOPEZ;AURGI;MADRID;2026-09-04;25356;F026400617;BOSCH;Cartucho filtrante aire;1.00;31.80;0.6799;10.18;10.18;No
45;ANTONIO LOPEZ;AURGI;MADRID;2026-09-04;25366;0986494714;BOSCH;Pastilla freno;1.00;111.80;0.71;32.42;32.42;No
45;ANTONIO LOPEZ;AURGI;MADRID;2026-09-04;25366;0986494716;BOSCH;Pastilla freno;1.00;84.00;0.71;24.36;24.36;No
45;ANTONIO LOPEZ;AURGI;MADRID;2026-09-04;25366;0986479C24;BOSCH;JGO. DISCOS DE FRENO;1.00;199.60;0.6396;71.94;71.94;No
45;ANTONIO LOPEZ;AURGI;MADRID;2026-09-04;25394;0986479C33;BOSCH;JGO. DISCOS DE FRENO;1.00;248.00;0.6396;89.38;89.38;No
53;RIVAS;AURGI;RIVAS VACIAMADRID;2026-09-04;17348;3397011428;BOSCH;Raqueta limpia-cristales;1.00;10.54;0.5503;4.74;4.74;No
53;RIVAS;AURGI;RIVAS VACIAMADRID;2026-09-04;17360;05455;METALCAUCHO;tuerca rueda PSA 17mm;-12.00;4.05;0.4;2.43;-29.16;Si
53;RIVAS;AURGI;RIVAS VACIAMADRID;2026-09-04;17360;HU7009z;MANN-FILTER;(0) F. ACEITE MANN;-1.00;15.47;0.6897;4.80;-4.80;Si
53;RIVAS;AURGI;RIVAS VACIAMADRID;2026-09-04;17360;F026402056;BOSCH;Filtro tuberia combust.;-1.00;61.20;0.6;24.48;-24.48;Si
53;RIVAS;AURGI;RIVAS VACIAMADRID;2026-09-04;17369;564A10152001;EPM;PLACA MATRICULA LARGA ACRILICA;1.00;9.52;0.3004;6.66;6.66;No
54;VILLALBA;AURGI;COLLADO VILLALBA;2026-09-04;63696;26021;SPIDAN;RENAULT CLIO/LAGUNA/MEGANE LC;1.00;31.90;0.3;22.33;22.33;No
54;VILLALBA;AURGI;COLLADO VILLALBA;2026-09-04;63696;50-07490;TALOSA;BIELETA DEL I/D RENAULT CLIO, 91-;1.00;8.17;0.5006;4.08;4.08;No
54;VILLALBA;AURGI;COLLADO VILLALBA;2026-09-04;63705;50-09746;TALOSA;BIELETA DEL AUDI A3, 03-;2.00;36.04;0.5;18.02;36.04;No
54;VILLALBA;AURGI;COLLADO VILLALBA;2026-09-04;63714;003AD5728;AD;DISCO DE FRENO AD;2.00;56.15;0.65;19.65;39.31;No
54;VILLALBA;AURGI;COLLADO VILLALBA;2026-09-04;63748;7PK2265;GATES;7PK2265 MV;1.00;54.43;0.5199;26.13;26.13;No
54;VILLALBA;AURGI;COLLADO VILLALBA;2026-09-04;63779;6PK1183;GATES;6PK1183 MV;1.00;27.45;0.5199;13.18;13.18;No
56;ALCALA DE HENARES;AURGI;ALCALA DE HENARES;2026-09-04;54352;50-09746;TALOSA;BIELETA DEL AUDI A3, 03-;2.00;36.04;0.5;18.02;36.04;No
57;ALCOBENDAS;AURGI;ALCOBENDAS;2026-09-04;64361;6120364;GIRLING;PASTILLAS DE FRENO;-1.00;80.06;0.73;21.62;-21.62;Si
57;ALCOBENDAS;AURGI;ALCOBENDAS;2026-09-04;64361;F026400058;BOSCH;Cartucho filtrante aire;-1.00;30.80;0.6799;9.86;-9.86;Si
57;ALCOBENDAS;AURGI;ALCOBENDAS;2026-09-04;64596;6066625;GIRLING;(1) DISCO DE FRENO;2.00;125.24;0.65;43.83;87.67;No
57;ALCOBENDAS;AURGI;ALCOBENDAS;2026-09-04;64600;564A01100000;EPM;PLACA MATRICULA LARGA CHAPA;2.00;7.77;0.2503;5.83;11.65;No
58;MOSTOLES;AURGI;MOSTOLES;2026-09-04;40606;C3127;MANN-FILTER;(0) FILTRO AIRE YARIS II;1.00;25.31;0.6898;7.85;7.85;No
58;MOSTOLES;AURGI;MOSTOLES;2026-09-04;40682;6119842;GIRLING;PASTILLAS DE FRENO;1.00;67.78;0.73;18.30;18.30;No
58;MOSTOLES;AURGI;MOSTOLES;2026-09-04;40686;50-04422;TALOSA;BIELETA DEL I/D SKODA OCTAVIA 5E3,;1.00;36.04;0.5;18.02;18.02;No
58;MOSTOLES;AURGI;MOSTOLES;2026-09-04;40722;68086;METALCAUCHO;limpiaparabrisas trasero OPEL;1.00;16.10;0.4;9.66;9.66;No
59;VALDEMORO;AURGI;VALDEMORO;2026-09-04;23477;CU26010;MANN-FILTER;(*) FILTRO HABITAC. A1/IBIZA V/FAB;1.00;24.00;0.62;9.12;9.12;No
59;VALDEMORO;AURGI;VALDEMORO;2026-09-04;23479;W67/2;MANN-FILTER;(0) F.ACEITE SUZUKI;1.00;15.75;0.6902;4.88;4.88;No
61;ALCORCON;AURGI;ALCORCON;2026-09-04;46782;1987302081;BOSCH;Lampara de incandescencia;1.00;24.80;0.55;11.16;11.16;No
61;ALCORCON;AURGI;ALCORCON;2026-09-04;46815;57-01128;TALOSA;SILENT DEL EXT I/D VW PASSAT 05-;2.00;44.44;0.5;22.22;44.44;No
75;EMILIO MUÑOZ;AURGI;MADRID;2026-09-04;31709;21138.00;ROADHOUSE;JGO. PAST. (T)CITROEN C-4/P-307;1.00;63.25;0.705;18.66;18.66;No
75;EMILIO MUÑOZ;AURGI;MADRID;2026-09-04;31721;0986478853;BOSCH;JGO. DISCOS DE FRENO;-2.00;170.00;0.6396;61.27;-122.54;Si
75;EMILIO MUÑOZ;AURGI;MADRID;2026-09-04;31721;6065011;GIRLING;JGO. DISCOS DE FRENO;-1.00;213.60;0.65;74.76;-74.76;Si
75;EMILIO MUÑOZ;AURGI;MADRID;2026-09-04;31721;003P020185;AD;JGO. PASTILLAS FRENO AD;-1.00;31.73;0.5002;15.86;-15.86;Si
75;EMILIO MUÑOZ;AURGI;MADRID;2026-09-04;31721;003AC1007;AD;FILTROS DE ACEITE;-1.00;11.80;0.55;5.31;-5.31;Si
75;EMILIO MUÑOZ;AURGI;MADRID;2026-09-04;31721;003AI3173;AD;FILTROS DE AIRE;-1.00;21.22;0.55;9.55;-9.55;Si
75;EMILIO MUÑOZ;AURGI;MADRID;2026-09-04;31721;0986424797;BOSCH;Pastilla freno;-1.00;85.50;0.7101;24.79;-24.79;Si
75;EMILIO MUÑOZ;AURGI;MADRID;2026-09-04;31721;040F026407375;BOSCH;Elemento filtro de aceite;-1.00;27.50;0.68;8.80;-8.80;Si
75;EMILIO MUÑOZ;AURGI;MADRID;2026-09-04;31723;6116111;GIRLING;PASTILLAS DE FRENO;1.00;85.42;0.73;23.06;23.06;No
75;EMILIO MUÑOZ;AURGI;MADRID;2026-09-04;31757;62118.10;ROADHOUSE;JGO. DISCOS DE FRENO (precio ud.);-2.00;103.65;0.6;41.46;-82.92;Si
75;EMILIO MUÑOZ;AURGI;MADRID;2026-09-04;31757;6066674;GIRLING;JGO. DISCOS DE FRENO;-1.00;145.30;0.65;50.86;-50.86;Si
75;EMILIO MUÑOZ;AURGI;MADRID;2026-09-04;31757;21412.32;ROADHOUSE;JGO. PASTILLAS FRENO;-1.00;122.69;0.705;36.19;-36.19;Si
75;EMILIO MUÑOZ;AURGI;MADRID;2026-09-04;31757;0400986494654;BOSCH;Pastilla freno;-1.00;62.55;0.71;18.14;-18.14;Si
75;EMILIO MUÑOZ;AURGI;MADRID;2026-09-04;31757;003AC1026;AD;FILTROS DE ACEITE;-1.00;11.95;0.5498;5.38;-5.38;Si
75;EMILIO MUÑOZ;AURGI;MADRID;2026-09-04;31757;003AI3208;AD;FILTROS DE AIRE;-1.00;22.41;0.5502;10.08;-10.08;Si
75;EMILIO MUÑOZ;AURGI;MADRID;2026-09-04;31757;C26010;MANN-FILTER;(0) FILTRO MANN;-1.00;45.06;0.69;13.97;-13.97;Si
75;EMILIO MUÑOZ;AURGI;MADRID;2026-09-04;31764;6121572;GIRLING;PASTILLAS DE FRENO;1.00;56.00;0.73;15.12;15.12;No
75;EMILIO MUÑOZ;AURGI;MADRID;2026-09-04;31783;1987473543;BOSCH;Sonda desgaste p.sbb;1.00;21.00;0.45;11.55;11.55;No
75;EMILIO MUÑOZ;AURGI;MADRID;2026-09-04;31811;3397004756;BOSCH;Raqueta limpia-cristales;1.00;13.27;0.5501;5.97;5.97;No
75;EMILIO MUÑOZ;AURGI;MADRID;2026-09-04;31813;TO-137;KAVO PARTS;AMC Filtro de Aceite;-1.00;5.28;0.25;3.96;-3.96;Si
75;EMILIO MUÑOZ;AURGI;MADRID;2026-09-04;31813;0986494659;BOSCH;Pastilla freno;-1.00;74.50;0.7101;21.60;-21.60;Si
75;EMILIO MUÑOZ;AURGI;MADRID;2026-09-04;31813;0986494358;BOSCH;Pastilla freno;-1.00;71.50;0.7101;20.73;-20.73;Si
75;EMILIO MUÑOZ;AURGI;MADRID;2026-09-04;31813;0986424811;BOSCH;Pastilla freno;-1.00;68.95;0.7099;20.00;-20.00;Si
78;OLIAS DEL REY;AURGI;OLÍAS DEL REY;2026-09-04;79910;CU2436;MANN-FILTER;(*) F.HABIT.FORD FIESTA/GALAXY;1.00;27.21;0.62;10.34;10.34;No
78;OLIAS DEL REY;AURGI;OLÍAS DEL REY;2026-09-04;79975;3397014156;BOSCH;Juego de raquetas;1.00;65.01;0.5501;29.25;29.25;No
78;OLIAS DEL REY;AURGI;OLÍAS DEL REY;2026-09-04;80007;PU7013KIT;MANN-FILTER;(0) FILTRO COMBUSTIBLE;1.00;97.75;0.69;30.30;30.30;No
78;OLIAS DEL REY;AURGI;OLÍAS DEL REY;2026-09-04;80056;21560.10;ROADHOUSE;JGO. PAST. PEUGEOT 3008 SUV;1.00;90.38;0.705;26.66;26.66;No
79;MARQUES DE VADILLO;AURGI;MADRID;2026-09-04;38287;1987473002;BOSCH;Sonda desgaste p.sbb;1.00;16.75;0.4501;9.21;9.21;No
79;MARQUES DE VADILLO;AURGI;MADRID;2026-09-04;38289;040F026407356;BOSCH;Elemento filtro de aceite;1.00;22.90;0.6799;7.33;7.33;No
79;MARQUES DE VADILLO;AURGI;MADRID;2026-09-04;38289;0401987435160;BOSCH;Filtro de habitaculo;1.00;27.80;0.6;11.12;11.12;No
79;MARQUES DE VADILLO;AURGI;MADRID;2026-09-04;38289;102C25129;MANN-FILTER;(0) FILTRO AIRE;1.00;47.44;0.6899;14.71;14.71;No
79;MARQUES DE VADILLO;AURGI;MADRID;2026-09-04;38301;040F026407375;BOSCH;Elemento filtro de aceite;1.00;27.50;0.68;8.80;8.80;No
79;MARQUES DE VADILLO;AURGI;MADRID;2026-09-04;38305;05438;METALCAUCHO;tuerca rueda Renault17mm;1.00;4.88;0.3996;2.93;2.93;No
79;MARQUES DE VADILLO;AURGI;MADRID;2026-09-04;38307;6318702;GIRLING;CABLE AVISADOR;1.00;14.26;0.3997;8.56;8.56;No
79;MARQUES DE VADILLO;AURGI;MADRID;2026-09-04;38331;6PK1173;GATES;6PK1173 MV;1.00;35.68;0.5199;17.13;17.13;No
79;MARQUES DE VADILLO;AURGI;MADRID;2026-09-04;38337;W7056;MANN-FILTER;(0) F. ACEITE MANN;1.00;31.06;0.69;9.63;9.63;No
79;MARQUES DE VADILLO;AURGI;MADRID;2026-09-04;38383;;INA;Tensor. Correa auxiliar;1.00;145.22;0.45;79.87;79.87;No
89;LA VAGUADA;AURGI;MADRID;2026-09-04;30265;1987302907;BOSCH;Lampara de descarga;1.00;175.80;0.55;79.11;79.11;No
89;LA VAGUADA;AURGI;MADRID;2026-09-04;30366;1987302907;BOSCH;Lampara de descarga;-1.00;175.80;0.55;79.11;-79.11;Si
89;LA VAGUADA;AURGI;MADRID;2026-09-04;30366;24562;SPIDAN;MERCEDES A-CLASS A/B 150 170 LR;-1.00;33.60;0.3;23.52;-23.52;Si
89;LA VAGUADA;AURGI;MADRID;2026-09-04;64448;36461;SPIDAN;MERCEDES-BENZ A160-GLA45 AMG LR;1.00;33.05;0.3002;23.13;23.13;No
172;GOYA;MOTORTOWN;MADRID;2026-09-05;19293;0451103316;BOSCH;Filtro de aceite;1.00;12.70;0.6803;4.06;4.06;No
172;GOYA;MOTORTOWN;MADRID;2026-09-05;54387;0451103316;BOSCH;Filtro de aceite;1.00;12.70;0.6803;4.06;4.06;No
172;GOYA;MOTORTOWN;MADRID;2026-09-05;54388;0451103316;BOSCH;Filtro de aceite;-1.00;12.70;0.6803;4.06;-4.06;Si
190;SANCHINARRO;MOTORTOWN;MADRID;2026-09-05;64616;0986494344;BOSCH;Pastilla freno;1.00;64.35;0.71;18.66;18.66;No
190;SANCHINARRO;MOTORTOWN;MADRID;2026-09-05;64617;W712/95;MANN-FILTER;(0) F. ACEITE MANN;1.00;18.94;0.6901;5.87;5.87;No
190;SANCHINARRO;MOTORTOWN;MADRID;2026-09-05;64624;0092S40010;BOSCH;(72-24) Baterías (12V) S4 44AH 440;1.00;99.00;0.38;61.38;61.38;No
190;SANCHINARRO;MOTORTOWN;MADRID;2026-09-05;64626;W68/3;MANN-FILTER;(0) ILTRO ACEITE TOYOTA AVENSIS;1.00;14.66;0.6903;4.54;4.54;No
190;SANCHINARRO;MOTORTOWN;MADRID;2026-09-05;64626;102W6031;MANN-FILTER;(0) FILTRO ACEITE;1.00;13.53;0.6903;4.19;4.19;No
190;SANCHINARRO;MOTORTOWN;MADRID;2026-09-05;64626;C17008;MANN-FILTER;(0) F. AIRE MANN;1.00;31.69;0.6901;9.82;9.82;No
190;SANCHINARRO;MOTORTOWN;MADRID;2026-09-05;64626;CU22032;MANN-FILTER;(*) FILTRO HABITAC. MANN;1.00;37.26;0.62;14.16;14.16;No
190;SANCHINARRO;MOTORTOWN;MADRID;2026-09-05;64634;1987302241;BOSCH;Lampara de incandescencia;1.00;2.20;0.55;0.99;0.99;No
190;SANCHINARRO;MOTORTOWN;MADRID;2026-09-05;64637;086SM1051;KYB;SMK AUDI/SEAT/SKODA/VW GOLF A3-F L/;2.00;66.04;0.16;55.47;110.95;No
190;SANCHINARRO;MOTORTOWN;MADRID;2026-09-05;64649;CUK2243;MANN-FILTER;(*) F.HABIT.;1.00;52.16;0.62;19.82;19.82;No
190;SANCHINARRO;MOTORTOWN;MADRID;2026-09-05;64652;564A01100000;EPM;PLACA MATRICULA LARGA CHAPA;1.00;7.77;0.2497;5.83;5.83;No
190;SANCHINARRO;MOTORTOWN;MADRID;2026-09-05;64655;564A01100000;EPM;PLACA MATRICULA LARGA CHAPA;1.00;7.77;0.2497;5.83;5.83;No
190;SANCHINARRO;MOTORTOWN;MADRID;2026-09-05;64662;6717504;OSRAM;LAMP. INT. AUX 12V WY21W WX3x16d 12;10.00;7.40;0.55;3.33;33.30;No
199;ALCALA DE HENARES;MOTORTOWN;ALCALA DE HENARES;2026-09-05;54391;W7015;MANN-FILTER;(0) FILTRO MANN;1.00;16.72;0.6902;5.18;5.18;No
202;CAMPO DE LAS NACIONES;MOTORTOWN;MADRID;2026-09-05;54390;JB475450;JUNIOR;RESORTE MM.475 Y FUERZA EN NEWTONS;2.00;21.00;0.4;12.60;25.20;No
202;CAMPO DE LAS NACIONES;MOTORTOWN;MADRID;2026-09-05;54392;2857.10;ROADHOUSE;JGO. PAST.BMW 3 (E90) 320/330/335;1.00;121.53;0.705;35.85;35.85;No
202;CAMPO DE LAS NACIONES;MOTORTOWN;MADRID;2026-09-05;54392;1987473519;BOSCH;Sonda desgaste p.sbb;1.00;16.30;0.4503;8.96;8.96;No
204;SAN JOSE DE VALDERAS;MOTORTOWN;ALCORCON;2026-09-05;46867;50-05059;TALOSA;BIELETA DEL I/D FIAT 500X, 15-;1.00;26.75;0.5002;13.37;13.37;No
204;SAN JOSE DE VALDERAS;MOTORTOWN;ALCORCON;2026-09-05;46867;8EH 188 704-101;HELLA;HELLA BUJIA DE ENCENDIDO YTRIUM;4.00;8.04;0.5299;3.78;15.12;No
204;SAN JOSE DE VALDERAS;MOTORTOWN;ALCORCON;2026-09-05;46873;910009;KYB;PK Duster [2010], Logan [2005], F/R;2.00;14.85;0.1599;12.48;24.95;No
204;SAN JOSE DE VALDERAS;MOTORTOWN;ALCORCON;2026-09-05;46873;SM1528;KYB;SMK Duster (2010), Dokker Mini B F/;1.00;46.00;0.16;38.64;38.64;No
21;LEGANES;AURGI;LEGANES;2026-09-05;23668;CU26009;MANN-FILTER;(*) F. HABITAC. MANN;1.00;22.66;0.62;8.61;8.61;No
21;LEGANES;AURGI;LEGANES;2026-09-05;23683;5DA 358 000-341;HELLA;BOBINA DE ENCENDIDO DAEWOO OPEL;1.00;211.63;0.3;148.14;148.14;No
21;LEGANES;AURGI;LEGANES;2026-09-05;23683;8EH 188 706-361;HELLA;HELLA BUJIA DE ENCENDIDO YRIDIUM PR;4.00;21.56;0.53;10.13;40.53;No
210;POZUELO DE ALARCÓN;MOTORTOWN;POZUELO DE ALARCÓN;2026-09-05;25323;003AC1017;AD;FILTROS DE ACEITE;1.00;14.16;0.5501;6.37;6.37;No
210;POZUELO DE ALARCÓN;MOTORTOWN;POZUELO DE ALARCÓN;2026-09-05;77901;6321002;GIRLING;CABLE AVISADOR;1.00;23.45;0.4;14.07;14.07;No
210;POZUELO DE ALARCÓN;MOTORTOWN;POZUELO DE ALARCÓN;2026-09-05;77922;564A10152001;EPM;PLACA MATRICULA LARGA ACRILICA;1.00;9.52;0.3004;6.66;6.66;No
213;EL BERCIAL;MOTORTOWN;GETAFE;2026-09-05;23680;0986494660;BOSCH;Pastilla freno;1.00;112.00;0.71;32.48;32.48;No
213;EL BERCIAL;MOTORTOWN;GETAFE;2026-09-05;23681;0986494721;BOSCH;Pastilla freno;1.00;112.00;0.71;32.48;32.48;No
23;SAN SEBASTIAN;AURGI;SS REYES;2026-09-05;64641;21559.00;ROADHOUSE;JGO. PASTILLAS FRENO RH;1.00;91.06;0.705;26.86;26.86;No
23;SAN SEBASTIAN;AURGI;SS REYES;2026-09-05;64641;6120364;GIRLING;PASTILLAS DE FRENO;1.00;80.06;0.73;21.62;21.62;No
23;SAN SEBASTIAN;AURGI;SS REYES;2026-09-05;64653;F026403020;BOSCH;Filtro combustible;1.00;55.00;0.6;22.00;22.00;No
24;PINTO;AURGI;PINTO;2026-09-05;32024;W811/80;MANN-FILTER;(0) F.ACEITE HYUNDAI;1.00;12.41;0.6898;3.85;3.85;No
40;VALLECAS;AURGI;MADRID;2026-09-05;33705;0242229630;BOSCH;Bujia antiparasita;-1.00;9.59;0.5297;4.51;-4.51;Si
40;VALLECAS;AURGI;MADRID;2026-09-05;33707;0400241145525;BOSCH;Bujia de encendido;4.00;27.16;0.53;12.77;51.06;No
40;VALLECAS;AURGI;MADRID;2026-09-05;33708;564A10152001;EPM;PLACA MATRICULA LARGA ACRILICA;2.00;9.52;0.2999;6.66;13.33;No
45;ANTONIO LOPEZ;AURGI;MADRID;2026-09-05;25444;003AC1056;AD;FILTROS DE ACEITE;1.00;11.33;0.5499;5.10;5.10;No
45;ANTONIO LOPEZ;AURGI;MADRID;2026-09-05;25454;003HA2043;AD;FILTROS DE HABITACULO;1.00;22.91;0.55;10.31;10.31;No
53;RIVAS;AURGI;RIVAS VACIAMADRID;2026-09-05;38201;0986424364;BOSCH;Pastilla freno;1.00;73.50;0.7101;21.31;21.31;No
54;VILLALBA;AURGI;COLLADO VILLALBA;2026-09-05;63828;0986494914;BOSCH;Pastilla freno;-1.00;100.15;0.71;29.04;-29.04;Si
54;VILLALBA;AURGI;COLLADO VILLALBA;2026-09-05;63828;JB550650;JUNIOR;RESORTE MM.550 Y FUERZA EN NEWTONS;-1.00;21.00;0.4;12.60;-12.60;Si
54;VILLALBA;AURGI;COLLADO VILLALBA;2026-09-05;63828;JB550650;JUNIOR;RESORTE MM.550 Y FUERZA EN NEWTONS;-1.00;21.00;0.4;12.60;-12.60;Si
54;VILLALBA;AURGI;COLLADO VILLALBA;2026-09-05;63828;24390;FEBI BILSTEIN;SUSPENSION, BRAZO OSCILANTE;-2.00;7.68;0.3802;4.76;-9.52;Si
54;VILLALBA;AURGI;COLLADO VILLALBA;2026-09-05;63828;7PK1570;GATES;7PK1570 MV;-1.00;46.78;0.5201;22.45;-22.45;Si
54;VILLALBA;AURGI;COLLADO VILLALBA;2026-09-05;63828;6135983;GIRLING;PASTILLAS DE FRENO;-1.00;83.41;0.73;22.52;-22.52;Si
54;VILLALBA;AURGI;COLLADO VILLALBA;2026-09-05;63828;WK9022;MANN-FILTER;(0) FILTRO COMB. KANGGO/LAGUNA DC;-1.00;61.72;0.6901;19.13;-19.13;Si
54;VILLALBA;AURGI;COLLADO VILLALBA;2026-09-05;63828;C22039;MANN-FILTER;(0) FILTRO AIRE MANN;-1.00;55.94;0.69;17.34;-17.34;Si
54;VILLALBA;AURGI;COLLADO VILLALBA;2026-09-05;63828;102C26280;MANN-FILTER;(0) FILTRO AIRE;-1.00;27.19;0.69;8.43;-8.43;Si
54;VILLALBA;AURGI;COLLADO VILLALBA;2026-09-05;63840;6028083;GIRLING;JGO. DISCOS DE FRENO;1.00;118.68;0.65;41.54;41.54;No
54;VILLALBA;AURGI;COLLADO VILLALBA;2026-09-05;63842;3397006865;BOSCH;Raqueta limpia-cristales;1.00;15.46;0.5498;6.96;6.96;No
56;ALCALA DE HENARES;AURGI;ALCALA DE HENARES;2026-09-05;54362;6133321;GIRLING;PASTILLAS DE FRENO;1.00;52.41;0.73;14.15;14.15;No
56;ALCALA DE HENARES;AURGI;ALCALA DE HENARES;2026-09-05;54362;6062001;GIRLING;JGO. DISCOS DE FRENO;1.00;186.92;0.65;65.42;65.42;No
56;ALCALA DE HENARES;AURGI;ALCALA DE HENARES;2026-09-05;54382;C11007;MANN-FILTER;(0) F. AIRE MANN;1.00;80.41;0.69;24.93;24.93;No
57;ALCOBENDAS;AURGI;ALCOBENDAS;2026-09-05;64642;6042951;GIRLING;JGO. DISCOS DE FRENO;1.00;183.88;0.65;64.36;64.36;No
57;ALCOBENDAS;AURGI;ALCOBENDAS;2026-09-05;64642;6119561;GIRLING;PASTILLAS DE FRENO;1.00;105.62;0.73;28.52;28.52;No
57;ALCOBENDAS;AURGI;ALCOBENDAS;2026-09-05;64645;003AD5781;AD;DISCO DE FRENO AD;2.00;87.62;0.65;30.67;61.33;No
57;ALCOBENDAS;AURGI;ALCOBENDAS;2026-09-05;64645;T;TEXTO;TEXTO;1.00;0;0;0.00;0.00;No
57;ALCOBENDAS;AURGI;ALCOBENDAS;2026-09-05;64646;6042951;GIRLING;JGO. DISCOS DE FRENO;-1.00;183.88;0.65;64.36;-64.36;Si
58;MOSTOLES;AURGI;MOSTOLES;2026-09-05;40740;C24017;MANN-FILTER;(0) FILTRO MANN;1.00;32.31;0.6899;10.02;10.02;No
58;MOSTOLES;AURGI;MOSTOLES;2026-09-05;40758;0986479A21;BOSCH;(1) DISCO DE FRENO;-1.00;168.65;0.6396;60.78;-60.78;Si
58;MOSTOLES;AURGI;MOSTOLES;2026-09-05;40758;0400986460161;BOSCH;Pastilla freno;-1.00;147.30;0.71;42.72;-42.72;Si
58;MOSTOLES;AURGI;MOSTOLES;2026-09-05;40758;6041841;GIRLING;JGO. DISCOS DE FRENO;-1.00;146.06;0.65;51.12;-51.12;Si
58;MOSTOLES;AURGI;MOSTOLES;2026-09-05;40758;6041091;GIRLING;JGO. DISCOS DE FRENO;-1.00;171.54;0.65;60.04;-60.04;Si
58;MOSTOLES;AURGI;MOSTOLES;2026-09-05;40767;6042874;GIRLING;JGO. DISCOS DE FRENO;-1.00;179.66;0.65;62.88;-62.88;Si
58;MOSTOLES;AURGI;MOSTOLES;2026-09-05;40767;6079231;GIRLING;JGO. DISCOS DE FRENO;-1.00;241.92;0.65;84.67;-84.67;Si
58;MOSTOLES;AURGI;MOSTOLES;2026-09-05;40767;6041831;GIRLING;JGO. DISCOS DE FRENO;-1.00;155.72;0.65;54.50;-54.50;Si
58;MOSTOLES;AURGI;MOSTOLES;2026-09-05;40767;6PK1708;GATES;6PK1708 MV;-1.00;35.70;0.5199;17.14;-17.14;Si
58;MOSTOLES;AURGI;MOSTOLES;2026-09-05;40767;6118082;GIRLING;PASTILLAS DE FRENO;-1.00;77.15;0.73;20.83;-20.83;Si
58;MOSTOLES;AURGI;MOSTOLES;2026-09-05;40767;6120162;GIRLING;PASTILLAS DE FRENO;-1.00;52.92;0.73;14.29;-14.29;Si
58;MOSTOLES;AURGI;MOSTOLES;2026-09-05;40767;6118439;GIRLING;PASTILLAS DE FRENO;-1.00;94.56;0.73;25.53;-25.53;Si
58;MOSTOLES;AURGI;MOSTOLES;2026-09-05;40767;W811/80;MANN-FILTER;(0) F.ACEITE HYUNDAI;-1.00;12.19;0.6899;3.78;-3.78;Si
58;MOSTOLES;AURGI;MOSTOLES;2026-09-05;40768;HU719/8x;MANN-FILTER;(0) F.ACEITE VOLVO;1.00;21.19;0.6899;6.57;6.57;No
58;MOSTOLES;AURGI;MOSTOLES;2026-09-05;40770;29637-155230033/PD;MEYLE;(1) DISCO DE FRENO;-2.00;88.38;0.38;54.80;-109.59;Si
61;ALCORCON;AURGI;ALCORCON;2026-09-05;46851;57-01128;TALOSA;SILENT DEL EXT I/D VW PASSAT 05-;2.00;44.44;0.5;22.22;44.44;No
77;ARGANDA DEL REY;AURGI;ARGANDA DEL REY;2026-09-05;38208;6PK1003;GATES;6PK1003 MV;1.00;32.73;0.52;15.71;15.71;No
79;MARQUES DE VADILLO;AURGI;MADRID;2026-09-05;38409;003BC-500;AD;Limpia frenos AD 500ml.;6.00;6.20;0.5;3.10;18.60;No
79;MARQUES DE VADILLO;AURGI;MADRID;2026-09-05;38428;0401987435160;BOSCH;Filtro de habitaculo;-1.00;27.80;0.6;11.12;-11.12;Si
79;MARQUES DE VADILLO;AURGI;MADRID;2026-09-05;38428;040F026407356;BOSCH;Elemento filtro de aceite;-1.00;22.90;0.6799;7.33;-7.33;Si
79;MARQUES DE VADILLO;AURGI;MADRID;2026-09-05;38428;040F026407356;BOSCH;Elemento filtro de aceite;-1.00;22.90;0.6799;7.33;-7.33;Si
79;MARQUES DE VADILLO;AURGI;MADRID;2026-09-05;38428;6318702;GIRLING;CABLE AVISADOR;-1.00;14.26;0.3997;8.56;-8.56;Si
79;MARQUES DE VADILLO;AURGI;MADRID;2026-09-05;38428;102C25129;MANN-FILTER;(0) FILTRO AIRE;-1.00;47.44;0.6899;14.71;-14.71;Si
79;MARQUES DE VADILLO;AURGI;MADRID;2026-09-05;38428;6131308;ALKAR;ES I PEUGEOT 308 (07-13)EL CVTR IM;-1.00;137.15;0.6;54.86;-54.86;Si
190;SANCHINARRO;MOTORTOWN;MADRID;2026-09-06;64667;0451103314;BOSCH;Filtro de aceite;1.00;15.95;0.6803;5.10;5.10;No
190;SANCHINARRO;MOTORTOWN;MADRID;2026-09-06;64669;CUK2641;MANN-FILTER;(*) F.HABIT.AUDI A8;1.00;59.53;0.62;22.62;22.62;No
199;ALCALA DE HENARES;MOTORTOWN;ALCALA DE HENARES;2026-09-06;54395;3397004595;BOSCH;Raqueta limpia-cristales;1.00;16.17;0.5498;7.28;7.28;No
199;ALCALA DE HENARES;MOTORTOWN;ALCALA DE HENARES;2026-09-06;54395;6040361;GIRLING;JGO. DISCOS DE FRENO;1.00;129.90;0.65;45.47;45.47;No
199;ALCALA DE HENARES;MOTORTOWN;ALCALA DE HENARES;2026-09-06;54395;6114192;GIRLING;PASTILLAS DE FRENO;1.00;61.81;0.73;16.69;16.69;No
202;CAMPO DE LAS NACIONES;MOTORTOWN;MADRID;2026-09-06;31816;JB475450;JUNIOR;RESORTE MM.475 Y FUERZA EN NEWTONS;2.00;21.00;0.4;12.60;25.20;No
202;CAMPO DE LAS NACIONES;MOTORTOWN;MADRID;2026-09-06;31817;2857.10;ROADHOUSE;JGO. PAST.BMW 3 (E90) 320/330/335;1.00;121.53;0.705;35.85;35.85;No
202;CAMPO DE LAS NACIONES;MOTORTOWN;MADRID;2026-09-06;31817;6327401;GIRLING;CABLE AVISADOR;1.00;20.24;0.4002;12.14;12.14;No
202;CAMPO DE LAS NACIONES;MOTORTOWN;MADRID;2026-09-06;54406;1987473519;BOSCH;Sonda desgaste p.sbb;-1.00;16.30;0.4503;8.96;-8.96;Si
202;CAMPO DE LAS NACIONES;MOTORTOWN;MADRID;2026-09-06;54406;2857.10;ROADHOUSE;JGO. PAST.BMW 3 (E90) 320/330/335;-1.00;121.53;0.705;35.85;-35.85;Si
202;CAMPO DE LAS NACIONES;MOTORTOWN;MADRID;2026-09-06;54406;JB475450;JUNIOR;RESORTE MM.475 Y FUERZA EN NEWTONS;-2.00;21.00;0.4;12.60;-25.20;Si
154;ALUCHE;AURGI;MADRID;2026-09-07;38507;ADH243105;BLUE PRINT;JGO. DISCOS DE FRENO;1.00;73.73;0;73.73;73.73;No
154;ALUCHE;AURGI;MADRID;2026-09-07;38510;6134464;GIRLING;PASTILLAS DE FRENO;1.00;96.67;0.73;26.10;26.10;No
154;ALUCHE;AURGI;MADRID;2026-09-07;38533;003AD6296;AD;DISCO DE FRENO AD;2.00;74.89;0.65;26.21;52.42;No
154;ALUCHE;AURGI;MADRID;2026-09-07;38586;36047;MEAT & DORIA;INTERRUPTOR DE MARCHA ATRÁS;1.00;17.66;0.1501;15.01;15.01;No
154;ALUCHE;AURGI;MADRID;2026-09-07;38634;564A10152001;EPM;PLACA MATRICULA LARGA ACRILICA;2.00;9.52;0.2999;6.66;13.33;No
190;SANCHINARRO;MOTORTOWN;MADRID;2026-09-07;64685;ADT387210;BLUE PRINT;TERMINAL BARRA DE ACOPLAMIENTO;1.00;25.33;0.2499;19.00;19.00;No
190;SANCHINARRO;MOTORTOWN;MADRID;2026-09-07;64727;C4287/2;MANN-FILTER;(0) F.AIRE SEAT/V;-1.00;34.72;0.6901;10.76;-10.76;Si
190;SANCHINARRO;MOTORTOWN;MADRID;2026-09-07;64727;C4287/1;MANN-FILTER;(0) F.AIRE SEAT/V;-1.00;31.38;0.6899;9.73;-9.73;Si
190;SANCHINARRO;MOTORTOWN;MADRID;2026-09-07;64727;ADBP210019;BLUE PRINT;FILTRO DE ACEITE;-1.00;4.87;0.0801;4.48;-4.48;Si
190;SANCHINARRO;MOTORTOWN;MADRID;2026-09-07;64727;1691;NGK;Bujía automóvil Niquel;-4.00;13.37;0.48;6.95;-27.81;Si
190;SANCHINARRO;MOTORTOWN;MADRID;2026-09-07;64727;0242135580;BOSCH;Bujia antiparasita;-4.00;13.33;0.53;6.27;-25.06;Si
190;SANCHINARRO;MOTORTOWN;MADRID;2026-09-07;64727;W6018;MANN-FILTER;(0) FILTRO MANN;-1.00;21.41;0.6899;6.64;-6.64;Si
190;SANCHINARRO;MOTORTOWN;MADRID;2026-09-07;64727;0986494027;BOSCH;Pastilla freno;-1.00;59.99;0.71;17.40;-17.40;Si
190;SANCHINARRO;MOTORTOWN;MADRID;2026-09-07;64727;102HU5003Z;MANN-FILTER;(0) FILTRO ACEITE;-1.00;21.72;0.6901;6.73;-6.73;Si
190;SANCHINARRO;MOTORTOWN;MADRID;2026-09-07;64727;HU6006z;MANN-FILTER;(0) FILTRO MANN;-1.00;14.06;0.6899;4.36;-4.36;Si
190;SANCHINARRO;MOTORTOWN;MADRID;2026-09-07;64727;C30005;MANN-FILTER;(0) FILTRO AI. LEON/GOLF VII/OCTAV;-1.00;41.72;0.6901;12.93;-12.93;Si
190;SANCHINARRO;MOTORTOWN;MADRID;2026-09-07;64727;C25115;MANN-FILTER;(0) F.AIRE R.MEGANE III/SCENIC;-1.00;28.75;0.6901;8.91;-8.91;Si
190;SANCHINARRO;MOTORTOWN;MADRID;2026-09-07;64727;0986424797;BOSCH;Pastilla freno;-1.00;85.50;0.7101;24.79;-24.79;Si
190;SANCHINARRO;MOTORTOWN;MADRID;2026-09-07;64727;0986479088;BOSCH;JGO. DISCOS DE FRENO;-1.00;242.00;0.6396;87.22;-87.22;Si
190;SANCHINARRO;MOTORTOWN;MADRID;2026-09-07;64727;0986479088;BOSCH;JGO. DISCOS DE FRENO;-1.00;242.00;0.6396;87.22;-87.22;Si
190;SANCHINARRO;MOTORTOWN;MADRID;2026-09-07;64727;3397014422;BOSCH;Juego de raquetas;-1.00;52.51;0.55;23.63;-23.63;Si
190;SANCHINARRO;MOTORTOWN;MADRID;2026-09-07;64736;F026407238;BOSCH;Elemento filtro de aceite;-1.00;36.50;0.68;11.68;-11.68;Si
190;SANCHINARRO;MOTORTOWN;MADRID;2026-09-07;64736;0242135580;BOSCH;Bujia antiparasita;-1.00;13.33;0.5296;6.27;-6.27;Si
190;SANCHINARRO;MOTORTOWN;MADRID;2026-09-07;64739;6042951;GIRLING;JGO. DISCOS DE FRENO;1.00;183.88;0.65;64.36;64.36;No
190;SANCHINARRO;MOTORTOWN;MADRID;2026-09-07;64741;6042951;GIRLING;JGO. DISCOS DE FRENO;-1.00;183.88;0.65;64.36;-64.36;Si
190;SANCHINARRO;MOTORTOWN;MADRID;2026-09-07;64813;HU7012z;MANN-FILTER;(0) FILTRO MANN;1.00;28.19;0.69;8.74;8.74;No
190;SANCHINARRO;MOTORTOWN;MADRID;2026-09-07;64813;C16005;MANN-FILTER;(0) FILTRO AIRE A6/A7;1.00;53.19;0.69;16.49;16.49;No
190;SANCHINARRO;MOTORTOWN;MADRID;2026-09-07;64926;564A01100000;EPM;PLACA MATRICULA LARGA CHAPA;1.00;7.77;0.2497;5.83;5.83;No
190;SANCHINARRO;MOTORTOWN;MADRID;2026-09-07;64926;T;TEXTO;TEXTO;1.00;0;0;0.00;0.00;No
190;SANCHINARRO;MOTORTOWN;MADRID;2026-09-07;65030;CUK2742;MANN-FILTER;(*) F.HABIT.;1.00;32.84;0.62;12.48;12.48;No
190;SANCHINARRO;MOTORTOWN;MADRID;2026-09-07;65030;FP2742;MANN-FILTER;(*) FILTRO HABITAC. MANN;1.00;39.82;0.62;15.13;15.13;No
190;SANCHINARRO;MOTORTOWN;MADRID;2026-09-07;65034;F026407082;BOSCH;Elemento filtro de aceite;-1.00;22.95;0.6802;7.34;-7.34;Si
190;SANCHINARRO;MOTORTOWN;MADRID;2026-09-07;65034;6060721;GIRLING;JGO. DISCOS DE FRENO;-1.00;177.80;0.65;62.23;-62.23;Si
190;SANCHINARRO;MOTORTOWN;MADRID;2026-09-07;65034;6060721;GIRLING;JGO. DISCOS DE FRENO;-1.00;177.80;0.65;62.23;-62.23;Si
190;SANCHINARRO;MOTORTOWN;MADRID;2026-09-07;65034;102H7042Z;MANN-FILTER;(0) FLITROS MANN;-1.00;35.81;0.69;11.10;-11.10;Si
190;SANCHINARRO;MOTORTOWN;MADRID;2026-09-07;65034;W712/52;MANN-FILTER;(0) F.ACEITE;-1.00;15.31;0.6897;4.75;-4.75;Si
190;SANCHINARRO;MOTORTOWN;MADRID;2026-09-07;65034;HU7020z;MANN-FILTER;(0) F. ACEITE MANN;-1.00;19.53;0.6902;6.05;-6.05;Si
190;SANCHINARRO;MOTORTOWN;MADRID;2026-09-07;65034;CU2940;MANN-FILTER;(*) F.HABIT.;-1.00;16.97;0.6199;6.45;-6.45;Si
190;SANCHINARRO;MOTORTOWN;MADRID;2026-09-07;65034;6121161;GIRLING;PASTILLAS DE FRENO;-1.00;108.13;0.73;29.20;-29.20;Si
190;SANCHINARRO;MOTORTOWN;MADRID;2026-09-07;65034;0986424431;BOSCH;Pastilla freno;-1.00;303.20;0.71;87.93;-87.93;Si
190;SANCHINARRO;MOTORTOWN;MADRID;2026-09-07;65034;21690.00;ROADHOUSE;JGO. PAST.  BMW 7 Series (G11, G12);-1.00;244.20;0.705;72.04;-72.04;Si
190;SANCHINARRO;MOTORTOWN;MADRID;2026-09-07;65034;6117892;GIRLING;PASTILLAS DE FRENO;-1.00;77.22;0.73;20.85;-20.85;Si
190;SANCHINARRO;MOTORTOWN;MADRID;2026-09-07;65034;108664;FEBI BILSTEIN;JGO. DISCOS DE FRENO;-1.00;225.39;0.48;117.20;-117.20;Si
190;SANCHINARRO;MOTORTOWN;MADRID;2026-09-07;65034;3397014206;BOSCH;Juego de raquetas;-1.00;53.84;0.55;24.23;-24.23;Si
190;SANCHINARRO;MOTORTOWN;MADRID;2026-09-07;65034;0242240654;BOSCH;Bujia antiparasita;-4.00;27.09;0.53;12.73;-50.93;Si
190;SANCHINARRO;MOTORTOWN;MADRID;2026-09-07;65034;HU711/51x;MANN-FILTER;(0) F.ACEITE CITROEN C4/;-1.00;14.38;0.6898;4.46;-4.46;Si
190;SANCHINARRO;MOTORTOWN;MADRID;2026-09-07;65034;C3875;MANN-FILTER;(0) F.AIRE;-1.00;18.78;0.6901;5.82;-5.82;Si
190;SANCHINARRO;MOTORTOWN;MADRID;2026-09-07;65034;3397004755;BOSCH;Raqueta limpia-cristales;-1.00;10.75;0.5498;4.84;-4.84;Si
190;SANCHINARRO;MOTORTOWN;MADRID;2026-09-07;65034;C5082/2;MANN-FILTER;(0) FILTRO AI.C4/DS3/DS4/P-508;-1.00;30.31;0.6899;9.40;-9.40;Si
190;SANCHINARRO;MOTORTOWN;MADRID;2026-09-07;65034;0401987473618;BOSCH;Sonda desgaste p.sbb;-1.00;24.90;0.4502;13.69;-13.69;Si
190;SANCHINARRO;MOTORTOWN;MADRID;2026-09-07;65048;1987432188;BOSCH;Filtro de habitaculo;1.00;21.65;0.6;8.66;8.66;No
190;SANCHINARRO;MOTORTOWN;MADRID;2026-09-07;65048;1987432537;BOSCH;Filtro habit carbon act;1.00;30.95;0.6;12.38;12.38;No
190;SANCHINARRO;MOTORTOWN;MADRID;2026-09-07;65058;F026407208;BOSCH;Filtro de aceite;1.00;13.77;0.6797;4.41;4.41;No
190;SANCHINARRO;MOTORTOWN;MADRID;2026-09-07;65059;6134749;GIRLING;PASTILLAS DE FRENO;1.00;59.35;0.7301;16.02;16.02;No
190;SANCHINARRO;MOTORTOWN;MADRID;2026-09-07;65059;6134219;GIRLING;PASTILLAS DE FRENO;1.00;63.69;0.7299;17.20;17.20;No
199;ALCALA DE HENARES;MOTORTOWN;ALCALA DE HENARES;2026-09-07;54605;6PK1255;GATES;6PK1255 MV;1.00;34.25;0.52;16.44;16.44;No
199;ALCALA DE HENARES;MOTORTOWN;ALCALA DE HENARES;2026-09-07;54606;F026407124;BOSCH;Filtro de aceite;1.00;15.65;0.6799;5.01;5.01;No
199;ALCALA DE HENARES;MOTORTOWN;ALCALA DE HENARES;2026-09-07;54609;6PK1020EST;GATES;6PK1020EST ESTART BELT;1.00;57.90;0.52;27.79;27.79;No
199;ALCALA DE HENARES;MOTORTOWN;ALCALA DE HENARES;2026-09-07;54723;42-04755;TALOSA;ROTULA DIR IZDA PEUGEOT 208, 12-;1.00;26.10;0.4502;14.35;14.35;No
199;ALCALA DE HENARES;MOTORTOWN;ALCALA DE HENARES;2026-09-07;54723;42-04754;TALOSA;ROTULA DIR DCHA PEUGEOT 208, 12-;1.00;26.10;0.4502;14.35;14.35;No
199;ALCALA DE HENARES;MOTORTOWN;ALCALA DE HENARES;2026-09-07;54723;42-00060;TALOSA;ROT DIR IZDA PEUGEOT 207, 06-;1.00;32.07;0.45;17.64;17.64;No
199;ALCALA DE HENARES;MOTORTOWN;ALCALA DE HENARES;2026-09-07;54723;42-00059;TALOSA;ROT DIR DCHA PEUGEOT 207, 06-;1.00;32.07;0.45;17.64;17.64;No
202;CAMPO DE LAS NACIONES;MOTORTOWN;MADRID;2026-09-07;31824;6333201;GIRLING;CABLE AVISADOR;1.00;16.90;0.4;10.14;10.14;No
202;CAMPO DE LAS NACIONES;MOTORTOWN;MADRID;2026-09-07;31824;6116262;GIRLING;PASTILLAS DE FRENO;1.00;79.90;0.73;21.57;21.57;No
202;CAMPO DE LAS NACIONES;MOTORTOWN;MADRID;2026-09-07;31877;564A01100000;EPM;PLACA MATRICULA LARGA CHAPA;1.00;7.77;0.2497;5.83;5.83;No
202;CAMPO DE LAS NACIONES;MOTORTOWN;MADRID;2026-09-07;31883;450CU20612;BECA CABLES;Combinación Parchetapón, Tallo sume;2.00;25.60;0.05;24.32;48.64;No
204;SAN JOSE DE VALDERAS;MOTORTOWN;ALCORCON;2026-09-07;46883;338759;KYB;Excel-G Logan II Saloon [2013], Log;1.00;86.35;0.48;44.90;44.90;No
204;SAN JOSE DE VALDERAS;MOTORTOWN;ALCORCON;2026-09-07;46963;0863338042;KYB;Excel-G DACIA SANDERO II-F F L/R;1.00;107.34;0.48;55.82;55.82;No
204;SAN JOSE DE VALDERAS;MOTORTOWN;ALCORCON;2026-09-07;47006;SM1528;KYB;SMK Duster (2010), Dokker Mini B F/;1.00;46.00;0.16;38.64;38.64;No
209;SALAMANCA;MOTORTOWN;SALAMANCA;2026-09-07;80943;0250202142;BOSCH;Bujia de espiga;4.00;23.99;0.53;11.28;45.10;No
209;SALAMANCA;MOTORTOWN;SALAMANCA;2026-09-07;81028;ADT32109;BLUE PRINT;FILTRO DE ACEITE;-1.00;3.98;0.0804;3.66;-3.66;Si
209;SALAMANCA;MOTORTOWN;SALAMANCA;2026-09-07;81028;C17013;MANN-FILTER;(0) FILTRO AIRE MANN;-1.00;58.91;0.69;18.26;-18.26;Si
209;SALAMANCA;MOTORTOWN;SALAMANCA;2026-09-07;81028;CU31003;MANN-FILTER;(*) FILTRO HABITAC. MANN;-1.00;38.03;0.62;14.45;-14.45;Si
209;SALAMANCA;MOTORTOWN;SALAMANCA;2026-09-07;81028;1987435590;BOSCH;Filtro habit carbon act;-1.00;61.20;0.6;24.48;-24.48;Si
21;LEGANES;AURGI;LEGANES;2026-09-07;27124;C30004;MANN-FILTER;(0) FILTRO AI. A3/LEON/OCTAVIA TDI;1.00;45.38;0.69;14.07;14.07;No
21;LEGANES;AURGI;LEGANES;2026-09-07;27338;35169;MEAT & DORIA;INTERRUPTOR DE LUCES DE FRENO;1.00;18.47;0.15;15.70;15.70;No
21;LEGANES;AURGI;LEGANES;2026-09-07;27343;1457433532;BOSCH;Cartucho filtrante aire;1.00;26.20;0.6802;8.38;8.38;No
210;POZUELO DE ALARCÓN;MOTORTOWN;POZUELO DE ALARCÓN;2026-09-07;25344;106367;FEBI BILSTEIN;TIRANTE DE UNION CON TUERCAS;1.00;20.43;0.3798;12.67;12.67;No
210;POZUELO DE ALARCÓN;MOTORTOWN;POZUELO DE ALARCÓN;2026-09-07;25387;6047645;GIRLING;(1) DISCO DE FRENO DEL. IZDO.;1.00;222.77;0.65;77.97;77.97;No
210;POZUELO DE ALARCÓN;MOTORTOWN;POZUELO DE ALARCÓN;2026-09-07;25412;6042941;GIRLING;JGO. DISCOS DE FRENO;1.00;154.24;0.65;53.98;53.98;No
210;POZUELO DE ALARCÓN;MOTORTOWN;POZUELO DE ALARCÓN;2026-09-07;25414;003AC1022;AD;FILTROS DE ACEITE;1.00;14.44;0.5499;6.50;6.50;No
210;POZUELO DE ALARCÓN;MOTORTOWN;POZUELO DE ALARCÓN;2026-09-07;25416;6121024;GIRLING;PASTILLAS DE FRENO;1.00;70.60;0.73;19.06;19.06;No
210;POZUELO DE ALARCÓN;MOTORTOWN;POZUELO DE ALARCÓN;2026-09-07;25417;6044691;GIRLING;JGO. DISCOS DE FRENO;1.00;144.76;0.65;50.67;50.67;No
210;POZUELO DE ALARCÓN;MOTORTOWN;POZUELO DE ALARCÓN;2026-09-07;25420;6324201;GIRLING;CABLE AVISADOR;1.00;8.73;0.3998;5.24;5.24;No
210;POZUELO DE ALARCÓN;MOTORTOWN;POZUELO DE ALARCÓN;2026-09-07;25420;6119321;GIRLING;PASTILLAS DE FRENO;1.00;89.84;0.73;24.26;24.26;No
210;POZUELO DE ALARCÓN;MOTORTOWN;POZUELO DE ALARCÓN;2026-09-07;25420;6062625;GIRLING;(1) DISCO DE FRENO;2.00;112.45;0.65;39.36;78.72;No
210;POZUELO DE ALARCÓN;MOTORTOWN;POZUELO DE ALARCÓN;2026-09-07;25439;0986424794;BOSCH;Pastilla freno;-1.00;81.50;0.7101;23.63;-23.63;Si
210;POZUELO DE ALARCÓN;MOTORTOWN;POZUELO DE ALARCÓN;2026-09-07;25439;0986494528;BOSCH;Pastilla freno;-1.00;66.00;0.71;19.14;-19.14;Si
210;POZUELO DE ALARCÓN;MOTORTOWN;POZUELO DE ALARCÓN;2026-09-07;25450;6062625;GIRLING;(1) DISCO DE FRENO;-2.00;112.45;0.65;39.36;-78.72;Si
210;POZUELO DE ALARCÓN;MOTORTOWN;POZUELO DE ALARCÓN;2026-09-07;25450;6324201;GIRLING;CABLE AVISADOR;-1.00;8.73;0.3998;5.24;-5.24;Si
210;POZUELO DE ALARCÓN;MOTORTOWN;POZUELO DE ALARCÓN;2026-09-07;25450;6119321;GIRLING;PASTILLAS DE FRENO;-1.00;89.84;0.73;24.26;-24.26;Si
210;POZUELO DE ALARCÓN;MOTORTOWN;POZUELO DE ALARCÓN;2026-09-07;25451;1987473544;BOSCH;Sonda desgaste p.sbb;1.00;21.05;0.4499;11.58;11.58;No
210;POZUELO DE ALARCÓN;MOTORTOWN;POZUELO DE ALARCÓN;2026-09-07;25453;003AI3060;AD;FILTROS DE AIRE;-1.00;25.64;0.5499;11.54;-11.54;Si
210;POZUELO DE ALARCÓN;MOTORTOWN;POZUELO DE ALARCÓN;2026-09-07;25453;6120632;GIRLING;PASTILLAS DE FRENO;-1.00;77.50;0.7301;20.92;-20.92;Si
210;POZUELO DE ALARCÓN;MOTORTOWN;POZUELO DE ALARCÓN;2026-09-07;25453;6119342;GIRLING;PASTILLAS DE FRENO;-1.00;125.25;0.73;33.82;-33.82;Si
210;POZUELO DE ALARCÓN;MOTORTOWN;POZUELO DE ALARCÓN;2026-09-07;25453;1987474550;BOSCH;Sonda desgaste p.sbb;-1.00;18.95;0.4501;10.42;-10.42;Si
210;POZUELO DE ALARCÓN;MOTORTOWN;POZUELO DE ALARCÓN;2026-09-07;25453;1987429401;BOSCH;Cartucho filtrante aire;-1.00;48.70;0.6801;15.58;-15.58;Si
210;POZUELO DE ALARCÓN;MOTORTOWN;POZUELO DE ALARCÓN;2026-09-07;25453;0986494691;BOSCH;Pastilla freno;-1.00;86.50;0.7101;25.08;-25.08;Si
210;POZUELO DE ALARCÓN;MOTORTOWN;POZUELO DE ALARCÓN;2026-09-07;25467;6320302;GIRLING;CABLE AVISADOR;1.00;14.29;0.4003;8.57;8.57;No
213;EL BERCIAL;MOTORTOWN;GETAFE;2026-09-07;27125;01536;METALCAUCHO;kit fuelle cremallera Peugeot;1.00;8.60;0.4;5.16;5.16;No
213;EL BERCIAL;MOTORTOWN;GETAFE;2026-09-07;27126;01536;METALCAUCHO;kit fuelle cremallera Peugeot;2.00;8.60;0.4;5.16;10.32;No
213;EL BERCIAL;MOTORTOWN;GETAFE;2026-09-07;27127;83780;SPIDAN;FUELLE DE DIRECCION PEUGEOT;2.00;11.85;0.3;8.30;16.59;No
213;EL BERCIAL;MOTORTOWN;GETAFE;2026-09-07;27166;6135627;GIRLING;PASTILLAS DE FRENO;1.00;95.33;0.73;25.74;25.74;No
213;EL BERCIAL;MOTORTOWN;GETAFE;2026-09-07;27181;0242129525;BOSCH;Bujia antiparasita;2.00;25.76;0.5301;12.10;24.21;No
213;EL BERCIAL;MOTORTOWN;GETAFE;2026-09-07;27221;0986461131;BOSCH;Pastilla freno;1.00;50.15;0.7101;14.54;14.54;No
213;EL BERCIAL;MOTORTOWN;GETAFE;2026-09-07;27251;ADR162208;BLUE PRINT;FILTRO DE AIRE;1.00;4.61;0.0803;4.24;4.24;No
213;EL BERCIAL;MOTORTOWN;GETAFE;2026-09-07;27295;29208;FEBI BILSTEIN;TORNILLO DE RUEDA;8.00;2.84;0.3798;1.76;14.09;No
213;EL BERCIAL;MOTORTOWN;GETAFE;2026-09-07;27349;29208;FEBI BILSTEIN;TORNILLO DE RUEDA;12.00;2.84;0.38;1.76;21.13;No
23;SAN SEBASTIAN;AURGI;SS REYES;2026-09-07;64729;003P145183;AD;JGO. PASTILLAS FRENO AD;1.00;54.72;0.5;27.36;27.36;No
23;SAN SEBASTIAN;AURGI;SS REYES;2026-09-07;64857;040F026407357;BOSCH;Filtro de aceite;1.00;11.60;0.6802;3.71;3.71;No
24;PINTO;AURGI;PINTO;2026-09-07;32197;04053;METALCAUCHO;bieleta susp 306-ZX delt.;2.00;21.02;0.4001;12.61;25.22;No
24;PINTO;AURGI;PINTO;2026-09-07;32220;F026402254;BOSCH;Elem. filtr. combustible;1.00;59.50;0.6;23.80;23.80;No
40;VALLECAS;AURGI;MADRID;2026-09-07;33898;6067475;GIRLING;(1) DISCO DE FRENO;2.00;149.53;0.65;52.34;104.67;No
40;VALLECAS;AURGI;MADRID;2026-09-07;33899;1987473548;BOSCH;Sonda desgaste p.sbb;1.00;25.00;0.45;13.75;13.75;No
45;ANTONIO LOPEZ;AURGI;MADRID;2026-09-07;25489;0986479088;BOSCH;JGO. DISCOS DE FRENO;1.00;242.00;0.6396;87.22;87.22;No
45;ANTONIO LOPEZ;AURGI;MADRID;2026-09-07;25489;6119561;GIRLING;PASTILLAS DE FRENO;1.00;105.62;0.73;28.52;28.52;No
45;ANTONIO LOPEZ;AURGI;MADRID;2026-09-07;25496;3397008634;BOSCH;Raqueta limpia-cristales;1.00;11.97;0.5497;5.39;5.39;No
45;ANTONIO LOPEZ;AURGI;MADRID;2026-09-07;25501;040F026400772;BOSCH;Cartucho filtrante aire;1.00;37.80;0.6799;12.10;12.10;No
45;ANTONIO LOPEZ;AURGI;MADRID;2026-09-07;25504;003HA2073;AD;FILTROS DE HABITACULO;1.00;10.90;0.5505;4.90;4.90;No
45;ANTONIO LOPEZ;AURGI;MADRID;2026-09-07;25506;003HA2043;AD;FILTROS DE HABITACULO;1.00;22.91;0.55;10.31;10.31;No
45;ANTONIO LOPEZ;AURGI;MADRID;2026-09-07;25561;7PK1570;GATES;7PK1570 MV;1.00;48.50;0.52;23.28;23.28;No
45;ANTONIO LOPEZ;AURGI;MADRID;2026-09-07;25628;540.08;AD;(72-24) Batería AD Plus S.C./Asiáti;1.00;77.00;0.18;63.14;63.14;No
53;RIVAS;AURGI;RIVAS VACIAMADRID;2026-09-07;17468;6047961;GIRLING;JGO. DISCOS DE FRENO;1.00;137.12;0.65;47.99;47.99;No
53;RIVAS;AURGI;RIVAS VACIAMADRID;2026-09-07;17476;6047961;GIRLING;JGO. DISCOS DE FRENO;1.00;137.12;0.65;47.99;47.99;No
53;RIVAS;AURGI;RIVAS VACIAMADRID;2026-09-07;17484;21589.02;ROADHOUSE;JGO. PASTILLAS FRENO RH;1.00;84.16;0.705;24.83;24.83;No
53;RIVAS;AURGI;RIVAS VACIAMADRID;2026-09-07;17496;6047961;GIRLING;JGO. DISCOS DE FRENO;-1.00;137.12;0.65;47.99;-47.99;Si
53;RIVAS;AURGI;RIVAS VACIAMADRID;2026-09-07;17502;6042571;GIRLING;JGO. DISCOS DE FRENO;1.00;209.58;0.65;73.35;73.35;No
54;VILLALBA;AURGI;COLLADO VILLALBA;2026-09-07;63893;40491;FAE;Interruptor de luz marcha atrás;1.00;12.16;0.3002;8.51;8.51;No
54;VILLALBA;AURGI;COLLADO VILLALBA;2026-09-07;63909;003AI3045;AD;FILTROS DE AIRE;1.00;25.29;0.55;11.38;11.38;No
54;VILLALBA;AURGI;COLLADO VILLALBA;2026-09-07;63930;477GSP-780125;GSP;FUELLE;1.00;9.37;0.2497;7.03;7.03;No
54;VILLALBA;AURGI;COLLADO VILLALBA;2026-09-07;63944;6PK1210;GATES;6PK1210 MV;1.00;31.83;0.5199;15.28;15.28;No
54;VILLALBA;AURGI;COLLADO VILLALBA;2026-09-07;63960;21388.04;ROADHOUSE;JGO. PAST.(T) OPEL INSIGNIA;1.00;63.17;0.7049;18.64;18.64;No
54;VILLALBA;AURGI;COLLADO VILLALBA;2026-09-07;63976;003CO4060;AD;FILTROS DE COMBUSTIBLE;1.00;53.86;0.5499;24.24;24.24;No
54;VILLALBA;AURGI;COLLADO VILLALBA;2026-09-07;64069;50-07490;TALOSA;BIELETA DEL I/D RENAULT CLIO, 91-;1.00;8.17;0.5006;4.08;4.08;No
54;VILLALBA;AURGI;COLLADO VILLALBA;2026-09-07;64074;83847;SPIDAN;FUELLE DE DIRECCION RENAULT;1.00;11.85;0.3004;8.29;8.29;No
54;VILLALBA;AURGI;COLLADO VILLALBA;2026-09-07;64081;50-04422;TALOSA;BIELETA DEL I/D SKODA OCTAVIA 5E3,;1.00;36.04;0.5;18.02;18.02;No
54;VILLALBA;AURGI;COLLADO VILLALBA;2026-09-07;64092;68191;METALCAUCHO;limpiaparabrisas trasero SeatIbiza;1.00;28.53;0.3999;17.12;17.12;No
54;VILLALBA;AURGI;COLLADO VILLALBA;2026-09-07;64168;11297434;NGK;Bujía automóvil Laser Iridium;3.00;23.64;0.48;12.29;36.88;No
54;VILLALBA;AURGI;COLLADO VILLALBA;2026-09-07;64224;50-04422;TALOSA;BIELETA DEL I/D SKODA OCTAVIA 5E3,;1.00;36.04;0.5;18.02;18.02;No
56;ALCALA DE HENARES;AURGI;ALCALA DE HENARES;2026-09-07;54513;39139;METALCAUCHO;tapon llenado de aceite peugeot 200;1.00;7.94;0.4005;4.76;4.76;No
56;ALCALA DE HENARES;AURGI;ALCALA DE HENARES;2026-09-07;54601;95130D;AS;CATALIZADORES TOYOTA RAV4 2.2TC 136;1.00;603.00;0.4;361.80;361.80;No
56;ALCALA DE HENARES;AURGI;ALCALA DE HENARES;2026-09-07;54644;003AD6546;AD;DISCO DE FRENO AD;2.00;106.03;0.65;37.11;74.22;No
56;ALCALA DE HENARES;AURGI;ALCALA DE HENARES;2026-09-07;54683;843654897577;TRATAUTO;"Limpia Interno de Motores ""TRATAUTO";1.00;14.00;0.3;9.80;9.80;No
56;ALCALA DE HENARES;AURGI;ALCALA DE HENARES;2026-09-07;54762;F026407074;BOSCH;Elemento filtro de aceite;1.00;41.60;0.68;13.31;13.31;No
57;ALCOBENDAS;AURGI;ALCOBENDAS;2026-09-07;64831;05683;FEBI BILSTEIN;TORNILLO DE RUEDA;1.00;1.35;0.3778;0.84;0.84;No
57;ALCOBENDAS;AURGI;ALCOBENDAS;2026-09-07;65050;67166540;OSRAM;LAMP. XEN. D5S PK32d-7 12V 25W;1.00;354.28;0.6;141.71;141.71;No
58;MOSTOLES;AURGI;MOSTOLES;2026-09-07;40797;50-04422;TALOSA;BIELETA DEL I/D SKODA OCTAVIA 5E3,;1.00;36.04;0.5;18.02;18.02;No
58;MOSTOLES;AURGI;MOSTOLES;2026-09-07;40925;6061861;GIRLING;JGO. DISCOS DE FRENO;1.00;176.86;0.65;61.90;61.90;No
58;MOSTOLES;AURGI;MOSTOLES;2026-09-07;40925;6120162;GIRLING;PASTILLAS DE FRENO;1.00;52.92;0.73;14.29;14.29;No
58;MOSTOLES;AURGI;MOSTOLES;2026-09-07;40949;154MOF-3279;MDR;FILTRO DE ACEITE;1.00;6.00;0.25;4.50;4.50;No
58;MOSTOLES;AURGI;MOSTOLES;2026-09-07;41008;HU831X;MANN-FILTER;(0) F.ACEITE AUDI/VW;1.00;25.16;0.69;7.80;7.80;No
58;MOSTOLES;AURGI;MOSTOLES;2026-09-07;41010;91121;NGK;Bujía automóvil Laser Iridium;3.00;26.47;0.48;13.76;41.29;No
59;VALDEMORO;AURGI;VALDEMORO;2026-09-07;23715;HU10002z;MANN-FILTER;(0) F. ACEITE MANN;1.00;20.22;0.6899;6.27;6.27;No
59;VALDEMORO;AURGI;VALDEMORO;2026-09-07;23715;C27030;MANN-FILTER;(0) FILTRO AIRE MANN;1.00;27.53;0.6902;8.53;8.53;No
59;VALDEMORO;AURGI;VALDEMORO;2026-09-07;23715;CU22011;MANN-FILTER;(*) F. HABITAC. MANN;1.00;21.05;0.62;8.00;8.00;No
61;ALCORCON;AURGI;ALCORCON;2026-09-07;46903;47861;FEBI BILSTEIN;POLEA DE INVERSION;1.00;52.10;0.3299;34.91;34.91;No
61;ALCORCON;AURGI;ALCORCON;2026-09-07;47075;ADG085179;BLUE PRINT;TIRANTE DE UNION CON TUERCA;1.00;39.94;0.2501;29.95;29.95;No
75;EMILIO MUÑOZ;AURGI;MADRID;2026-09-07;31819;003AD5879;AD;DISCO DE FRENO AD;1.00;51.15;0.65;17.90;17.90;No
75;EMILIO MUÑOZ;AURGI;MADRID;2026-09-07;31891;29208;FEBI BILSTEIN;TORNILLO DE RUEDA;4.00;2.84;0.3803;1.76;7.04;No
75;EMILIO MUÑOZ;AURGI;MADRID;2026-09-07;31892;W7057;MANN-FILTER;(0) F. ACEITE MANN;1.00;21.50;0.6902;6.66;6.66;No
75;EMILIO MUÑOZ;AURGI;MADRID;2026-09-07;31899;6133179;GIRLING;PASTILLAS DE FRENO;1.00;61.92;0.73;16.72;16.72;No
75;EMILIO MUÑOZ;AURGI;MADRID;2026-09-07;31904;003P080183;AD;JGO. PASTILLAS FRENO AD;-1.00;31.25;0.5002;15.62;-15.62;Si
75;EMILIO MUÑOZ;AURGI;MADRID;2026-09-07;31904;003P080159;AD;JGO. PASTILLAS FRENO AD;-1.00;34.91;0.5001;17.45;-17.45;Si
75;EMILIO MUÑOZ;AURGI;MADRID;2026-09-07;31904;003P077159;AD;JGO. PASTILLAS FRENO AD;-1.00;42.50;0.5;21.25;-21.25;Si
75;EMILIO MUÑOZ;AURGI;MADRID;2026-09-07;31904;CU1719;MANN-FILTER;(*) F.HABIT.;-1.00;24.74;0.62;9.40;-9.40;Si
75;EMILIO MUÑOZ;AURGI;MADRID;2026-09-07;31904;003AI3070;AD;FILTROS DE AIRE;-1.00;19.16;0.5501;8.62;-8.62;Si
75;EMILIO MUÑOZ;AURGI;MADRID;2026-09-07;31904;HU8014Z;MANN-FILTER;(0) F. ACEITE MANN;-1.00;21.41;0.6899;6.64;-6.64;Si
75;EMILIO MUÑOZ;AURGI;MADRID;2026-09-07;31904;HU920X;MANN-FILTER;(0) F.ACEITE FORD MONDEO;-1.00;17.66;0.6903;5.47;-5.47;Si
75;EMILIO MUÑOZ;AURGI;MADRID;2026-09-07;31904;003AC1042;AD;FILTROS DE ACEITE;-1.00;10.99;0.5496;4.95;-4.95;Si
75;EMILIO MUÑOZ;AURGI;MADRID;2026-09-07;31904;003AC1026;AD;FILTROS DE ACEITE;-1.00;11.95;0.5498;5.38;-5.38;Si
75;EMILIO MUÑOZ;AURGI;MADRID;2026-09-07;31950;HU822/5x;MANN-FILTER;(0) F.ACEITE HY.GETZ/KIA CARENS;1.00;18.63;0.6897;5.78;5.78;No
75;EMILIO MUÑOZ;AURGI;MADRID;2026-09-07;31958;2971.02;ROADHOUSE;JGO. PAST. TOYOTA COROLLA 97-02;1.00;85.67;0.705;25.27;25.27;No
75;EMILIO MUÑOZ;AURGI;MADRID;2026-09-07;31960;21583.02;ROADHOUSE;JGO. PASTILLAS FRENO RH;1.00;80.74;0.705;23.82;23.82;No
75;EMILIO MUÑOZ;AURGI;MADRID;2026-09-07;31987;0403397014877;BOSCH;Juego de raquetas;1.00;48.82;0.55;21.97;21.97;No
75;EMILIO MUÑOZ;AURGI;MADRID;2026-09-07;32018;003P126185;AD;JGO. PASTILLAS FRENO AD;1.00;69.02;0.5;34.51;34.51;No
76;AVENIDA DE LOS TOREROS;AURGI;MADRID;2026-09-07;19354;42-09694;TALOSA;ROT DIR DCHA IBIZA;1.00;24.32;0.5;12.16;12.16;No
78;OLIAS DEL REY;AURGI;OLÍAS DEL REY;2026-09-07;80360;CU2436;MANN-FILTER;(*) F.HABIT.FORD FIESTA/GALAXY;1.00;27.21;0.62;10.34;10.34;No
78;OLIAS DEL REY;AURGI;OLÍAS DEL REY;2026-09-07;80360;F026407279;BOSCH;Filtro de aceite;1.00;16.70;0.6802;5.34;5.34;No
79;MARQUES DE VADILLO;AURGI;MADRID;2026-09-07;38488;0986424867;BOSCH;Pastilla freno;1.00;119.00;0.71;34.51;34.51;No
79;MARQUES DE VADILLO;AURGI;MADRID;2026-09-07;38608;12088CP;PHILIPS;PR21W 12 21;2.00;6.47;0.5997;2.59;5.18;No
89;LA VAGUADA;AURGI;MADRID;2026-09-07;30419;564A10152001;EPM;PLACA MATRICULA LARGA ACRILICA;1.00;9.52;0.3004;6.66;6.66;No
89;LA VAGUADA;AURGI;MADRID;2026-09-07;30469;003AC1076;AD;FILTROS DE ACEITE;1.00;9.85;0.5503;4.43;4.43;No
89;LA VAGUADA;AURGI;MADRID;2026-09-07;30508;6113301;GIRLING;PASTILLAS DE FRENO;-1.00;45.19;0.73;12.20;-12.20;Si
89;LA VAGUADA;AURGI;MADRID;2026-09-07;30508;1987474551;BOSCH;Sonda desgaste p.sbb;-1.00;18.95;0.4501;10.42;-10.42;Si
89;LA VAGUADA;AURGI;MADRID;2026-09-07;30508;0986479218;BOSCH;JGO. DISCOS DE FRENO;-1.00;213.10;0.6396;76.80;-76.80;Si
154;ALUCHE;AURGI;MADRID;2026-09-08;38717;40730;FAE;Interruptor de luz marcha atrás;1.00;14.31;0.2998;10.02;10.02;No
172;GOYA;MOTORTOWN;MADRID;2026-09-08;19520;0986424364;BOSCH;Pastilla freno;1.00;73.50;0.7101;21.31;21.31;No
172;GOYA;MOTORTOWN;MADRID;2026-09-08;19520;003AD5402;AD;DISCO DE FRENO AD;2.00;56.93;0.65;19.93;39.85;No
174;CASTELLANA;MOTORTOWN;MADRID;2026-09-08;30706;68252;METALCAUCHO;limpiaparabrisas trasero BMW X1;1.00;27.19;0.4001;16.31;16.31;No
190;SANCHINARRO;MOTORTOWN;MADRID;2026-09-08;65063;50-01066;TALOSA;BIELETA DEL TOYOTA COROLLA 07-;2.00;34.55;0.5;17.28;34.55;No
190;SANCHINARRO;MOTORTOWN;MADRID;2026-09-08;65063;ADT387210;BLUE PRINT;TERMINAL BARRA DE ACOPLAMIENTO;1.00;25.33;0.2499;19.00;19.00;No
190;SANCHINARRO;MOTORTOWN;MADRID;2026-09-08;65154;051FDB4380;FERODO;PASTILLA FRENO BMW 5 (F10, F18);1.00;164.30;0.705;48.47;48.47;No
190;SANCHINARRO;MOTORTOWN;MADRID;2026-09-08;65154;1987473500;BOSCH;Sonda desgaste p.sbb;1.00;18.85;0.4499;10.37;10.37;No
190;SANCHINARRO;MOTORTOWN;MADRID;2026-09-08;65166;564A01100000;EPM;PLACA MATRICULA LARGA CHAPA;1.00;7.77;0.2497;5.83;5.83;No
190;SANCHINARRO;MOTORTOWN;MADRID;2026-09-08;65200;564A01100000;EPM;PLACA MATRICULA LARGA CHAPA;1.00;7.77;0.2497;5.83;5.83;No
190;SANCHINARRO;MOTORTOWN;MADRID;2026-09-08;65200;T;TEXTO;TEXTO;1.00;0;0;0.00;0.00;No
190;SANCHINARRO;MOTORTOWN;MADRID;2026-09-08;65317;1457429249;BOSCH;Elemento filtro de aceite;1.00;14.99;0.6798;4.80;4.80;No
190;SANCHINARRO;MOTORTOWN;MADRID;2026-09-08;65356;564A10152001;EPM;PLACA MATRICULA LARGA ACRILICA;1.00;9.52;0.3004;6.66;6.66;No
199;ALCALA DE HENARES;MOTORTOWN;ALCALA DE HENARES;2026-09-08;54895;21580.00;ROADHOUSE;JGO. PASTILLAS FRENO RH;1.00;86.90;0.7049;25.64;25.64;No
199;ALCALA DE HENARES;MOTORTOWN;ALCALA DE HENARES;2026-09-08;54903;0401987473624;BOSCH;Sonda desgaste p.sbb;1.00;20.60;0.45;11.33;11.33;No
199;ALCALA DE HENARES;MOTORTOWN;ALCALA DE HENARES;2026-09-08;54903;21625.08;ROADHOUSE;JGO. PAST. BMW 2;1.00;140.60;0.705;41.48;41.48;No
202;CAMPO DE LAS NACIONES;MOTORTOWN;MADRID;2026-09-08;32094;0092S40001;BOSCH;(72-24) Baterías (12V) S4 44AH 390;1.00;99.00;0.38;61.38;61.38;No
202;CAMPO DE LAS NACIONES;MOTORTOWN;MADRID;2026-09-08;32106;3397004632;BOSCH;Raqueta limpia-cristales;1.00;15.42;0.5499;6.94;6.94;No
202;CAMPO DE LAS NACIONES;MOTORTOWN;MADRID;2026-09-08;32134;C35011;MANN-FILTER;(0) FILTRO AIRE MANN;1.00;30.25;0.6899;9.38;9.38;No
202;CAMPO DE LAS NACIONES;MOTORTOWN;MADRID;2026-09-08;32144;CU23015-2;MANN-FILTER;(*) FILTRO HABITAC. MANN;1.00;62.74;0.62;23.84;23.84;No
202;CAMPO DE LAS NACIONES;MOTORTOWN;MADRID;2026-09-08;32162;0092S40280;BOSCH;(39-13) Baterías (12V) S4 95AH 830;1.00;213.50;0.38;132.37;132.37;No
202;CAMPO DE LAS NACIONES;MOTORTOWN;MADRID;2026-09-08;32210;1987435070;BOSCH;Filtro de habitaculo;-1.00;32.30;0.6;12.92;-12.92;Si
202;CAMPO DE LAS NACIONES;MOTORTOWN;MADRID;2026-09-08;32210;F026403020;BOSCH;Filtro combustible;-1.00;55.00;0.6;22.00;-22.00;Si
202;CAMPO DE LAS NACIONES;MOTORTOWN;MADRID;2026-09-08;32210;6049625;GIRLING;(1) DISCO DE FRENO;-2.00;107.68;0.65;37.69;-75.38;Si
202;CAMPO DE LAS NACIONES;MOTORTOWN;MADRID;2026-09-08;32210;003P164185;AD;JGO. PASTILLAS FRENO AD;-1.00;120.96;0.5;60.48;-60.48;Si
202;CAMPO DE LAS NACIONES;MOTORTOWN;MADRID;2026-09-08;32210;003AC1022;AD;FILTROS DE ACEITE;-1.00;14.44;0.5499;6.50;-6.50;Si
202;CAMPO DE LAS NACIONES;MOTORTOWN;MADRID;2026-09-08;32210;HU7010z;MANN-FILTER;(0) FILTRO AC. DODGE CALIBER;-1.00;21.72;0.6901;6.73;-6.73;Si
202;CAMPO DE LAS NACIONES;MOTORTOWN;MADRID;2026-09-08;32210;HU10002z;MANN-FILTER;(0) F. ACEITE MANN;-1.00;19.84;0.69;6.15;-6.15;Si
202;CAMPO DE LAS NACIONES;MOTORTOWN;MADRID;2026-09-08;32210;W712/83;MANN-FILTER;(0) F.ACEITE LEXUS/TOYOTA CELICA;-1.00;13.91;0.6902;4.31;-4.31;Si
202;CAMPO DE LAS NACIONES;MOTORTOWN;MADRID;2026-09-08;32210;W712/75;MANN-FILTER;(0) F.ACEITE OPEL;-1.00;10.94;0.6901;3.39;-3.39;Si
202;CAMPO DE LAS NACIONES;MOTORTOWN;MADRID;2026-09-08;32210;21387.30;ROADHOUSE;JGO. PAST. ESPACE V;-1.00;68.79;0.705;20.29;-20.29;Si
202;CAMPO DE LAS NACIONES;MOTORTOWN;MADRID;2026-09-08;32210;0986494940;BOSCH;Pastilla freno;-1.00;155.00;0.71;44.95;-44.95;Si
21;LEGANES;AURGI;LEGANES;2026-09-08;27379;003P042159;AD;JGO. PASTILLAS FRENO AD;1.00;30.77;0.5002;15.38;15.38;No
21;LEGANES;AURGI;LEGANES;2026-09-08;27388;CUK2532;MANN-FILTER;(*) FILTRO MANN;1.00;26.42;0.62;10.04;10.04;No
21;LEGANES;AURGI;LEGANES;2026-09-08;27452;ADN12324;BLUE PRINT;FILTRO DE COMBUSTIBLE;1.00;3.28;0.0793;3.02;3.02;No
21;LEGANES;AURGI;LEGANES;2026-09-08;27474;0400986494640;BOSCH;Pastilla freno;-1.00;93.40;0.71;27.09;-27.09;Si
21;LEGANES;AURGI;LEGANES;2026-09-08;27482;003P039130;AD;JGO. PASTILLAS FRENO AD;-1.00;59.56;0.5;29.78;-29.78;Si
21;LEGANES;AURGI;LEGANES;2026-09-08;27482;6015163;GIRLING;JGO. DISCOS DE FRENO;-1.00;97.30;0.6501;34.05;-34.05;Si
21;LEGANES;AURGI;LEGANES;2026-09-08;27483;24544;SPIDAN;C4/DS4/C5/JUMPY/SCUDO/EXPERT/JUMPER;-1.00;30.70;0.3;21.49;-21.49;Si
21;LEGANES;AURGI;LEGANES;2026-09-08;27483;103VKJP3107R;SKF;kit de fuelle de transmision;-1.00;16.55;0.4;9.93;-9.93;Si
21;LEGANES;AURGI;LEGANES;2026-09-08;27483;0986424418;BOSCH;Pastilla freno;-1.00;53.95;0.7099;15.65;-15.65;Si
21;LEGANES;AURGI;LEGANES;2026-09-08;27510;0986494887;BOSCH;Pastilla freno;-1.00;79.25;0.71;22.98;-22.98;Si
21;LEGANES;AURGI;LEGANES;2026-09-08;27510;50-06291;TALOSA;BIELETA REN LAGUNA 01- / OPEL VIVAR;-1.00;31.37;0.5002;15.68;-15.68;Si
21;LEGANES;AURGI;LEGANES;2026-09-08;27510;C24036;MANN-FILTER;(0) F. AIRE MANN;-1.00;30.78;0.6901;9.54;-9.54;Si
21;LEGANES;AURGI;LEGANES;2026-09-08;27510;CU29003-2;MANN-FILTER;(*) F. HABITAC. MANN;-1.00;25.00;0.62;9.50;-9.50;Si
21;LEGANES;AURGI;LEGANES;2026-09-08;27510;CUK26005;MANN-FILTER;(*) FILTRO HABITAC. MEGANE III;-1.00;31.11;0.6201;11.82;-11.82;Si
21;LEGANES;AURGI;LEGANES;2026-09-08;27510;CU26025-2;MANN-FILTER;(*) FILTRO HABITÁCULO MANN;-1.00;19.71;0.62;7.49;-7.49;Si
21;LEGANES;AURGI;LEGANES;2026-09-08;27564;0082606102;ALKAR;SEAT LEON(06-13)/IBIZA(09-15)LF R C;1.00;67.08;0.37;42.26;42.26;No
210;POZUELO DE ALARCÓN;MOTORTOWN;POZUELO DE ALARCÓN;2026-09-08;25484;45536132453961;BMW;;1.00;51.67;0.06;48.57;48.57;No
210;POZUELO DE ALARCÓN;MOTORTOWN;POZUELO DE ALARCÓN;2026-09-08;25499;003AC1020;AD;FILTROS DE ACEITE;1.00;9.99;0.5495;4.50;4.50;No
210;POZUELO DE ALARCÓN;MOTORTOWN;POZUELO DE ALARCÓN;2026-09-08;25543;3397014204;BOSCH;Juego de raquetas;1.00;48.69;0.55;21.91;21.91;No
210;POZUELO DE ALARCÓN;MOTORTOWN;POZUELO DE ALARCÓN;2026-09-08;25553;11713124309;OPEL;;1.00;28.72;0;28.72;28.72;No
210;POZUELO DE ALARCÓN;MOTORTOWN;POZUELO DE ALARCÓN;2026-09-08;25562;0986424767;BOSCH;Pastilla freno;1.00;108.05;0.71;31.33;31.33;No
210;POZUELO DE ALARCÓN;MOTORTOWN;POZUELO DE ALARCÓN;2026-09-08;25562;6320402;GIRLING;CABLE AVISADOR;1.00;15.83;0.3999;9.50;9.50;No
210;POZUELO DE ALARCÓN;MOTORTOWN;POZUELO DE ALARCÓN;2026-09-08;25562;0986494006;BOSCH;Pastilla freno;1.00;89.30;0.71;25.90;25.90;No
210;POZUELO DE ALARCÓN;MOTORTOWN;POZUELO DE ALARCÓN;2026-09-08;25562;6320602;GIRLING;CABLE AVISADOR;1.00;15.83;0.3999;9.50;9.50;No
210;POZUELO DE ALARCÓN;MOTORTOWN;POZUELO DE ALARCÓN;2026-09-08;25566;6047645;GIRLING;(1) DISCO DE FRENO DEL. IZDO.;-1.00;222.77;0.65;77.97;-77.97;Si
210;POZUELO DE ALARCÓN;MOTORTOWN;POZUELO DE ALARCÓN;2026-09-08;25566;6047605;GIRLING;(1) DISCO DE FRENO DEL. DCHO.;-1.00;222.77;0.65;77.97;-77.97;Si
210;POZUELO DE ALARCÓN;MOTORTOWN;POZUELO DE ALARCÓN;2026-09-08;25566;6044875;GIRLING;(1) DISCO DE FRENO;-2.00;146.84;0.65;51.39;-102.79;Si
210;POZUELO DE ALARCÓN;MOTORTOWN;POZUELO DE ALARCÓN;2026-09-08;25568;2633.21;ROADHOUSE;JGO. PAST. AUDI A3/SKODA/VW GOLF IV;1.00;78.47;0.705;23.15;23.15;No
210;POZUELO DE ALARCÓN;MOTORTOWN;POZUELO DE ALARCÓN;2026-09-08;25569;2633.21;ROADHOUSE;JGO. PAST. AUDI A3/SKODA/VW GOLF IV;-1.00;78.47;0.705;23.15;-23.15;Si
210;POZUELO DE ALARCÓN;MOTORTOWN;POZUELO DE ALARCÓN;2026-09-08;25575;W67/1;MANN-FILTER;(0) F.ACEITE MAZDA;1.00;13.84;0.69;4.29;4.29;No
210;POZUELO DE ALARCÓN;MOTORTOWN;POZUELO DE ALARCÓN;2026-09-08;25575;003HA2009;AD;FILTROS DE HABITACULO;1.00;13.30;0.5504;5.98;5.98;No
210;POZUELO DE ALARCÓN;MOTORTOWN;POZUELO DE ALARCÓN;2026-09-08;25611;6121024;GIRLING;PASTILLAS DE FRENO;1.00;70.60;0.73;19.06;19.06;No
210;POZUELO DE ALARCÓN;MOTORTOWN;POZUELO DE ALARCÓN;2026-09-08;25612;0986479348;BOSCH;(1) DISCO DE FRENO;2.00;166.40;0.6396;59.97;119.94;No
210;POZUELO DE ALARCÓN;MOTORTOWN;POZUELO DE ALARCÓN;2026-09-08;25615;21636.00;ROADHOUSE;JGO. PAST. LEXUS NX;1.00;65.35;0.705;19.28;19.28;No
210;POZUELO DE ALARCÓN;MOTORTOWN;POZUELO DE ALARCÓN;2026-09-08;25615;6134849;GIRLING;PASTILLAS DE FRENO;1.00;111.41;0.73;30.08;30.08;No
210;POZUELO DE ALARCÓN;MOTORTOWN;POZUELO DE ALARCÓN;2026-09-08;25615;6062651;GIRLING;JGO. DISCOS DE FRENO;1.00;226.96;0.65;79.44;79.44;No
210;POZUELO DE ALARCÓN;MOTORTOWN;POZUELO DE ALARCÓN;2026-09-08;25652;3397015303;BOSCH;Raqueta limpia-cristales;1.00;16.06;0.5498;7.23;7.23;No
213;EL BERCIAL;MOTORTOWN;GETAFE;2026-09-08;27435;1457429249;BOSCH;Elemento filtro de aceite;1.00;14.99;0.6798;4.80;4.80;No
213;EL BERCIAL;MOTORTOWN;GETAFE;2026-09-08;27435;1457433596;BOSCH;Cartucho filtrante aire;1.00;25.95;0.6802;8.30;8.30;No
213;EL BERCIAL;MOTORTOWN;GETAFE;2026-09-08;27440;27052;FEBI BILSTEIN;TORNILLO DE RUEDA;1.00;30.28;0.3801;18.77;18.77;No
213;EL BERCIAL;MOTORTOWN;GETAFE;2026-09-08;27478;1987432412;BOSCH;Filtro habit carbon act;1.00;32.00;0.6;12.80;12.80;No
213;EL BERCIAL;MOTORTOWN;GETAFE;2026-09-08;27527;6113301;GIRLING;PASTILLAS DE FRENO;1.00;45.19;0.73;12.20;12.20;No
213;EL BERCIAL;MOTORTOWN;GETAFE;2026-09-08;27538;C2742;MANN-FILTER;(0) F.AIRE HYUNDAI ATOS 1.1i;1.00;16.41;0.6898;5.09;5.09;No
23;SAN SEBASTIAN;AURGI;SS REYES;2026-09-08;65262;ADN12546;BLUE PRINT;FILTRO DEL INTERIOR;1.00;9.56;0.0795;8.80;8.80;No
23;SAN SEBASTIAN;AURGI;SS REYES;2026-09-08;65403;21830.00;ROADHOUSE;JGO. PAST. VW. CRAFTER;1.00;100.09;0.705;29.53;29.53;No
24;PINTO;AURGI;PINTO;2026-09-08;32252;50-07844;TALOSA;BIELETA DEL I/D HYUNDAI IX 35, 01/1;-1.00;28.30;0.5;14.15;-14.15;Si
24;PINTO;AURGI;PINTO;2026-09-08;32331;50-08732;TALOSA;BIELETA DEL I/D MB CLASE A W176, 12;2.00;34.37;0.5;17.19;34.37;No
25;LAS ROZAS;AURGI;LAS ROZAS;2026-09-08;78389;ADN12546;BLUE PRINT;FILTRO DEL INTERIOR;1.00;9.56;0.0795;8.80;8.80;No
25;LAS ROZAS;AURGI;LAS ROZAS;2026-09-08;78715;21580.00;ROADHOUSE;JGO. PASTILLAS FRENO RH;1.00;86.90;0.7049;25.64;25.64;No
40;VALLECAS;AURGI;MADRID;2026-09-08;33947;50-06290;TALOSA;BIELETA DEL I/DE RENAULT MEGANE II;2.00;25.18;0.5;12.59;25.18;No
40;VALLECAS;AURGI;MADRID;2026-09-08;33982;564A01100000;EPM;PLACA MATRICULA LARGA CHAPA;1.00;7.77;0.2497;5.83;5.83;No
40;VALLECAS;AURGI;MADRID;2026-09-08;33989;003P080159;AD;JGO. PASTILLAS FRENO AD;1.00;34.91;0.5001;17.45;17.45;No
40;VALLECAS;AURGI;MADRID;2026-09-08;34003;102C26280;MANN-FILTER;(0) FILTRO AIRE;-1.00;27.72;0.6901;8.59;-8.59;Si
40;VALLECAS;AURGI;MADRID;2026-09-08;34003;W712/75;MANN-FILTER;(0) F.ACEITE OPEL;-1.00;10.94;0.6901;3.39;-3.39;Si
40;VALLECAS;AURGI;MADRID;2026-09-08;34003;C3028;MANN-FILTER;(0) F.AIRE DAEWOO;-1.00;20.00;0.69;6.20;-6.20;Si
40;VALLECAS;AURGI;MADRID;2026-09-08;34003;JB400450;JUNIOR;RESORTE MM.400 Y FUERZA EN NEWTONS;-1.00;21.00;0.4;12.60;-12.60;Si
40;VALLECAS;AURGI;MADRID;2026-09-08;34003;50-09965;TALOSA;BIELETA PEUGEOT 206 1998-;-1.00;20.87;0.5002;10.43;-10.43;Si
45;ANTONIO LOPEZ;AURGI;MADRID;2026-09-08;25691;6120802;GIRLING;PASTILLAS DE FRENO;1.00;101.48;0.73;27.40;27.40;No
45;ANTONIO LOPEZ;AURGI;MADRID;2026-09-08;25691;JB500550;JUNIOR;RESORTE MM.500 Y FUERZA EN NEWTONS;2.00;21.00;0.4;12.60;25.20;No
45;ANTONIO LOPEZ;AURGI;MADRID;2026-09-08;25692;276183324;FEBI BILSTEIN;CORREA AUXILIAR;1.00;32.81;0.4301;18.70;18.70;No
45;ANTONIO LOPEZ;AURGI;MADRID;2026-09-08;25695;1987435105;BOSCH;Filtro de habitaculo;1.00;38.90;0.6;15.56;15.56;No
45;ANTONIO LOPEZ;AURGI;MADRID;2026-09-08;25700;HU7046z;MANN-FILTER;(0) FILTRO ACEITE MANN;1.00;23.09;0.6899;7.16;7.16;No
45;ANTONIO LOPEZ;AURGI;MADRID;2026-09-08;25738;003AD5781;AD;DISCO DE FRENO AD;2.00;87.62;0.65;30.67;61.33;No
45;ANTONIO LOPEZ;AURGI;MADRID;2026-09-08;25754;CU2015;MANN-FILTER;(*) F.HABIT.;1.00;28.82;0.6201;10.95;10.95;No
45;ANTONIO LOPEZ;AURGI;MADRID;2026-09-08;25796;21808.12;ROADHOUSE;JGO. PASTILLAS FRENO;1.00;85.29;0.705;25.16;25.16;No
53;RIVAS;AURGI;RIVAS VACIAMADRID;2026-09-08;17584;FD9124355;PRASCO;PILOTO MATRICULA - LED;1.00;27.70;0.33;18.56;18.56;No
54;VILLALBA;AURGI;COLLADO VILLALBA;2026-09-08;64293;24831;SPIDAN;BERLINGO-C2-C3/PARTNER 206-5008 LC;2.00;27.85;0.3;19.50;38.99;No
54;VILLALBA;AURGI;COLLADO VILLALBA;2026-09-08;64350;68276;METALCAUCHO;limpiaparabrisas trasero DaciaLogan;1.00;34.61;0.3999;20.77;20.77;No
54;VILLALBA;AURGI;COLLADO VILLALBA;2026-09-08;64355;01536;METALCAUCHO;kit fuelle cremallera Peugeot;1.00;8.60;0.4;5.16;5.16;No
54;VILLALBA;AURGI;COLLADO VILLALBA;2026-09-08;64366;11412;FEBI BILSTEIN;ARO DE RETENCION;1.00;6.62;0.3807;4.10;4.10;No
54;VILLALBA;AURGI;COLLADO VILLALBA;2026-09-08;64373;C36007KIT;MANN-FILTER;(0) FILTRO MANN;1.00;40.28;0.6899;12.49;12.49;No
54;VILLALBA;AURGI;COLLADO VILLALBA;2026-09-08;64467;6131901;GIRLING;PASTILLAS DE FRENO;1.00;66.55;0.73;17.97;17.97;No
54;VILLALBA;AURGI;COLLADO VILLALBA;2026-09-08;64468;00844;METALCAUCHO;capuchon rotula cremPeug;1.00;12.34;0.4003;7.40;7.40;No
54;VILLALBA;AURGI;COLLADO VILLALBA;2026-09-08;64544;CU25003;MANN-FILTER;(*) FILTRO MANN;1.00;30.45;0.62;11.57;11.57;No
54;VILLALBA;AURGI;COLLADO VILLALBA;2026-09-08;64552;C24042;MANN-FILTER;(0) FILTRO AIRE MANN;1.00;25.47;0.6898;7.90;7.90;No
54;VILLALBA;AURGI;COLLADO VILLALBA;2026-09-08;64552;ADG02161;BLUE PRINT;FILTRO DE ACEITE;1.00;7.30;0.0795;6.72;6.72;No
54;VILLALBA;AURGI;COLLADO VILLALBA;2026-09-08;64609;040F026400705;BOSCH;Cartucho filtrante aire;1.00;27.30;0.6799;8.74;8.74;No
56;ALCALA DE HENARES;AURGI;ALCALA DE HENARES;2026-09-08;54933;276180596;FEBI BILSTEIN;SOPORTE DE MOTOR;1.00;222.03;0.33;148.76;148.76;No
56;ALCALA DE HENARES;AURGI;ALCALA DE HENARES;2026-09-08;55033;38008;FEBI BILSTEIN;TUERCA DE RUEDA;1.00;2.53;0.3794;1.57;1.57;No
56;ALCALA DE HENARES;AURGI;ALCALA DE HENARES;2026-09-08;55044;1457433337;BOSCH;Cartucho filtrante aire;1.00;24.70;0.6802;7.90;7.90;No
56;ALCALA DE HENARES;AURGI;ALCALA DE HENARES;2026-09-08;55064;2987.00;ROADHOUSE;JGO. PAST. NISSAN MICRA 1.2i 16V,1.;1.00;61.39;0.705;18.11;18.11;No
56;ALCALA DE HENARES;AURGI;ALCALA DE HENARES;2026-09-08;55066;0400986494592;BOSCH;Pastilla freno;1.00;65.00;0.71;18.85;18.85;No
58;MOSTOLES;AURGI;MOSTOLES;2026-09-08;41021;G1137;MONROE;ORIGINAL T)DACIA Logan Van+MVL 06-;2.00;89.36;0.425;51.38;102.76;No
58;MOSTOLES;AURGI;MOSTOLES;2026-09-08;41109;3397001909;BOSCH;Juego de raquetas;1.00;45.61;0.5501;20.52;20.52;No
59;VALDEMORO;AURGI;VALDEMORO;2026-09-08;23774;40510;FAE;Interruptor de luz marcha atrás;1.00;9.91;0.2997;6.94;6.94;No
61;ALCORCON;AURGI;ALCORCON;2026-09-08;47140;03342;METALCAUCHO;tapon botella expansion Opel Astra;1.00;8.57;0.4002;5.14;5.14;No
61;ALCORCON;AURGI;ALCORCON;2026-09-08;47184;ADG085179;BLUE PRINT;TIRANTE DE UNION CON TUERCA;1.00;39.94;0.2501;29.95;29.95;No
61;ALCORCON;AURGI;ALCORCON;2026-09-08;47185;ADG085179;BLUE PRINT;TIRANTE DE UNION CON TUERCA;1.00;39.94;0.2501;29.95;29.95;No
61;ALCORCON;AURGI;ALCORCON;2026-09-08;47214;0401987473624;BOSCH;Sonda desgaste p.sbb;1.00;20.60;0.45;11.33;11.33;No
61;ALCORCON;AURGI;ALCORCON;2026-09-08;47276;003P085185;AD;JGO. PASTILLAS FRENO AD;-1.00;58.57;0.5001;29.28;-29.28;Si
61;ALCORCON;AURGI;ALCORCON;2026-09-08;47276;1987435602;BOSCH;Filtro habit carbon act;-1.00;30.30;0.6;12.12;-12.12;Si
61;ALCORCON;AURGI;ALCORCON;2026-09-08;47276;003AC1003;AD;FILTROS DE ACEITE;-3.00;10.33;0.5499;4.65;-13.95;Si
61;ALCORCON;AURGI;ALCORCON;2026-09-08;47276;HU831X;MANN-FILTER;(0) F.ACEITE AUDI/VW;-1.00;24.69;0.6902;7.65;-7.65;Si
61;ALCORCON;AURGI;ALCORCON;2026-09-08;47278;CU2358;MANN-FILTER;(*) F.HABIT.;-1.00;22.76;0.6199;8.65;-8.65;Si
61;ALCORCON;AURGI;ALCORCON;2026-09-08;47278;21302.22;ROADHOUSE;JGO. PASTILLAS FRENO;-1.00;116.57;0.705;34.39;-34.39;Si
61;ALCORCON;AURGI;ALCORCON;2026-09-08;47278;HU8003X;MANN-FILTER;(0) FILTRO COMBUST.RANGE ROVER II;-1.00;28.19;0.69;8.74;-8.74;Si
61;ALCORCON;AURGI;ALCORCON;2026-09-08;47278;CU23019;MANN-FILTER;(*) F. HABITAC. MANN;-1.00;27.34;0.62;10.39;-10.39;Si
61;ALCORCON;AURGI;ALCORCON;2026-09-08;47278;W7032;MANN-FILTER;(0) F. ACEITE MANN;-1.00;20.94;0.6901;6.49;-6.49;Si
61;ALCORCON;AURGI;ALCORCON;2026-09-08;47278;CU24013;MANN-FILTER;(*) FILTRO MANN;-1.00;26.82;0.6201;10.19;-10.19;Si
61;ALCORCON;AURGI;ALCORCON;2026-09-08;47278;1987432597;BOSCH;Filtro habit carbon act;-2.00;29.50;0.6;11.80;-23.60;Si
61;ALCORCON;AURGI;ALCORCON;2026-09-08;47278;C24054;MANN-FILTER;(0) FILTRO AIRE MANN;-1.00;34.06;0.69;10.56;-10.56;Si
61;ALCORCON;AURGI;ALCORCON;2026-09-08;47280;003HA2057;AD;FILTROS DE HABITACULO;-1.00;19.16;0.5501;8.62;-8.62;Si
61;ALCORCON;AURGI;ALCORCON;2026-09-08;47281;0986424021;BOSCH;Pastilla freno;-1.00;65.00;0.71;18.85;-18.85;Si
61;ALCORCON;AURGI;ALCORCON;2026-09-08;47282;57-01128;TALOSA;SILENT DEL EXT I/D VW PASSAT 05-;-2.00;44.44;0.5;22.22;-44.44;Si
75;EMILIO MUÑOZ;AURGI;MADRID;2026-09-08;32039;003AD6546;AD;DISCO DE FRENO AD;2.00;106.03;0.65;37.11;74.22;No
75;EMILIO MUÑOZ;AURGI;MADRID;2026-09-08;32095;21718.00;ROADHOUSE;JGO. PASTILLA DELANTERA DACIA LOGAN;1.00;65.58;0.7049;19.35;19.35;No
75;EMILIO MUÑOZ;AURGI;MADRID;2026-09-08;32175;0986494161;BOSCH;Pastilla freno;1.00;106.10;0.71;30.77;30.77;No
75;EMILIO MUÑOZ;AURGI;MADRID;2026-09-08;32183;6048635;GIRLING;(1) DISCO DE FRENO;2.00;111.87;0.65;39.15;78.31;No
75;EMILIO MUÑOZ;AURGI;MADRID;2026-09-08;32185;003AC1163;AD;FILTROS DE ACEITE;1.00;9.43;0.5504;4.24;4.24;No
75;EMILIO MUÑOZ;AURGI;MADRID;2026-09-08;32185;CU4054;MANN-FILTER;(*) F.HABIT.MERCEDES CL-A/B;1.00;39.55;0.62;15.03;15.03;No
76;AVENIDA DE LOS TOREROS;AURGI;MADRID;2026-09-08;19512;040F026407356;BOSCH;Elemento filtro de aceite;1.00;22.90;0.6799;7.33;7.33;No
78;OLIAS DEL REY;AURGI;OLÍAS DEL REY;2026-09-08;80864;HU7046z;MANN-FILTER;(0) FILTRO ACEITE MANN;1.00;23.09;0.6899;7.16;7.16;No
79;MARQUES DE VADILLO;AURGI;MADRID;2026-09-08;38794;F026402082;BOSCH;Filtro tuberia combust.;1.00;55.10;0.6;22.04;22.04;No
79;MARQUES DE VADILLO;AURGI;MADRID;2026-09-08;38854;21557.00;ROADHOUSE;JGO. PASTILLAS FRENO RH;1.00;86.10;0.705;25.40;25.40;No
89;LA VAGUADA;AURGI;MADRID;2026-09-08;30614;21710.00;ROADHOUSE;JGO. PAST. SEAT LEON;1.00;89.02;0.705;26.26;26.26;No
89;LA VAGUADA;AURGI;MADRID;2026-09-08;30657;W6018;MANN-FILTER;(0) FILTRO MANN;1.00;21.81;0.6901;6.76;6.76;No
89;LA VAGUADA;AURGI;MADRID;2026-09-08;30703;WK8039;MANN-FILTER;(0) FILTRO MANN;1.00;62.91;0.69;19.50;19.50;No
89;LA VAGUADA;AURGI;MADRID;2026-09-08;30717;021ADBP210121;BLUE PRINT;FILTRO DE ACEITE;1.00;8.62;0.08;7.93;7.93;No
89;LA VAGUADA;AURGI;MADRID;2026-09-08;30718;021ADBP210121;BLUE PRINT;FILTRO DE ACEITE;1.00;8.62;0.08;7.93;7.93;No
172;GOYA;MOTORTOWN;MADRID;2026-09-09;19575;3397014156;BOSCH;Juego de raquetas;1.00;65.01;0.5501;29.25;29.25;No
174;CASTELLANA;MOTORTOWN;MADRID;2026-09-09;30892;6118939;GIRLING;PASTILLAS DE FRENO;1.00;71.12;0.73;19.20;19.20;No
174;CASTELLANA;MOTORTOWN;MADRID;2026-09-09;30892;2467;NGK;Bujía automóvil Laser Platinum;4.00;17.88;0.48;9.30;37.19;No
190;SANCHINARRO;MOTORTOWN;MADRID;2026-09-09;65550;0986424797;BOSCH;Pastilla freno;1.00;85.50;0.7101;24.79;24.79;No
190;SANCHINARRO;MOTORTOWN;MADRID;2026-09-09;65550;0986494344;BOSCH;Pastilla freno;1.00;64.35;0.71;18.66;18.66;No
190;SANCHINARRO;MOTORTOWN;MADRID;2026-09-09;65574;0986479058;BOSCH;(1) DISCO DE FRENO;2.00;129.90;0.6396;46.82;93.63;No
190;SANCHINARRO;MOTORTOWN;MADRID;2026-09-09;65612;ADU172533;BLUE PRINT;FILTRO DEL INTERIOR;1.00;11.52;0.0799;10.60;10.60;No
190;SANCHINARRO;MOTORTOWN;MADRID;2026-09-09;65684;040F026407301;BOSCH;Filtro de aceite;1.00;18.50;0.68;5.92;5.92;No
190;SANCHINARRO;MOTORTOWN;MADRID;2026-09-09;65713;1457433004;BOSCH;Cartucho filtrante aire;1.00;27.70;0.6801;8.86;8.86;No
190;SANCHINARRO;MOTORTOWN;MADRID;2026-09-09;65713;1457437003;BOSCH;Elemento filtro de aceite;1.00;17.20;0.6802;5.50;5.50;No
190;SANCHINARRO;MOTORTOWN;MADRID;2026-09-09;65713;1987432361;BOSCH;Filtro habit carbon act;1.00;61.30;0.6;24.52;24.52;No
190;SANCHINARRO;MOTORTOWN;MADRID;2026-09-09;65717;040F026407301;BOSCH;Filtro de aceite;1.00;18.50;0.68;5.92;5.92;No
190;SANCHINARRO;MOTORTOWN;MADRID;2026-09-09;65730;W712/52;MANN-FILTER;(0) F.ACEITE;1.00;15.59;0.6902;4.83;4.83;No
190;SANCHINARRO;MOTORTOWN;MADRID;2026-09-09;65730;C3880;MANN-FILTER;(0) F.AIRE GRUPO VAG 1.4/1.6 16V;1.00;34.88;0.6901;10.81;10.81;No
190;SANCHINARRO;MOTORTOWN;MADRID;2026-09-09;65737;HU10002z;MANN-FILTER;(0) F. ACEITE MANN;1.00;20.22;0.6899;6.27;6.27;No
190;SANCHINARRO;MOTORTOWN;MADRID;2026-09-09;65761;03785;METALCAUCHO;tubo agua PSA 1.6HDi;1.00;63.92;0.4;38.35;38.35;No
190;SANCHINARRO;MOTORTOWN;MADRID;2026-09-09;65769;CU26009;MANN-FILTER;(*) F. HABITAC. MANN;1.00;22.66;0.62;8.61;8.61;No
190;SANCHINARRO;MOTORTOWN;MADRID;2026-09-09;65788;ADF122236;BLUE PRINT;FILTRO DE AIRE;1.00;9.33;0.0804;8.58;8.58;No
190;SANCHINARRO;MOTORTOWN;MADRID;2026-09-09;65788;ADF122528;BLUE PRINT;FILTRO DEL INTERIOR;1.00;6.42;0.0794;5.91;5.91;No
190;SANCHINARRO;MOTORTOWN;MADRID;2026-09-09;65803;0986479C57;BOSCH;JGO. DISCOS DE FRENO;-1.00;226.40;0.6396;81.59;-81.59;Si
190;SANCHINARRO;MOTORTOWN;MADRID;2026-09-09;65803;0986494344;BOSCH;Pastilla freno;-1.00;64.35;0.71;18.66;-18.66;Si
190;SANCHINARRO;MOTORTOWN;MADRID;2026-09-09;65803;0986424797;BOSCH;Pastilla freno;-1.00;85.50;0.7101;24.79;-24.79;Si
190;SANCHINARRO;MOTORTOWN;MADRID;2026-09-09;65803;0986494435;BOSCH;Pastilla freno;-1.00;85.75;0.71;24.87;-24.87;Si
190;SANCHINARRO;MOTORTOWN;MADRID;2026-09-09;65803;6134219;GIRLING;PASTILLAS DE FRENO;-1.00;66.43;0.7299;17.94;-17.94;Si
190;SANCHINARRO;MOTORTOWN;MADRID;2026-09-09;65803;12821810.02;ROADHOUSE;JGO. PAST.MOKKA X (06/12-);-1.00;116.98;0.705;34.51;-34.51;Si
190;SANCHINARRO;MOTORTOWN;MADRID;2026-09-09;65803;F026407147;BOSCH;Elemento filtro de aceite;-1.00;21.95;0.6802;7.02;-7.02;Si
190;SANCHINARRO;MOTORTOWN;MADRID;2026-09-09;65803;1987432188;BOSCH;Filtro de habitaculo;-1.00;21.65;0.6;8.66;-8.66;Si
190;SANCHINARRO;MOTORTOWN;MADRID;2026-09-09;65803;1987432537;BOSCH;Filtro habit carbon act;-1.00;30.95;0.6;12.38;-12.38;Si
190;SANCHINARRO;MOTORTOWN;MADRID;2026-09-09;65803;FP2742;MANN-FILTER;(*) FILTRO HABITAC. MANN;-1.00;39.82;0.62;15.13;-15.13;Si
190;SANCHINARRO;MOTORTOWN;MADRID;2026-09-09;65803;C22035;MANN-FILTER;(0) FILTRO AI. AUDI A1/LEON;-1.00;41.09;0.6899;12.74;-12.74;Si
199;ALCALA DE HENARES;MOTORTOWN;ALCALA DE HENARES;2026-09-09;55475;;INA;Tensor. Correa auxiliar;1.00;119.73;0.45;65.85;65.85;No
199;ALCALA DE HENARES;MOTORTOWN;ALCALA DE HENARES;2026-09-09;55478;3397011430;BOSCH;Raqueta limpia-cristales;1.00;10.72;0.5504;4.82;4.82;No
202;CAMPO DE LAS NACIONES;MOTORTOWN;MADRID;2026-09-09;32288;W610/6;MANN-FILTER;(0) F. AC.CIVIC/JAZZ;1.00;17.19;0.6899;5.33;5.33;No
202;CAMPO DE LAS NACIONES;MOTORTOWN;MADRID;2026-09-09;32330;YBX9027;YUASA;-54- BAT YUASA YBX9027 12V 60Ah EN;1.00;185.39;0.18;152.02;152.02;No
202;CAMPO DE LAS NACIONES;MOTORTOWN;MADRID;2026-09-09;32344;W7057;MANN-FILTER;(0) F. ACEITE MANN;1.00;21.50;0.6902;6.66;6.66;No
202;CAMPO DE LAS NACIONES;MOTORTOWN;MADRID;2026-09-09;32345;C21002;MANN-FILTER;(0) FILTRO AIRE MANN;1.00;30.88;0.6901;9.57;9.57;No
202;CAMPO DE LAS NACIONES;MOTORTOWN;MADRID;2026-09-09;32345;1457429256;BOSCH;Elemento filtro de aceite;1.00;13.60;0.6801;4.35;4.35;No
202;CAMPO DE LAS NACIONES;MOTORTOWN;MADRID;2026-09-09;32347;2970.02;ROADHOUSE;JGO. PAST. MAZDA 6 GG,GY;1.00;96.28;0.705;28.40;28.40;No
204;SAN JOSE DE VALDERAS;MOTORTOWN;ALCORCON;2026-09-09;47365;6063244;GIRLING;JGO. DISCOS DE FRENO;1.00;150.12;0.65;52.54;52.54;No
204;SAN JOSE DE VALDERAS;MOTORTOWN;ALCORCON;2026-09-09;47478;6PK1640;GATES;6PK1640 MV;1.00;37.70;0.5199;18.10;18.10;No
204;SAN JOSE DE VALDERAS;MOTORTOWN;ALCORCON;2026-09-09;47538;C27046;MANN-FILTER;(0) FILTRO AIRE;1.00;33.91;0.6901;10.51;10.51;No
204;SAN JOSE DE VALDERAS;MOTORTOWN;ALCORCON;2026-09-09;47575;C27046;MANN-FILTER;(0) FILTRO AIRE;1.00;33.91;0.6901;10.51;10.51;No
21;LEGANES;AURGI;LEGANES;2026-09-09;27623;C30004;MANN-FILTER;(0) FILTRO AI. A3/LEON/OCTAVIA TDI;-1.00;45.38;0.69;14.07;-14.07;Si
21;LEGANES;AURGI;LEGANES;2026-09-09;27623;35169;MEAT & DORIA;INTERRUPTOR DE LUCES DE FRENO;-1.00;18.47;0.15;15.70;-15.70;Si
210;POZUELO DE ALARCÓN;MOTORTOWN;POZUELO DE ALARCÓN;2026-09-09;25707;6121024;GIRLING;PASTILLAS DE FRENO;-1.00;70.60;0.73;19.06;-19.06;Si
210;POZUELO DE ALARCÓN;MOTORTOWN;POZUELO DE ALARCÓN;2026-09-09;25712;67164219L+;OSRAM;LAMP. HAL. 12V H16 PGJ19-3 12V 19W;1.00;27.10;0.6;10.84;10.84;No
210;POZUELO DE ALARCÓN;MOTORTOWN;POZUELO DE ALARCÓN;2026-09-09;25782;1987474553;BOSCH;Sonda desgaste p.sbb;1.00;6.80;0.45;3.74;3.74;No
210;POZUELO DE ALARCÓN;MOTORTOWN;POZUELO DE ALARCÓN;2026-09-09;25805;21838.00;ROADHOUSE;JGO. PAST. MERCEDES CLA;1.00;81.40;0.705;24.01;24.01;No
213;EL BERCIAL;MOTORTOWN;GETAFE;2026-09-09;27674;6121572;GIRLING;PASTILLAS DE FRENO;1.00;56.00;0.73;15.12;15.12;No
213;EL BERCIAL;MOTORTOWN;GETAFE;2026-09-09;27728;;PURFLUX;FILTER ENGINE OIL LS301 PFX BOX;1.00;15.03;0.6001;6.01;6.01;No
213;EL BERCIAL;MOTORTOWN;GETAFE;2026-09-09;27728;C24054;MANN-FILTER;(0) FILTRO AIRE MANN;1.00;34.72;0.6901;10.76;10.76;No
213;EL BERCIAL;MOTORTOWN;GETAFE;2026-09-09;27728;CU24013;MANN-FILTER;(*) FILTRO MANN;1.00;26.82;0.6201;10.19;10.19;No
213;EL BERCIAL;MOTORTOWN;GETAFE;2026-09-09;27741;103VKBD80009V2;SKF;disco de freno;1.00;43.99;0.4801;22.87;22.87;No
213;EL BERCIAL;MOTORTOWN;GETAFE;2026-09-09;27789;C36003;MANN-FILTER;(0) FILTRO AIRE C4/C5/P207/P308;1.00;34.06;0.69;10.56;10.56;No
213;EL BERCIAL;MOTORTOWN;GETAFE;2026-09-09;27789;HU711/51x;MANN-FILTER;(0) F.ACEITE CITROEN C4/;1.00;14.66;0.6903;4.54;4.54;No
213;EL BERCIAL;MOTORTOWN;GETAFE;2026-09-09;27789;CU29003-2;MANN-FILTER;(*) F. HABITAC. MANN;1.00;25.47;0.6199;9.68;9.68;No
213;EL BERCIAL;MOTORTOWN;GETAFE;2026-09-09;27809;02453;METALCAUCHO;tapón de plástico, cárter de aceite;1.00;5.22;0.4004;3.13;3.13;No
224;TALAVERA;MOTORTOWN;TALAVERA;2026-09-09;29459;003AC1007;AD;FILTROS DE ACEITE;1.00;11.80;0.55;5.31;5.31;No
224;TALAVERA;MOTORTOWN;TALAVERA;2026-09-09;29507;102PU7005/1;MANN-FILTER;(0) FILTRO COMBUSTIBLE MANN;1.00;75.47;0.6899;23.40;23.40;No
224;TALAVERA;MOTORTOWN;TALAVERA;2026-09-09;29507;C21106;MANN-FILTER;(0) F.AIRE FIAT P;1.00;28.66;0.6902;8.88;8.88;No
224;TALAVERA;MOTORTOWN;TALAVERA;2026-09-09;29507;102H7042Z;MANN-FILTER;(0) FLITROS MANN;1.00;35.81;0.69;11.10;11.10;No
224;TALAVERA;MOTORTOWN;TALAVERA;2026-09-09;29507;003HA2011;AD;FILTROS DE HABITACULO;1.00;12.04;0.5498;5.42;5.42;No
25;LAS ROZAS;AURGI;LAS ROZAS;2026-09-09;78813;6049895;GIRLING;(1) DISCO DE FRENO;2.00;112.74;0.65;39.46;78.92;No
40;VALLECAS;AURGI;MADRID;2026-09-09;34182;6118142;GIRLING;PASTILLAS DE FRENO;1.00;109.27;0.73;29.50;29.50;No
40;VALLECAS;AURGI;MADRID;2026-09-09;34218;00667;METALCAUCHO;tapon carter PSA-Renault;1.00;1.67;0.4012;1.00;1.00;No
40;VALLECAS;AURGI;MADRID;2026-09-09;34246;003P080159;AD;JGO. PASTILLAS FRENO AD;-1.00;34.91;0.5001;17.45;-17.45;Si
40;VALLECAS;AURGI;MADRID;2026-09-09;34246;67164176;OSRAM;LAMP. HAL. 12V H15 PGJ23t-1 12V 55/;-1.00;47.90;0.6;19.16;-19.16;Si
40;VALLECAS;AURGI;MADRID;2026-09-09;34246;0698EH188704-121;HELLA;HELLA BUJIA DE ENCENDIDO YTRIUM;-1.00;3.69;0.5312;1.73;-1.73;Si
40;VALLECAS;AURGI;MADRID;2026-09-09;34246;90061;NGK;Bujía automóvil Laser Iridium;-1.00;26.67;0.4799;13.87;-13.87;Si
40;VALLECAS;AURGI;MADRID;2026-09-09;34257;0863440039;KYB;Excel-G R L/R HR-V (RU) [2014];2.00;187.35;0.48;97.42;194.84;No
45;ANTONIO LOPEZ;AURGI;MADRID;2026-09-09;25829;173TH6273.87J;CALORSTAT BY VERNET;Termostato Vernet;1.00;23.48;0.2798;16.91;16.91;No
45;ANTONIO LOPEZ;AURGI;MADRID;2026-09-09;25865;021ADBP420150;BLUE PRINT;JGO PASTILLAS DE FRENO;1.00;29.70;0;29.70;29.70;No
45;ANTONIO LOPEZ;AURGI;MADRID;2026-09-09;25867;ADBP430054;BLUE PRINT;JGO. DISCOS DE FRENO;1.00;82.45;0;82.45;82.45;No
45;ANTONIO LOPEZ;AURGI;MADRID;2026-09-09;25880;835L-1405;SPJ;Cristal con Soporte Jumpy 2016- + i;1.00;46.30;0.6;18.52;18.52;No
45;ANTONIO LOPEZ;AURGI;MADRID;2026-09-09;25913;CU2336;MANN-FILTER;(*) FILTRO HABITACULO MANN;1.00;16.08;0.62;6.11;6.11;No
45;ANTONIO LOPEZ;AURGI;MADRID;2026-09-09;25915;1987435601;BOSCH;Filtro habit carbon act;-1.00;71.00;0.6;28.40;-28.40;Si
45;ANTONIO LOPEZ;AURGI;MADRID;2026-09-09;25915;1987473544;BOSCH;Sonda desgaste p.sbb;-2.00;21.05;0.4501;11.58;-23.15;Si
45;ANTONIO LOPEZ;AURGI;MADRID;2026-09-09;25915;0986494658;BOSCH;Pastilla freno;-1.00;79.95;0.7099;23.19;-23.19;Si
45;ANTONIO LOPEZ;AURGI;MADRID;2026-09-09;25916;1987473544;BOSCH;Sonda desgaste p.sbb;1.00;21.05;0.4499;11.58;11.58;No
45;ANTONIO LOPEZ;AURGI;MADRID;2026-09-09;25935;50-03486;TALOSA;BIELETA DEL I/D CITROEN C4 PICASSO,;1.00;27.99;0.5002;13.99;13.99;No
45;ANTONIO LOPEZ;AURGI;MADRID;2026-09-09;25936;50-03486;TALOSA;BIELETA DEL I/D CITROEN C4 PICASSO,;1.00;27.99;0.5002;13.99;13.99;No
45;ANTONIO LOPEZ;AURGI;MADRID;2026-09-09;25937;50-03486;TALOSA;BIELETA DEL I/D CITROEN C4 PICASSO,;-1.00;27.99;0.5002;13.99;-13.99;Si
45;ANTONIO LOPEZ;AURGI;MADRID;2026-09-09;25949;50-03486;TALOSA;BIELETA DEL I/D CITROEN C4 PICASSO,;1.00;27.99;0.5002;13.99;13.99;No
45;ANTONIO LOPEZ;AURGI;MADRID;2026-09-09;25950;50-03486;TALOSA;BIELETA DEL I/D CITROEN C4 PICASSO,;-1.00;27.99;0.5002;13.99;-13.99;Si
53;RIVAS;AURGI;RIVAS VACIAMADRID;2026-09-09;17612;6321002;GIRLING;CABLE AVISADOR;1.00;23.45;0.4;14.07;14.07;No
53;RIVAS;AURGI;RIVAS VACIAMADRID;2026-09-09;17645;6320702;GIRLING;CABLE AVISADOR;1.00;23.15;0.4;13.89;13.89;No
54;VILLALBA;AURGI;COLLADO VILLALBA;2026-09-09;64631;1987470607;BOSCH;Manguito de guia;1.00;30.10;0.3502;19.56;19.56;No
54;VILLALBA;AURGI;COLLADO VILLALBA;2026-09-09;64696;C2715;MANN-FILTER;(0) F.AIRE TOYOTA;1.00;20.69;0.6902;6.41;6.41;No
54;VILLALBA;AURGI;COLLADO VILLALBA;2026-09-09;64742;CU2436;MANN-FILTER;(*) F.HABIT.FORD FIESTA/GALAXY;1.00;27.21;0.62;10.34;10.34;No
54;VILLALBA;AURGI;COLLADO VILLALBA;2026-09-09;64784;64513;AD;Aflojatodo AD 520ml.;2.00;13.80;0.5;6.90;13.80;No
54;VILLALBA;AURGI;COLLADO VILLALBA;2026-09-09;64792;6116301;GIRLING;PASTILLAS DE FRENO;1.00;71.14;0.73;19.21;19.21;No
54;VILLALBA;AURGI;COLLADO VILLALBA;2026-09-09;64800;6135526;GIRLING;PASTILLAS DE FRENO;1.00;77.94;0.73;21.04;21.04;No
54;VILLALBA;AURGI;COLLADO VILLALBA;2026-09-09;64834;339787;KYB;Excel-G X5 (2007, 2011), X6 (2008);2.00;241.06;0.48;125.35;250.70;No
54;VILLALBA;AURGI;COLLADO VILLALBA;2026-09-09;64834;SM1033;KYB;SMK X5 (E70) [2007], X6 (E71, E7 F;2.00;63.31;0.16;53.18;106.36;No
54;VILLALBA;AURGI;COLLADO VILLALBA;2026-09-09;64931;CUK2532;MANN-FILTER;(*) FILTRO MANN;1.00;26.42;0.62;10.04;10.04;No
54;VILLALBA;AURGI;COLLADO VILLALBA;2026-09-09;64937;08680;METALCAUCHO;mgto calef. 206 TU Sx;1.00;25.73;0.3999;15.44;15.44;No
56;ALCALA DE HENARES;AURGI;ALCALA DE HENARES;2026-09-09;55128;190533092010;PSH;Arranque Toyota 1.8 kw;1.00;125.31;0.37;78.95;78.95;No
56;ALCALA DE HENARES;AURGI;ALCALA DE HENARES;2026-09-09;55154;29208;FEBI BILSTEIN;TORNILLO DE RUEDA;1.00;2.84;0.3803;1.76;1.76;No
56;ALCALA DE HENARES;AURGI;ALCALA DE HENARES;2026-09-09;55236;0986494559;BOSCH;Pastilla freno;1.00;107.10;0.71;31.06;31.06;No
56;ALCALA DE HENARES;AURGI;ALCALA DE HENARES;2026-09-09;55236;0986494768;BOSCH;Pastilla freno;1.00;61.50;0.7101;17.83;17.83;No
56;ALCALA DE HENARES;AURGI;ALCALA DE HENARES;2026-09-09;55408;065KP15705XS;GATES;KP15705XS WATER PUMP KIT GATES;1.00;246.72;0.52;118.43;118.43;No
56;ALCALA DE HENARES;AURGI;ALCALA DE HENARES;2026-09-09;55428;6040641;GIRLING;JGO. DISCOS DE FRENO;-1.00;262.10;0.65;91.74;-91.74;Si
56;ALCALA DE HENARES;AURGI;ALCALA DE HENARES;2026-09-09;55428;12164;FEBI BILSTEIN;SOPORTE, ESTABILIZADOR;-2.00;5.76;0.3802;3.57;-7.14;Si
56;ALCALA DE HENARES;AURGI;ALCALA DE HENARES;2026-09-09;55428;40999;FAE;Interruptor de luz marcha atrás;-1.00;12.26;0.3002;8.58;-8.58;Si
56;ALCALA DE HENARES;AURGI;ALCALA DE HENARES;2026-09-09;55477;40-08234;TALOSA;BRAZO SUSP IZDO CITROEN C3;1.00;113.02;0.5;56.51;56.51;No
57;ALCOBENDAS;AURGI;ALCOBENDAS;2026-09-09;65448;CU2232/1;MANN-FILTER;(*) FILTRO HABITAC. MANN;1.00;28.16;0.62;10.70;10.70;No
57;ALCOBENDAS;AURGI;ALCOBENDAS;2026-09-09;65811;003AC1076;AD;FILTROS DE ACEITE;1.00;9.85;0.5503;4.43;4.43;No
57;ALCOBENDAS;AURGI;ALCOBENDAS;2026-09-09;65814;003HA2120;AD;FILTROS DE HABITACULO;1.00;18.66;0.5498;8.40;8.40;No
58;MOSTOLES;AURGI;MOSTOLES;2026-09-09;41255;6119561;GIRLING;PASTILLAS DE FRENO;1.00;105.62;0.73;28.52;28.52;No
58;MOSTOLES;AURGI;MOSTOLES;2026-09-09;41407;C24026;MANN-FILTER;(0) F. AIRE MANN;1.00;28.34;0.6898;8.79;8.79;No
58;MOSTOLES;AURGI;MOSTOLES;2026-09-09;41410;05212;METALCAUCHO;varilla nivel C2/2071.6HDi;1.00;11.54;0.4003;6.92;6.92;No
58;MOSTOLES;AURGI;MOSTOLES;2026-09-09;41410;04741;METALCAUCHO;varilla aceite Peug 307 1.6HDi;1.00;9.11;0.3996;5.47;5.47;No
59;VALDEMORO;AURGI;VALDEMORO;2026-09-09;23988;C25136;MANN-FILTER;(0) F.AIRE PEUGEO;1.00;24.19;0.69;7.50;7.50;No
59;VALDEMORO;AURGI;VALDEMORO;2026-09-09;24002;0986479S93;BOSCH;JGO. DISCOS DE FRENO;1.00;228.00;0.6396;82.17;82.17;No
59;VALDEMORO;AURGI;VALDEMORO;2026-09-09;24055;6063991;GIRLING;JGO. DISCOS DE FRENO;1.00;158.60;0.65;55.51;55.51;No
61;ALCORCON;AURGI;ALCORCON;2026-09-09;47476;12146CP;PHILIPS;HY21W 12 21;1.00;27.19;0.5999;10.88;10.88;No
61;ALCORCON;AURGI;ALCORCON;2026-09-09;47523;F026407268;BOSCH;Filtro de aceite;1.00;20.90;0.6799;6.69;6.69;No
61;ALCORCON;AURGI;ALCORCON;2026-09-09;47523;843654897249;TRATAUTO;Desengrasante para Circuito de Refr;1.00;20.59;0.3001;14.41;14.41;No
61;ALCORCON;AURGI;ALCORCON;2026-09-09;47523;F026400059;BOSCH;Cartucho filtrante aire;1.00;48.60;0.68;15.55;15.55;No
61;ALCORCON;AURGI;ALCORCON;2026-09-09;47523;1987432065;BOSCH;Filtro de habitaculo;1.00;34.40;0.6;13.76;13.76;No
75;EMILIO MUÑOZ;AURGI;MADRID;2026-09-09;32263;003P099185;AD;JGO. PASTILLAS FRENO AD;1.00;58.68;0.5;29.34;29.34;No
75;EMILIO MUÑOZ;AURGI;MADRID;2026-09-09;32311;086SM1051;KYB;SMK AUDI/SEAT/SKODA/VW GOLF A3-F L/;2.00;66.04;0.16;55.47;110.95;No
75;EMILIO MUÑOZ;AURGI;MADRID;2026-09-09;32343;102C20906;MANN-FILTER;(0) FILTRO AIRE;1.00;28.97;0.69;8.98;8.98;No
76;AVENIDA DE LOS TOREROS;AURGI;MADRID;2026-09-09;19652;3397007115;BOSCH;Juego de raquetas;1.00;45.32;0.5501;20.39;20.39;No
77;ARGANDA DEL REY;AURGI;ARGANDA DEL REY;2026-09-09;38610;003475/1;AD;1 Esc. AD 465 mm;1.00;11.45;0.5502;5.15;5.15;No
77;ARGANDA DEL REY;AURGI;ARGANDA DEL REY;2026-09-09;38637;94051;NGK;Bujía automóvil Laser Iridium;4.00;27.77;0.48;14.44;57.76;No
77;ARGANDA DEL REY;AURGI;ARGANDA DEL REY;2026-09-09;38732;0966243794090;LUK;RepSet SAC;1.00;485.21;0.45;266.87;266.87;No
77;ARGANDA DEL REY;AURGI;ARGANDA DEL REY;2026-09-09;38786;0986494804;BOSCH;Pastilla freno;1.00;83.75;0.71;24.29;24.29;No
77;ARGANDA DEL REY;AURGI;ARGANDA DEL REY;2026-09-09;38833;21392.10;ROADHOUSE;JGO. PAST. CITROEN C3/PICASSO;1.00;91.47;0.705;26.98;26.98;No
77;ARGANDA DEL REY;AURGI;ARGANDA DEL REY;2026-09-09;38837;3397014421;BOSCH;Juego de raquetas;1.00;43.54;0.5501;19.59;19.59;No
78;OLIAS DEL REY;AURGI;OLÍAS DEL REY;2026-09-09;81164;ADBP210033;BLUE PRINT;FILTRO ACEITE CON ARO;1.00;4.37;0.0801;4.02;4.02;No
78;OLIAS DEL REY;AURGI;OLÍAS DEL REY;2026-09-09;81165;ADBP210033;BLUE PRINT;FILTRO ACEITE CON ARO;1.00;4.37;0.0801;4.02;4.02;No
78;OLIAS DEL REY;AURGI;OLÍAS DEL REY;2026-09-09;81231;0572366472;FORD;;1.00;26.18;0;26.18;26.18;No
78;OLIAS DEL REY;AURGI;OLÍAS DEL REY;2026-09-09;81291;PU7013KIT;MANN-FILTER;(0) FILTRO COMBUSTIBLE;1.00;97.75;0.69;30.30;30.30;No
78;OLIAS DEL REY;AURGI;OLÍAS DEL REY;2026-09-09;81297;0986494435;BOSCH;Pastilla freno;1.00;85.75;0.71;24.87;24.87;No
78;OLIAS DEL REY;AURGI;OLÍAS DEL REY;2026-09-09;81354;HU7046z;MANN-FILTER;(0) FILTRO ACEITE MANN;1.00;23.09;0.6899;7.16;7.16;No
79;MARQUES DE VADILLO;AURGI;MADRID;2026-09-09;39054;3397014156;BOSCH;Juego de raquetas;1.00;65.01;0.5501;29.25;29.25;No
79;MARQUES DE VADILLO;AURGI;MADRID;2026-09-09;39131;;INA;Tensor. Correa auxiliar;1.00;66.56;0.45;36.61;36.61;No
89;LA VAGUADA;AURGI;MADRID;2026-09-09;30790;564A10152001;EPM;PLACA MATRICULA LARGA ACRILICA;2.00;9.52;0.2999;6.66;13.33;No
154;ALUCHE;AURGI;MADRID;2026-09-10;39183;003AD5718;AD;DISCO DE FRENO AD;2.00;76.69;0.65;26.84;53.68;No
154;ALUCHE;AURGI;MADRID;2026-09-10;39224;0698EH188706-781;HELLA;HELLA BUJIA DE ENCENDIDO YRIDIUM PR;4.00;19.18;0.53;9.01;36.06;No
154;ALUCHE;AURGI;MADRID;2026-09-10;39229;6041801;GIRLING;JGO. DISCOS DE FRENO;1.00;168.16;0.65;58.86;58.86;No
154;ALUCHE;AURGI;MADRID;2026-09-10;39229;6316402;GIRLING;CABLE AVISADOR;1.00;4.87;0.4004;2.92;2.92;No
154;ALUCHE;AURGI;MADRID;2026-09-10;39235;W7015;MANN-FILTER;(0) FILTRO MANN;1.00;16.72;0.6902;5.18;5.18;No
172;GOYA;MOTORTOWN;MADRID;2026-09-10;19680;0986479624;BOSCH;(1) DISCO DE FRENO;2.00;204.25;0.6396;73.61;147.22;No
172;GOYA;MOTORTOWN;MADRID;2026-09-10;19680;0986494191;BOSCH;Pastilla freno;1.00;158.10;0.71;45.85;45.85;No
172;GOYA;MOTORTOWN;MADRID;2026-09-10;19680;1987473520;BOSCH;Sonda desgaste p.sbb;1.00;22.05;0.4499;12.13;12.13;No
172;GOYA;MOTORTOWN;MADRID;2026-09-10;19695;2986.00;ROADHOUSE;JGO. PAST. DAEWOO;1.00;63.51;0.7049;18.74;18.74;No
172;GOYA;MOTORTOWN;MADRID;2026-09-10;19698;21516.00;ROADHOUSE;JGO. PASTILLAS FRENO;1.00;71.71;0.7051;21.15;21.15;No
172;GOYA;MOTORTOWN;MADRID;2026-09-10;19705;2645.22;ROADHOUSE;JGO. PAST. DAEWOO NUBIRA 1.6i,1.8i;-1.00;66.27;0.705;19.55;-19.55;Si
174;CASTELLANA;MOTORTOWN;MADRID;2026-09-10;31002;6063991;GIRLING;JGO. DISCOS DE FRENO;1.00;158.60;0.65;55.51;55.51;No
190;SANCHINARRO;MOTORTOWN;MADRID;2026-09-10;65985;C2245;MANN-FILTER;(0) F.AIRE MINI C;1.00;25.00;0.69;7.75;7.75;No
190;SANCHINARRO;MOTORTOWN;MADRID;2026-09-10;66007;1457433004;BOSCH;Cartucho filtrante aire;1.00;27.70;0.6801;8.86;8.86;No
202;CAMPO DE LAS NACIONES;MOTORTOWN;MADRID;2026-09-10;32440;12821885.00;ROADHOUSE;JGO. PAST.FORD;1.00;99.67;0.705;29.40;29.40;No
202;CAMPO DE LAS NACIONES;MOTORTOWN;MADRID;2026-09-10;32442;1987473069;BOSCH;Sonda desgaste p.sbb;1.00;17.00;0.45;9.35;9.35;No
202;CAMPO DE LAS NACIONES;MOTORTOWN;MADRID;2026-09-10;32466;47-08226;TALOSA;ROTULA SUSP CITROEN C3 C/KIT;1.00;25.76;0.5501;11.59;11.59;No
209;SALAMANCA;MOTORTOWN;SALAMANCA;2026-09-10;82075;0092S4E081;BOSCH;(48-16) Baterías (12V) S4E 70AH 760;1.00;212.75;0.38;131.91;131.91;No
210;POZUELO DE ALARCÓN;MOTORTOWN;POZUELO DE ALARCÓN;2026-09-10;25867;50-01269;TALOSA;BIELETA DEL FORD FIESTA 08- ALUM;2.00;26.79;0.5;13.40;26.79;No
210;POZUELO DE ALARCÓN;MOTORTOWN;POZUELO DE ALARCÓN;2026-09-10;25868;6118939;GIRLING;PASTILLAS DE FRENO;1.00;71.12;0.73;19.20;19.20;No
210;POZUELO DE ALARCÓN;MOTORTOWN;POZUELO DE ALARCÓN;2026-09-10;25869;040F026407356;BOSCH;Elemento filtro de aceite;1.00;22.90;0.6799;7.33;7.33;No
210;POZUELO DE ALARCÓN;MOTORTOWN;POZUELO DE ALARCÓN;2026-09-10;25872;102C27079;MANN-FILTER;(0) FLITROS MANN;1.00;28.66;0.6902;8.88;8.88;No
210;POZUELO DE ALARCÓN;MOTORTOWN;POZUELO DE ALARCÓN;2026-09-10;25895;107514;FEBI BILSTEIN;JGO. DISCOS DE FRENO;1.00;162.51;0.48;84.51;84.51;No
210;POZUELO DE ALARCÓN;MOTORTOWN;POZUELO DE ALARCÓN;2026-09-10;25905;6132949;GIRLING;PASTILLAS DE FRENO;1.00;50.94;0.7301;13.75;13.75;No
210;POZUELO DE ALARCÓN;MOTORTOWN;POZUELO DE ALARCÓN;2026-09-10;25910;003P028179;AD;JGO. PASTILLAS FRENO AD;1.00;50.77;0.5001;25.38;25.38;No
210;POZUELO DE ALARCÓN;MOTORTOWN;POZUELO DE ALARCÓN;2026-09-10;25923;3397014242;BOSCH;Juego de raquetas;1.00;59.52;0.5501;26.78;26.78;No
213;EL BERCIAL;MOTORTOWN;GETAFE;2026-09-10;27869;12821874.00;ROADHOUSE;JGO. PAST.4 Coupé (G22, G82) (11/20;1.00;105.68;0.705;31.18;31.18;No
213;EL BERCIAL;MOTORTOWN;GETAFE;2026-09-10;27885;50-09299;TALOSA;BIELETA DEL FOCUS C-MAX;-2.00;24.54;0.5;12.27;-24.54;Si
213;EL BERCIAL;MOTORTOWN;GETAFE;2026-09-10;27885;0986494660;BOSCH;Pastilla freno;-1.00;112.00;0.71;32.48;-32.48;Si
213;EL BERCIAL;MOTORTOWN;GETAFE;2026-09-10;27885;0401987473624;BOSCH;Sonda desgaste p.sbb;-1.00;20.60;0.45;11.33;-11.33;Si
213;EL BERCIAL;MOTORTOWN;GETAFE;2026-09-10;27885;11195;METALCAUCHO;kit fuelle transmision FORD TRANSIT;-1.00;24.48;0.3999;14.69;-14.69;Si
213;EL BERCIAL;MOTORTOWN;GETAFE;2026-09-10;27885;05941;METALCAUCHO;bieleta barra estbl Focus-II;-2.00;27.15;0.4;16.29;-32.58;Si
213;EL BERCIAL;MOTORTOWN;GETAFE;2026-09-10;27885;0986494721;BOSCH;Pastilla freno;-1.00;112.00;0.71;32.48;-32.48;Si
213;EL BERCIAL;MOTORTOWN;GETAFE;2026-09-10;27885;0242129525;BOSCH;Bujia antiparasita;-2.00;25.76;0.5301;12.10;-24.21;Si
213;EL BERCIAL;MOTORTOWN;GETAFE;2026-09-10;27885;0242129525;BOSCH;Bujia antiparasita;-2.00;25.76;0.5301;12.10;-24.21;Si
213;EL BERCIAL;MOTORTOWN;GETAFE;2026-09-10;27885;F026400379;BOSCH;Cartucho filtrante aire;-1.00;54.95;0.6801;17.58;-17.58;Si
213;EL BERCIAL;MOTORTOWN;GETAFE;2026-09-10;27885;107463;FEBI BILSTEIN;BOMBA DE AGUA DE LAVADO;-1.00;14.94;0.3802;9.26;-9.26;Si
213;EL BERCIAL;MOTORTOWN;GETAFE;2026-09-10;27885;21481.02;ROADHOUSE;JGO. PASTILLAS FRENO;-1.00;98.50;0.705;29.06;-29.06;Si
213;EL BERCIAL;MOTORTOWN;GETAFE;2026-09-10;27885;HU711/51x;MANN-FILTER;(0) F.ACEITE CITROEN C4/;-1.00;14.66;0.6903;4.54;-4.54;Si
213;EL BERCIAL;MOTORTOWN;GETAFE;2026-09-10;27893;0400241145525;BOSCH;Bujia de encendido;-1.00;27.16;0.5298;12.77;-12.77;Si
213;EL BERCIAL;MOTORTOWN;GETAFE;2026-09-10;27953;F026407160;BOSCH;Filtro de aceite;1.00;15.70;0.6803;5.02;5.02;No
213;EL BERCIAL;MOTORTOWN;GETAFE;2026-09-10;27953;1987435019;BOSCH;Filtro de habitaculo;1.00;27.30;0.6;10.92;10.92;No
213;EL BERCIAL;MOTORTOWN;GETAFE;2026-09-10;27956;0400986479F32;BOSCH;JGO. DISCOS DE FRENO;-1.00;199.00;0.6396;71.72;-71.72;Si
213;EL BERCIAL;MOTORTOWN;GETAFE;2026-09-10;27956;C32108;MANN-FILTER;(0) F.AIRE CITROE;-1.00;26.41;0.6899;8.19;-8.19;Si
213;EL BERCIAL;MOTORTOWN;GETAFE;2026-09-10;27956;CUK2742;MANN-FILTER;(*) F.HABIT.;-1.00;32.24;0.62;12.25;-12.25;Si
224;TALAVERA;MOTORTOWN;TALAVERA;2026-09-10;29603;6067311;GIRLING;JGO. DISCOS DE FRENO;1.00;212.40;0.65;74.34;74.34;No
224;TALAVERA;MOTORTOWN;TALAVERA;2026-09-10;29603;6135926;GIRLING;PASTILLAS DE FRENO;1.00;77.51;0.73;20.93;20.93;No
23;SAN SEBASTIAN;AURGI;SS REYES;2026-09-10;66005;3397007187;BOSCH;Juego de raquetas;1.00;45.67;0.55;20.55;20.55;No
40;VALLECAS;AURGI;MADRID;2026-09-10;34341;564A01100000;EPM;PLACA MATRICULA LARGA CHAPA;1.00;7.77;0.2497;5.83;5.83;No
45;ANTONIO LOPEZ;AURGI;MADRID;2026-09-10;26006;39215;METALCAUCHO;tornillo de rueda Toyota Auris;1.00;3.87;0.4005;2.32;2.32;No
45;ANTONIO LOPEZ;AURGI;MADRID;2026-09-10;26008;W719/36;MANN-FILTER;(0) F.ACEITE JAGUAR;1.00;18.16;0.69;5.63;5.63;No
45;ANTONIO LOPEZ;AURGI;MADRID;2026-09-10;26021;NPC100-12;YUASA;-28- BAT YUASA;1.00;452.76;0.18;371.26;371.26;No
45;ANTONIO LOPEZ;AURGI;MADRID;2026-09-10;26025;37600;FEBI BILSTEIN;TAPA DE RADIADOR;1.00;6.46;0.3793;4.01;4.01;No
45;ANTONIO LOPEZ;AURGI;MADRID;2026-09-10;26027;C27192/1;MANN-FILTER;(0) F.AIRE;1.00;34.88;0.6901;10.81;10.81;No
53;RIVAS;AURGI;RIVAS VACIAMADRID;2026-09-10;17725;44949;FEBI BILSTEIN;TUERCA DE RUEDA;1.00;5.32;0.3797;3.30;3.30;No
54;VILLALBA;AURGI;COLLADO VILLALBA;2026-09-10;64998;003HA2003;AD;FILTROS DE HABITACULO;1.00;11.25;0.5502;5.06;5.06;No
54;VILLALBA;AURGI;COLLADO VILLALBA;2026-09-10;65010;7PK1570;GATES;7PK1570 MV;1.00;48.50;0.52;23.28;23.28;No
54;VILLALBA;AURGI;COLLADO VILLALBA;2026-09-10;65078;6PK1070;GATES;6PK1070 MV;1.00;28.60;0.5199;13.73;13.73;No
54;VILLALBA;AURGI;COLLADO VILLALBA;2026-09-10;65085;003HA2003;AD;FILTROS DE HABITACULO;1.00;11.25;0.5502;5.06;5.06;No
54;VILLALBA;AURGI;COLLADO VILLALBA;2026-09-10;65113;6065341;GIRLING;JGO. DISCOS DE FRENO;1.00;150.60;0.65;52.71;52.71;No
56;ALCALA DE HENARES;AURGI;ALCALA DE HENARES;2026-09-10;55498;G8618;MONROE;ORIGINAL AM SHOCK ABSORBER;1.00;146.47;0.425;84.22;84.22;No
56;ALCALA DE HENARES;AURGI;ALCALA DE HENARES;2026-09-10;55527;W811/80;MANN-FILTER;(0) F.ACEITE HYUNDAI;1.00;12.41;0.6898;3.85;3.85;No
56;ALCALA DE HENARES;AURGI;ALCALA DE HENARES;2026-09-10;55527;C2029;MANN-FILTER;(0) F.AIRE HYUNDA;1.00;23.88;0.6901;7.40;7.40;No
56;ALCALA DE HENARES;AURGI;ALCALA DE HENARES;2026-09-10;55527;CU2532;MANN-FILTER;(*) FILTRO HABITACULO MANN;1.00;19.32;0.6201;7.34;7.34;No
56;ALCALA DE HENARES;AURGI;ALCALA DE HENARES;2026-09-10;55530;003AD6546;AD;DISCO DE FRENO AD;2.00;106.03;0.65;37.11;74.22;No
56;ALCALA DE HENARES;AURGI;ALCALA DE HENARES;2026-09-10;55531;40-08235;TALOSA;BRAZO SUSP DCHO CITROEN C3;1.00;113.02;0.5;56.51;56.51;No
57;ALCOBENDAS;AURGI;ALCOBENDAS;2026-09-10;65899;1987473548;BOSCH;Sonda desgaste p.sbb;1.00;25.00;0.45;13.75;13.75;No
58;MOSTOLES;AURGI;MOSTOLES;2026-09-10;41493;0986494027;BOSCH;Pastilla freno;1.00;59.99;0.71;17.40;17.40;No
58;MOSTOLES;AURGI;MOSTOLES;2026-09-10;41507;CU1919;MANN-FILTER;(*) F.HABIT.;1.00;16.76;0.6199;6.37;6.37;No
58;MOSTOLES;AURGI;MOSTOLES;2026-09-10;41507;C27013;MANN-FILTER;(0) FILTRO AI. TOYOTA AURIS/VERSO;1.00;40.13;0.69;12.44;12.44;No
58;MOSTOLES;AURGI;MOSTOLES;2026-09-10;41508;HU7019z;MANN-FILTER;(0) FILTRO MANN;1.00;15.59;0.6902;4.83;4.83;No
58;MOSTOLES;AURGI;MOSTOLES;2026-09-10;41520;W920/48;MANN-FILTER;(0) F.ACEITE NISSAN ALMERA;1.00;19.91;0.6901;6.17;6.17;No
61;ALCORCON;AURGI;ALCORCON;2026-09-10;47676;0450906426;BOSCH;Filtro tuberia combust.;1.00;54.00;0.6;21.60;21.60;No
75;EMILIO MUÑOZ;AURGI;MADRID;2026-09-10;32457;W917;MANN-FILTER;(0) F.ACEITE OPEL,VOLVO;1.00;14.34;0.6897;4.45;4.45;No
77;ARGANDA DEL REY;AURGI;ARGANDA DEL REY;2026-09-10;38913;003AD5911;AD;DISCO DE FRENO AD;2.00;73.29;0.65;25.65;51.30;No
78;OLIAS DEL REY;AURGI;OLÍAS DEL REY;2026-09-10;81446;0986494435;BOSCH;Pastilla freno;1.00;85.75;0.71;24.87;24.87;No
79;MARQUES DE VADILLO;AURGI;MADRID;2026-09-10;39165;;INA;Tensor. Correa auxiliar;1.00;146.67;0.45;80.67;80.67;No
79;MARQUES DE VADILLO;AURGI;MADRID;2026-09-10;39232;3397008931;BOSCH;Raqueta limpia-cristales;1.00;16.63;0.5502;7.48;7.48;No
79;MARQUES DE VADILLO;AURGI;MADRID;2026-09-10;39246;3397011814;BOSCH;Raqueta limpia-cristales;1.00;9.31;0.5499;4.19;4.19;No
79;MARQUES DE VADILLO;AURGI;MADRID;2026-09-10;39246;3397011630;BOSCH;Raqueta limpia-cristales;1.00;9.53;0.5498;4.29;4.29;No
89;LA VAGUADA;AURGI;MADRID;2026-09-10;30957;6067445;GIRLING;(1) DISCO DE FRENO;2.00;128.21;0.65;44.87;89.75;No
89;LA VAGUADA;AURGI;MADRID;2026-09-10;30981;133460206231R;RENAULT;;1.00;20.04;0;20.04;20.04;No
